/* Generated by lv_font_conv 1.5.3; do not edit. */
/*******************************************************************************
 * Size: 26 px
 * Bpp: 4
 * Opts: --bpp 4 --no-compress --no-prefilter --format lvgl --lv-include lvgl.h --lv-font-name zk_font_alfa_26 --font fonts/AlfaSlabOne-Regular.ttf --size 26 --range 0x20-0x7E,0xB7,0x2013,0x2026 -o generated/zk_font_alfa_26.c
 ******************************************************************************/

#ifdef LV_LVGL_H_INCLUDE_SIMPLE
#include "lvgl.h"
#else
#include "lvgl.h"
#endif

#ifndef ZK_FONT_ALFA_26
#define ZK_FONT_ALFA_26 1
#endif

#if ZK_FONT_ALFA_26

/*-----------------
 *    BITMAPS
 *----------------*/

/*Store the image of the glyphs*/
static LV_ATTRIBUTE_LARGE_CONST const uint8_t glyph_bitmap[] = {
    /* U+0020 " " */

    /* U+0021 "!" */
    0x7f, 0xff, 0xff, 0xff, 0x47, 0xff, 0xff, 0xff,
    0xf4, 0x6f, 0xff, 0xff, 0xff, 0x24, 0xff, 0xff,
    0xff, 0xf1, 0x3f, 0xff, 0xff, 0xff, 0x1, 0xff,
    0xff, 0xff, 0xe0, 0xf, 0xff, 0xff, 0xfd, 0x0,
    0xef, 0xff, 0xff, 0xb0, 0xd, 0xff, 0xff, 0xfa,
    0x0, 0xcf, 0xff, 0xff, 0x80, 0xa, 0xff, 0xff,
    0xf7, 0x0, 0x9f, 0xff, 0xff, 0x50, 0x7, 0xff,
    0xff, 0xf4, 0x0, 0x6f, 0xff, 0xff, 0x20, 0x3,
    0xbb, 0xbb, 0xb1, 0x0, 0x25, 0x55, 0x55, 0x10,
    0x8, 0xff, 0xff, 0xf5, 0x0, 0x8f, 0xff, 0xff,
    0x50, 0x8, 0xff, 0xff, 0xf5, 0x0, 0x8f, 0xff,
    0xff, 0x50,

    /* U+0022 "\"" */
    0x5f, 0xff, 0x6f, 0xff, 0x94, 0xff, 0xf4, 0xff,
    0xf8, 0x2f, 0xff, 0x3f, 0xff, 0x71, 0xff, 0xf2,
    0xef, 0xf6, 0xf, 0xff, 0x1d, 0xff, 0x50, 0xff,
    0xf0, 0xcf, 0xf4, 0x0, 0x10, 0x0, 0x11, 0x0,

    /* U+0023 "#" */
    0x0, 0x0, 0xb, 0xff, 0xf1, 0x0, 0xdf, 0xfe,
    0x0, 0x0, 0x0, 0x0, 0xdf, 0xff, 0x0, 0xf,
    0xff, 0xc0, 0x0, 0x0, 0x0, 0xf, 0xff, 0xc0,
    0x1, 0xff, 0xfa, 0x0, 0x0, 0x0, 0x1, 0xff,
    0xfa, 0x0, 0x3f, 0xff, 0x80, 0x0, 0x0, 0x0,
    0x3f, 0xff, 0x80, 0x5, 0xff, 0xf6, 0x0, 0x0,
    0x8f, 0xff, 0xff, 0xff, 0xff, 0xff, 0xff, 0xff,
    0xf6, 0xa, 0xff, 0xff, 0xff, 0xff, 0xff, 0xff,
    0xff, 0xff, 0x40, 0xcf, 0xff, 0xff, 0xff, 0xff,
    0xff, 0xff, 0xff, 0xf2, 0x9, 0xaa, 0xef, 0xff,
    0xaa, 0xaf, 0xff, 0xfa, 0xaa, 0x0, 0x0, 0xd,
    0xff, 0xe0, 0x0, 0xff, 0xfc, 0x0, 0x0, 0x0,
    0x0, 0xff, 0xfc, 0x0, 0x1f, 0xff, 0xa0, 0x0,
    0x0, 0xaa, 0xaf, 0xff, 0xea, 0xab, 0xff, 0xfd,
    0xaa, 0x90, 0x2f, 0xff, 0xff, 0xff, 0xff, 0xff,
    0xff, 0xff, 0xfc, 0x4, 0xff, 0xff, 0xff, 0xff,
    0xff, 0xff, 0xff, 0xff, 0xb0, 0x5f, 0xff, 0xff,
    0xff, 0xff, 0xff, 0xff, 0xff, 0xf9, 0x0, 0x0,
    0x9f, 0xff, 0x30, 0xb, 0xff, 0xf0, 0x0, 0x0,
    0x0, 0xb, 0xff, 0xf1, 0x0, 0xdf, 0xff, 0x0,
    0x0, 0x0, 0x0, 0xdf, 0xff, 0x0, 0xf, 0xff,
    0xd0, 0x0, 0x0, 0x0, 0xf, 0xff, 0xd0, 0x1,
    0xff, 0xfb, 0x0, 0x0, 0x0, 0x0, 0xff, 0xfb,
    0x0, 0x3f, 0xff, 0x90, 0x0, 0x0,

    /* U+0024 "$" */
    0x0, 0x0, 0x0, 0xe, 0xff, 0x80, 0x0, 0x0,
    0x0, 0x0, 0x0, 0x0, 0xe, 0xff, 0x80, 0x0,
    0x0, 0x0, 0x0, 0x0, 0x0, 0xe, 0xff, 0x80,
    0x0, 0x0, 0x0, 0x0, 0x0, 0x0, 0xe, 0xff,
    0x80, 0x0, 0x0, 0x0, 0x0, 0x2, 0x8c, 0xff,
    0xff, 0xfe, 0xda, 0x61, 0x0, 0x0, 0x9f, 0xff,
    0xff, 0xff, 0xff, 0xff, 0xff, 0x90, 0x9, 0xff,
    0xff, 0xff, 0xff, 0xff, 0xff, 0xff, 0xe0, 0x2f,
    0xff, 0xff, 0xff, 0xff, 0xff, 0xff, 0xff, 0xe0,
    0x7f, 0xff, 0xff, 0xff, 0xff, 0xff, 0xff, 0xff,
    0xe0, 0x8f, 0xff, 0xff, 0xff, 0x80, 0xc, 0xff,
    0xff, 0xe0, 0x8f, 0xff, 0xff, 0xff, 0xb3, 0x1,
    0x22, 0x22, 0x10, 0x5f, 0xff, 0xff, 0xff, 0xff,
    0xd8, 0x20, 0x0, 0x0, 0xe, 0xff, 0xff, 0xff,
    0xff, 0xff, 0xfb, 0x30, 0x0, 0x4, 0xff, 0xff,
    0xff, 0xff, 0xff, 0xff, 0xf7, 0x0, 0x0, 0x3d,
    0xff, 0xff, 0xff, 0xff, 0xff, 0xff, 0x60, 0x0,
    0x0, 0x6d, 0xff, 0xff, 0xff, 0xff, 0xff, 0xe0,
    0x0, 0x0, 0x0, 0x39, 0xff, 0xff, 0xff, 0xff,
    0xf3, 0x28, 0x88, 0x88, 0x30, 0xb, 0xff, 0xff,
    0xff, 0xf5, 0x5f, 0xff, 0xff, 0xa0, 0xa, 0xff,
    0xff, 0xff, 0xf4, 0x5f, 0xff, 0xff, 0xff, 0xff,
    0xff, 0xff, 0xff, 0xf2, 0x5f, 0xff, 0xff, 0xff,
    0xff, 0xff, 0xff, 0xff, 0xc0, 0x5f, 0xff, 0xff,
    0xff, 0xff, 0xff, 0xff, 0xff, 0x30, 0x4f, 0xff,
    0xff, 0xff, 0xff, 0xff, 0xff, 0xd3, 0x0, 0x0,
    0x59, 0xce, 0xff, 0xff, 0xfe, 0xa5, 0x0, 0x0,
    0x0, 0x0, 0x0, 0xe, 0xff, 0x80, 0x0, 0x0,
    0x0, 0x0, 0x0, 0x0, 0xe, 0xff, 0x80, 0x0,
    0x0, 0x0, 0x0, 0x0, 0x0, 0xe, 0xff, 0x80,
    0x0, 0x0, 0x0, 0x0, 0x0, 0x0, 0x2, 0x33,
    0x10, 0x0, 0x0, 0x0,

    /* U+0025 "%" */
    0x0, 0x5c, 0xff, 0xc5, 0x0, 0x0, 0x0, 0x2,
    0xff, 0xd0, 0x0, 0x0, 0x6f, 0xff, 0xff, 0xf6,
    0x0, 0x0, 0x0, 0xbf, 0xf8, 0x0, 0x0, 0xe,
    0xff, 0xa9, 0xff, 0xe0, 0x0, 0x0, 0x5f, 0xfd,
    0x0, 0x0, 0x2, 0xff, 0xf4, 0x3f, 0xff, 0x20,
    0x0, 0x1e, 0xff, 0x40, 0x0, 0x0, 0x3f, 0xff,
    0x43, 0xff, 0xf4, 0x0, 0xa, 0xff, 0xa0, 0x0,
    0x0, 0x2, 0xff, 0xf4, 0x3f, 0xff, 0x30, 0x4,
    0xff, 0xe1, 0x0, 0x0, 0x0, 0xf, 0xff, 0x66,
    0xff, 0xf0, 0x0, 0xdf, 0xf5, 0x0, 0x0, 0x0,
    0x0, 0x9f, 0xff, 0xff, 0xfa, 0x0, 0x8f, 0xfb,
    0x0, 0x0, 0x0, 0x0, 0x0, 0xaf, 0xff, 0xfb,
    0x10, 0x3f, 0xff, 0x20, 0x0, 0x0, 0x0, 0x0,
    0x0, 0x14, 0x41, 0x0, 0xc, 0xff, 0x70, 0x1,
    0x44, 0x10, 0x0, 0x0, 0x0, 0x0, 0x0, 0x7,
    0xff, 0xc0, 0x9, 0xff, 0xff, 0x90, 0x0, 0x0,
    0x0, 0x0, 0x1, 0xff, 0xf3, 0x8, 0xff, 0xff,
    0xff, 0x70, 0x0, 0x0, 0x0, 0x0, 0xbf, 0xf8,
    0x0, 0xff, 0xf6, 0x7f, 0xfe, 0x0, 0x0, 0x0,
    0x0, 0x5f, 0xfe, 0x0, 0x2f, 0xff, 0x34, 0xff,
    0xf1, 0x0, 0x0, 0x0, 0x1e, 0xff, 0x40, 0x3,
    0xff, 0xf3, 0x4f, 0xff, 0x30, 0x0, 0x0, 0x9,
    0xff, 0xa0, 0x0, 0x3f, 0xff, 0x34, 0xff, 0xf3,
    0x0, 0x0, 0x3, 0xff, 0xe1, 0x0, 0x1, 0xff,
    0xf3, 0x4f, 0xff, 0x10, 0x0, 0x0, 0xdf, 0xf6,
    0x0, 0x0, 0xd, 0xff, 0x9a, 0xff, 0xd0, 0x0,
    0x0, 0x8f, 0xfc, 0x0, 0x0, 0x0, 0x5f, 0xff,
    0xff, 0xf5, 0x0, 0x0, 0xd, 0xff, 0x20, 0x0,
    0x0, 0x0, 0x5c, 0xff, 0xc5, 0x0,

    /* U+0026 "&" */
    0x0, 0x0, 0x17, 0xad, 0xef, 0xfe, 0xb8, 0x40,
    0x0, 0x0, 0x0, 0x0, 0x9, 0xff, 0xff, 0xff,
    0xff, 0xff, 0xfe, 0x60, 0x0, 0x0, 0x0, 0xcf,
    0xff, 0xff, 0xff, 0xff, 0xff, 0xff, 0xf2, 0x0,
    0x0, 0x6, 0xff, 0xff, 0xff, 0xff, 0xff, 0xff,
    0xff, 0xf2, 0x0, 0x0, 0xa, 0xff, 0xff, 0xff,
    0xfb, 0xcf, 0xff, 0xff, 0xf2, 0x0, 0x0, 0x9,
    0xff, 0xff, 0xff, 0x50, 0x8, 0xff, 0xff, 0xf2,
    0x0, 0x0, 0x4, 0xff, 0xff, 0xff, 0xa0, 0x2,
    0x88, 0x88, 0x81, 0x0, 0x0, 0x0, 0xaf, 0xff,
    0xff, 0xfb, 0x20, 0x0, 0x0, 0x0, 0x0, 0x0,
    0x0, 0x9, 0xff, 0xff, 0xff, 0xf6, 0x0, 0x46,
    0x66, 0x66, 0x30, 0x0, 0x7, 0xff, 0xff, 0xff,
    0xff, 0xc2, 0xbf, 0xff, 0xff, 0x90, 0x1, 0xcf,
    0xff, 0xff, 0xff, 0xff, 0xff, 0xff, 0xff, 0xff,
    0x90, 0xb, 0xff, 0xff, 0xff, 0xff, 0xff, 0xff,
    0xff, 0xff, 0xff, 0x90, 0x4f, 0xff, 0xff, 0xff,
    0xbf, 0xff, 0xff, 0xff, 0xff, 0xff, 0x90, 0x8f,
    0xff, 0xff, 0xf9, 0x3, 0xdf, 0xff, 0xff, 0xff,
    0xf0, 0x0, 0x8f, 0xff, 0xff, 0xfa, 0x0, 0xa,
    0xff, 0xff, 0xff, 0xfb, 0x10, 0x6f, 0xff, 0xff,
    0xff, 0xdb, 0xcf, 0xff, 0xff, 0xff, 0xff, 0xe0,
    0x1f, 0xff, 0xff, 0xff, 0xff, 0xff, 0xff, 0xff,
    0xff, 0xff, 0x50, 0x6, 0xff, 0xff, 0xff, 0xff,
    0xff, 0xff, 0xff, 0xff, 0xf9, 0x0, 0x0, 0x5e,
    0xff, 0xff, 0xff, 0xff, 0xff, 0xf7, 0x7f, 0xc0,
    0x0, 0x0, 0x0, 0x59, 0xce, 0xff, 0xed, 0xa6,
    0x0, 0x4, 0x20, 0x0,

    /* U+0027 "'" */
    0x5f, 0xff, 0x54, 0xff, 0xf4, 0x2f, 0xff, 0x31,
    0xff, 0xf2, 0xf, 0xff, 0x10, 0xff, 0xf0, 0x0,
    0x10, 0x0,

    /* U+0028 "(" */
    0x0, 0x0, 0x0, 0x20, 0x0, 0x0, 0x0, 0x4,
    0xfe, 0x81, 0x0, 0x0, 0x1e, 0xff, 0xf2, 0x0,
    0x0, 0xcf, 0xff, 0x90, 0x0, 0x5, 0xff, 0xff,
    0x10, 0x0, 0xd, 0xff, 0xf9, 0x0, 0x0, 0x5f,
    0xff, 0xf4, 0x0, 0x0, 0xbf, 0xff, 0xe0, 0x0,
    0x1, 0xff, 0xff, 0x90, 0x0, 0x5, 0xff, 0xff,
    0x60, 0x0, 0x9, 0xff, 0xff, 0x30, 0x0, 0xb,
    0xff, 0xff, 0x0, 0x0, 0xe, 0xff, 0xff, 0x0,
    0x0, 0xf, 0xff, 0xfe, 0x0, 0x0, 0xf, 0xff,
    0xfd, 0x0, 0x0, 0xf, 0xff, 0xfc, 0x0, 0x0,
    0xf, 0xff, 0xfd, 0x0, 0x0, 0xf, 0xff, 0xfe,
    0x0, 0x0, 0xd, 0xff, 0xff, 0x0, 0x0, 0xb,
    0xff, 0xff, 0x10, 0x0, 0x8, 0xff, 0xff, 0x40,
    0x0, 0x4, 0xff, 0xff, 0x70, 0x0, 0x0, 0xff,
    0xff, 0xa0, 0x0, 0x0, 0x9f, 0xff, 0xf0, 0x0,
    0x0, 0x3f, 0xff, 0xf5, 0x0, 0x0, 0xb, 0xff,
    0xfb, 0x0, 0x0, 0x3, 0xff, 0xff, 0x30, 0x0,
    0x0, 0x9f, 0xff, 0xb0, 0x0, 0x0, 0xc, 0xff,
    0xf3, 0x0, 0x0, 0x1, 0xdb, 0x30, 0x0, 0x0,
    0x0, 0x0, 0x0,

    /* U+0029 ")" */
    0x0, 0x11, 0x0, 0x0, 0x2, 0xaf, 0xd1, 0x0,
    0x0, 0x6f, 0xff, 0xb0, 0x0, 0x0, 0xdf, 0xff,
    0x70, 0x0, 0x5, 0xff, 0xff, 0x10, 0x0, 0xe,
    0xff, 0xf9, 0x0, 0x0, 0x8f, 0xff, 0xf1, 0x0,
    0x2, 0xff, 0xff, 0x60, 0x0, 0xe, 0xff, 0xfc,
    0x0, 0x0, 0xbf, 0xff, 0xf0, 0x0, 0x7, 0xff,
    0xff, 0x40, 0x0, 0x4f, 0xff, 0xf7, 0x0, 0x3,
    0xff, 0xff, 0x90, 0x0, 0x2f, 0xff, 0xfb, 0x0,
    0x1, 0xff, 0xff, 0xb0, 0x0, 0x1f, 0xff, 0xfc,
    0x0, 0x1, 0xff, 0xff, 0xb0, 0x0, 0x2f, 0xff,
    0xfa, 0x0, 0x3, 0xff, 0xff, 0x80, 0x0, 0x5f,
    0xff, 0xf6, 0x0, 0x8, 0xff, 0xff, 0x30, 0x0,
    0xbf, 0xff, 0xf0, 0x0, 0xf, 0xff, 0xfa, 0x0,
    0x4, 0xff, 0xff, 0x50, 0x0, 0xaf, 0xff, 0xe0,
    0x0, 0xf, 0xff, 0xf7, 0x0, 0x7, 0xff, 0xfd,
    0x0, 0x1, 0xef, 0xff, 0x40, 0x0, 0x8f, 0xff,
    0x80, 0x0, 0x0, 0x5d, 0xa0, 0x0, 0x0, 0x0,
    0x0, 0x0, 0x0, 0x0,

    /* U+002A "*" */
    0x0, 0x3, 0xff, 0xd0, 0x0, 0x0, 0x48, 0xf,
    0xfb, 0x1a, 0x0, 0xd, 0xfa, 0xef, 0xae, 0xf7,
    0x5, 0xff, 0xff, 0xff, 0xff, 0xf0, 0x4, 0x9f,
    0xff, 0xfd, 0x72, 0x2, 0x8d, 0xff, 0xff, 0xfb,
    0x60, 0x4f, 0xff, 0xff, 0xff, 0xfd, 0x0, 0xaf,
    0x7e, 0xf9, 0xbf, 0x40, 0x2, 0x41, 0xff, 0xb0,
    0x50, 0x0, 0x0, 0x2b, 0xba, 0x0, 0x0,

    /* U+002B "+" */
    0x0, 0x0, 0x11, 0x11, 0x10, 0x0, 0x0, 0x0,
    0xa, 0xff, 0xfa, 0x0, 0x0, 0x0, 0x0, 0xaf,
    0xff, 0xa0, 0x0, 0x0, 0x0, 0xa, 0xff, 0xfa,
    0x0, 0x0, 0x0, 0x0, 0xaf, 0xff, 0xa0, 0x0,
    0xf, 0xff, 0xff, 0xff, 0xff, 0xff, 0xff, 0xff,
    0xff, 0xff, 0xff, 0xff, 0xff, 0xff, 0xff, 0xff,
    0xff, 0xff, 0xff, 0xff, 0xff, 0xff, 0xff, 0xff,
    0xff, 0xff, 0xf6, 0x66, 0x6c, 0xff, 0xfc, 0x66,
    0x66, 0x0, 0x0, 0xaf, 0xff, 0xa0, 0x0, 0x0,
    0x0, 0xa, 0xff, 0xfa, 0x0, 0x0, 0x0, 0x0,
    0xaf, 0xff, 0xa0, 0x0, 0x0, 0x0, 0xa, 0xff,
    0xfa, 0x0, 0x0,

    /* U+002C "," */
    0x45, 0x55, 0xf, 0xff, 0xf2, 0xff, 0xff, 0x2f,
    0xff, 0xf2, 0xff, 0xff, 0x20, 0xcf, 0xe0, 0x1f,
    0xf6, 0x7, 0xfe, 0x0, 0xcf, 0x80, 0x0,

    /* U+002D "-" */
    0x5, 0x55, 0x55, 0x55, 0x51, 0x1f, 0xff, 0xff,
    0xff, 0xf3, 0x1f, 0xff, 0xff, 0xff, 0xf3, 0x1f,
    0xff, 0xff, 0xff, 0xf3, 0x1f, 0xff, 0xff, 0xff,
    0xf3,

    /* U+002E "." */
    0x45, 0x55, 0xf, 0xff, 0xf1, 0xff, 0xff, 0x1f,
    0xff, 0xf1, 0xff, 0xff, 0x10,

    /* U+002F "/" */
    0x0, 0x0, 0x0, 0x0, 0x5f, 0xff, 0x80, 0x0,
    0x0, 0x0, 0xa, 0xff, 0xf4, 0x0, 0x0, 0x0,
    0x0, 0xff, 0xff, 0x0, 0x0, 0x0, 0x0, 0x5f,
    0xff, 0xa0, 0x0, 0x0, 0x0, 0xa, 0xff, 0xf4,
    0x0, 0x0, 0x0, 0x0, 0xff, 0xff, 0x0, 0x0,
    0x0, 0x0, 0x5f, 0xff, 0xa0, 0x0, 0x0, 0x0,
    0xa, 0xff, 0xf5, 0x0, 0x0, 0x0, 0x0, 0xff,
    0xff, 0x0, 0x0, 0x0, 0x0, 0x5f, 0xff, 0xa0,
    0x0, 0x0, 0x0, 0xa, 0xff, 0xf5, 0x0, 0x0,
    0x0, 0x0, 0xff, 0xff, 0x0, 0x0, 0x0, 0x0,
    0x5f, 0xff, 0xa0, 0x0, 0x0, 0x0, 0xa, 0xff,
    0xf5, 0x0, 0x0, 0x0, 0x0, 0xff, 0xff, 0x0,
    0x0, 0x0, 0x0, 0x5f, 0xff, 0xa0, 0x0, 0x0,
    0x0, 0xa, 0xff, 0xf5, 0x0, 0x0, 0x0, 0x0,
    0xff, 0xff, 0x0, 0x0, 0x0, 0x0, 0x4f, 0xff,
    0xa0, 0x0, 0x0, 0x0, 0xa, 0xff, 0xf5, 0x0,
    0x0, 0x0, 0x0, 0xff, 0xff, 0x0, 0x0, 0x0,
    0x0, 0x4f, 0xff, 0xb0, 0x0, 0x0, 0x0, 0xa,
    0xff, 0xf5, 0x0, 0x0, 0x0, 0x0, 0xff, 0xff,
    0x0, 0x0, 0x0, 0x0, 0x4f, 0xff, 0xb0, 0x0,
    0x0, 0x0, 0x8, 0xff, 0xf5, 0x0, 0x0, 0x0,
    0x0,

    /* U+0030 "0" */
    0x0, 0x0, 0x5, 0x9d, 0xef, 0xed, 0x95, 0x0,
    0x0, 0x0, 0x0, 0x3d, 0xff, 0xff, 0xff, 0xff,
    0xfd, 0x30, 0x0, 0x0, 0x5f, 0xff, 0xff, 0xff,
    0xff, 0xff, 0xff, 0x50, 0x0, 0x2f, 0xff, 0xff,
    0xff, 0xff, 0xff, 0xff, 0xff, 0x20, 0xa, 0xff,
    0xff, 0xff, 0xeb, 0xef, 0xff, 0xff, 0xfa, 0x0,
    0xff, 0xff, 0xff, 0xe1, 0x0, 0xef, 0xff, 0xff,
    0xf1, 0x4f, 0xff, 0xff, 0xfc, 0x0, 0xb, 0xff,
    0xff, 0xff, 0x47, 0xff, 0xff, 0xff, 0xc0, 0x0,
    0xbf, 0xff, 0xff, 0xf7, 0x8f, 0xff, 0xff, 0xfc,
    0x0, 0xb, 0xff, 0xff, 0xff, 0x99, 0xff, 0xff,
    0xff, 0xc0, 0x0, 0xbf, 0xff, 0xff, 0xfa, 0x9f,
    0xff, 0xff, 0xfc, 0x0, 0xb, 0xff, 0xff, 0xff,
    0xa8, 0xff, 0xff, 0xff, 0xc0, 0x0, 0xbf, 0xff,
    0xff, 0xf9, 0x7f, 0xff, 0xff, 0xfc, 0x0, 0xb,
    0xff, 0xff, 0xff, 0x74, 0xff, 0xff, 0xff, 0xc0,
    0x0, 0xbf, 0xff, 0xff, 0xf4, 0xf, 0xff, 0xff,
    0xfe, 0x10, 0xe, 0xff, 0xff, 0xff, 0x0, 0xaf,
    0xff, 0xff, 0xfe, 0xbe, 0xff, 0xff, 0xff, 0x90,
    0x2, 0xff, 0xff, 0xff, 0xff, 0xff, 0xff, 0xff,
    0xf2, 0x0, 0x5, 0xff, 0xff, 0xff, 0xff, 0xff,
    0xff, 0xf5, 0x0, 0x0, 0x3, 0xdf, 0xff, 0xff,
    0xff, 0xff, 0xe4, 0x0, 0x0, 0x0, 0x0, 0x59,
    0xde, 0xfe, 0xda, 0x50, 0x0, 0x0,

    /* U+0031 "1" */
    0x0, 0x26, 0xad, 0xff, 0xff, 0x80, 0x7, 0xff,
    0xff, 0xff, 0xff, 0xf8, 0x0, 0xaf, 0xff, 0xff,
    0xff, 0xff, 0x80, 0xa, 0xff, 0xff, 0xff, 0xff,
    0xf8, 0x0, 0x13, 0x37, 0xff, 0xff, 0xff, 0x80,
    0x0, 0x0, 0x5f, 0xff, 0xff, 0xf8, 0x0, 0x0,
    0x5, 0xff, 0xff, 0xff, 0x80, 0x0, 0x0, 0x5f,
    0xff, 0xff, 0xf8, 0x0, 0x0, 0x5, 0xff, 0xff,
    0xff, 0x80, 0x0, 0x0, 0x5f, 0xff, 0xff, 0xf8,
    0x0, 0x0, 0x5, 0xff, 0xff, 0xff, 0x80, 0x0,
    0x0, 0x5f, 0xff, 0xff, 0xf8, 0x0, 0x0, 0x5,
    0xff, 0xff, 0xff, 0x80, 0x0, 0x0, 0x5f, 0xff,
    0xff, 0xf8, 0x0, 0x0, 0x5, 0xff, 0xff, 0xff,
    0x80, 0x0, 0x45, 0x8f, 0xff, 0xff, 0xfa, 0x53,
    0xd, 0xff, 0xff, 0xff, 0xff, 0xff, 0xb0, 0xdf,
    0xff, 0xff, 0xff, 0xff, 0xfb, 0xd, 0xff, 0xff,
    0xff, 0xff, 0xff, 0xb0, 0xdf, 0xff, 0xff, 0xff,
    0xff, 0xfb,

    /* U+0032 "2" */
    0x0, 0x2, 0x7a, 0xde, 0xff, 0xda, 0x50, 0x0,
    0x1, 0x7d, 0xff, 0xff, 0xff, 0xff, 0xff, 0xd2,
    0x0, 0x8f, 0xff, 0xff, 0xff, 0xff, 0xff, 0xff,
    0xe1, 0x3, 0xff, 0xff, 0xff, 0xff, 0xff, 0xff,
    0xff, 0x90, 0xe, 0xff, 0xff, 0xff, 0xff, 0xff,
    0xff, 0xfe, 0x0, 0xaf, 0xff, 0xc9, 0x8d, 0xff,
    0xff, 0xff, 0xf0, 0x6, 0xf8, 0x10, 0x0, 0x5f,
    0xff, 0xff, 0xff, 0x0, 0x11, 0x0, 0x0, 0x1c,
    0xff, 0xff, 0xff, 0xb0, 0x0, 0x0, 0x0, 0x6e,
    0xff, 0xff, 0xff, 0xf4, 0x0, 0x0, 0x1, 0xbf,
    0xff, 0xff, 0xff, 0xf7, 0x0, 0x0, 0x3, 0xef,
    0xff, 0xff, 0xff, 0xf6, 0x0, 0x0, 0x3, 0xff,
    0xff, 0xff, 0xff, 0xc2, 0x0, 0x0, 0x2, 0xef,
    0xff, 0xff, 0xff, 0x70, 0x0, 0x0, 0x0, 0xaf,
    0xff, 0xff, 0xfe, 0x30, 0x0, 0x0, 0x0, 0x2f,
    0xff, 0xff, 0xff, 0x30, 0xa, 0xaa, 0xaa, 0x36,
    0xff, 0xff, 0xff, 0xe5, 0x55, 0xff, 0xff, 0xf4,
    0x9f, 0xff, 0xff, 0xff, 0xff, 0xff, 0xff, 0xff,
    0x4a, 0xff, 0xff, 0xff, 0xff, 0xff, 0xff, 0xff,
    0xf4, 0xbf, 0xff, 0xff, 0xff, 0xff, 0xff, 0xff,
    0xff, 0x4b, 0xff, 0xff, 0xff, 0xff, 0xff, 0xff,
    0xff, 0xf4,

    /* U+0033 "3" */
    0x0, 0x3, 0x8b, 0xef, 0xfe, 0xc9, 0x30, 0x0,
    0x17, 0xef, 0xff, 0xff, 0xff, 0xff, 0xfa, 0x0,
    0x7f, 0xff, 0xff, 0xff, 0xff, 0xff, 0xff, 0xb0,
    0x2f, 0xff, 0xff, 0xff, 0xff, 0xff, 0xff, 0xf3,
    0xd, 0xff, 0xff, 0xff, 0xff, 0xff, 0xff, 0xf7,
    0x7, 0xff, 0xda, 0x88, 0xcf, 0xff, 0xff, 0xf6,
    0x2, 0x62, 0x0, 0x0, 0x6f, 0xff, 0xff, 0xf3,
    0x0, 0x0, 0x5, 0xff, 0xff, 0xff, 0xff, 0xa0,
    0x0, 0x0, 0x5, 0xff, 0xff, 0xff, 0xf8, 0x0,
    0x0, 0x0, 0x5, 0xff, 0xff, 0xff, 0xf9, 0x0,
    0x0, 0x0, 0x5, 0xff, 0xff, 0xff, 0xff, 0xb0,
    0x0, 0x0, 0x1, 0x55, 0x8f, 0xff, 0xff, 0xf5,
    0x0, 0x0, 0x0, 0x0, 0xb, 0xff, 0xff, 0xfb,
    0x6d, 0x72, 0x0, 0x0, 0xc, 0xff, 0xff, 0xfd,
    0x6f, 0xff, 0xda, 0x98, 0xbf, 0xff, 0xff, 0xfd,
    0x6f, 0xff, 0xff, 0xff, 0xff, 0xff, 0xff, 0xfa,
    0x6f, 0xff, 0xff, 0xff, 0xff, 0xff, 0xff, 0xf4,
    0x6f, 0xff, 0xff, 0xff, 0xff, 0xff, 0xff, 0x90,
    0x3d, 0xff, 0xff, 0xff, 0xff, 0xff, 0xf8, 0x0,
    0x0, 0x26, 0xad, 0xef, 0xfe, 0xb8, 0x20, 0x0,

    /* U+0034 "4" */
    0x0, 0x0, 0x0, 0x0, 0xd, 0xff, 0xff, 0xfc,
    0x0, 0x0, 0x0, 0x0, 0x0, 0x9f, 0xff, 0xff,
    0xfc, 0x0, 0x0, 0x0, 0x0, 0x5, 0xff, 0xff,
    0xff, 0xfc, 0x0, 0x0, 0x0, 0x0, 0x1e, 0xff,
    0xff, 0xff, 0xfc, 0x0, 0x0, 0x0, 0x0, 0xbf,
    0xff, 0xff, 0xff, 0xfc, 0x0, 0x0, 0x0, 0x7,
    0xff, 0xff, 0xff, 0xff, 0xfc, 0x0, 0x0, 0x0,
    0x2f, 0xff, 0xff, 0xff, 0xff, 0xfc, 0x0, 0x0,
    0x0, 0xdf, 0xff, 0xff, 0xff, 0xff, 0xfc, 0x0,
    0x0, 0x9, 0xff, 0xff, 0x9f, 0xff, 0xff, 0xfc,
    0x0, 0x0, 0x4f, 0xff, 0xfc, 0x1f, 0xff, 0xff,
    0xfc, 0x0, 0x1, 0xef, 0xff, 0xf1, 0x1f, 0xff,
    0xff, 0xfc, 0x0, 0xb, 0xff, 0xff, 0x50, 0x1f,
    0xff, 0xff, 0xfc, 0x0, 0x5f, 0xff, 0xfa, 0x0,
    0x1f, 0xff, 0xff, 0xfc, 0x0, 0x8f, 0xff, 0xff,
    0xff, 0xff, 0xff, 0xff, 0xff, 0xf9, 0x8f, 0xff,
    0xff, 0xff, 0xff, 0xff, 0xff, 0xff, 0xf9, 0x8f,
    0xff, 0xff, 0xff, 0xff, 0xff, 0xff, 0xff, 0xf9,
    0x8f, 0xff, 0xff, 0xff, 0xff, 0xff, 0xff, 0xff,
    0xf9, 0x0, 0x0, 0x0, 0x0, 0x1f, 0xff, 0xff,
    0xfc, 0x0, 0x0, 0x0, 0x0, 0x0, 0x1f, 0xff,
    0xff, 0xfc, 0x0, 0x0, 0x0, 0x0, 0x0, 0x1f,
    0xff, 0xff, 0xfc, 0x0,

    /* U+0035 "5" */
    0x5, 0xff, 0xff, 0xff, 0xff, 0xff, 0xff, 0xf8,
    0x0, 0x7f, 0xff, 0xff, 0xff, 0xff, 0xff, 0xff,
    0x80, 0x8, 0xff, 0xff, 0xff, 0xff, 0xff, 0xff,
    0xf8, 0x0, 0xaf, 0xff, 0xff, 0xff, 0xff, 0xff,
    0xff, 0x80, 0xc, 0xff, 0xff, 0xff, 0xff, 0xff,
    0xff, 0xf8, 0x0, 0xdf, 0xff, 0xfd, 0x11, 0x11,
    0x11, 0x11, 0x0, 0xf, 0xff, 0xff, 0xc6, 0xbd,
    0xfe, 0xb5, 0x0, 0x0, 0xff, 0xff, 0xff, 0xff,
    0xff, 0xff, 0xfa, 0x0, 0x2f, 0xff, 0xff, 0xff,
    0xff, 0xff, 0xff, 0xf8, 0x3, 0xff, 0xff, 0xff,
    0xff, 0xff, 0xff, 0xff, 0xf1, 0x5f, 0xff, 0xff,
    0xa1, 0x2d, 0xff, 0xff, 0xff, 0x52, 0x66, 0x66,
    0x60, 0x0, 0x7f, 0xff, 0xff, 0xf7, 0x0, 0x0,
    0x0, 0x0, 0x7, 0xff, 0xff, 0xff, 0x85, 0xc5,
    0x0, 0x0, 0x0, 0xdf, 0xff, 0xff, 0xf7, 0x6f,
    0xff, 0xc9, 0x89, 0xef, 0xff, 0xff, 0xff, 0x46,
    0xff, 0xff, 0xff, 0xff, 0xff, 0xff, 0xff, 0xe0,
    0x6f, 0xff, 0xff, 0xff, 0xff, 0xff, 0xff, 0xf7,
    0x6, 0xff, 0xff, 0xff, 0xff, 0xff, 0xff, 0xfa,
    0x0, 0x3d, 0xff, 0xff, 0xff, 0xff, 0xff, 0xf7,
    0x0, 0x0, 0x2, 0x6a, 0xde, 0xff, 0xdb, 0x61,
    0x0, 0x0,

    /* U+0036 "6" */
    0x0, 0x0, 0x1, 0x6a, 0xde, 0xff, 0xdb, 0x83,
    0x0, 0x0, 0x0, 0x8f, 0xff, 0xff, 0xff, 0xff,
    0xff, 0x70, 0x0, 0xc, 0xff, 0xff, 0xff, 0xff,
    0xff, 0xff, 0x80, 0x0, 0xaf, 0xff, 0xff, 0xff,
    0xff, 0xff, 0xff, 0x80, 0x4, 0xff, 0xff, 0xff,
    0xff, 0xff, 0xff, 0xff, 0x80, 0xc, 0xff, 0xff,
    0xff, 0xfd, 0x98, 0x9b, 0xdf, 0x80, 0xf, 0xff,
    0xff, 0xff, 0x70, 0x0, 0x0, 0x1, 0x20, 0x4f,
    0xff, 0xff, 0xff, 0x1, 0x34, 0x41, 0x0, 0x0,
    0x6f, 0xff, 0xff, 0xff, 0xdf, 0xff, 0xff, 0xc4,
    0x0, 0x7f, 0xff, 0xff, 0xff, 0xff, 0xff, 0xff,
    0xff, 0x60, 0x8f, 0xff, 0xff, 0xff, 0xff, 0xff,
    0xff, 0xff, 0xf2, 0x7f, 0xff, 0xff, 0xff, 0x75,
    0x9f, 0xff, 0xff, 0xf8, 0x6f, 0xff, 0xff, 0xfd,
    0x0, 0xc, 0xff, 0xff, 0xfb, 0x3f, 0xff, 0xff,
    0xfe, 0x0, 0xa, 0xff, 0xff, 0xfc, 0xf, 0xff,
    0xff, 0xff, 0x20, 0xd, 0xff, 0xff, 0xfb, 0x9,
    0xff, 0xff, 0xff, 0xeb, 0xef, 0xff, 0xff, 0xf8,
    0x2, 0xff, 0xff, 0xff, 0xff, 0xff, 0xff, 0xff,
    0xf2, 0x0, 0x6f, 0xff, 0xff, 0xff, 0xff, 0xff,
    0xff, 0x70, 0x0, 0x4, 0xef, 0xff, 0xff, 0xff,
    0xff, 0xf6, 0x0, 0x0, 0x0, 0x5, 0xad, 0xef,
    0xfd, 0xb6, 0x10, 0x0,

    /* U+0037 "7" */
    0xbf, 0xff, 0xff, 0xff, 0xff, 0xff, 0xff, 0xff,
    0x9b, 0xff, 0xff, 0xff, 0xff, 0xff, 0xff, 0xff,
    0xf9, 0xbf, 0xff, 0xff, 0xff, 0xff, 0xff, 0xff,
    0xff, 0x9b, 0xff, 0xff, 0xff, 0xff, 0xff, 0xff,
    0xff, 0xf9, 0xbf, 0xff, 0xff, 0xff, 0xff, 0xff,
    0xff, 0xff, 0x4b, 0xff, 0xff, 0xb1, 0x11, 0xcf,
    0xff, 0xff, 0xa0, 0xbf, 0xff, 0xfb, 0x0, 0x6f,
    0xff, 0xff, 0xf1, 0x5, 0x77, 0x77, 0x50, 0x1f,
    0xff, 0xff, 0xf8, 0x0, 0x0, 0x0, 0x0, 0xb,
    0xff, 0xff, 0xfe, 0x0, 0x0, 0x0, 0x0, 0x4,
    0xff, 0xff, 0xff, 0x70, 0x0, 0x0, 0x0, 0x0,
    0xdf, 0xff, 0xff, 0xf1, 0x0, 0x0, 0x0, 0x0,
    0x5f, 0xff, 0xff, 0xf9, 0x0, 0x0, 0x0, 0x0,
    0xd, 0xff, 0xff, 0xff, 0x30, 0x0, 0x0, 0x0,
    0x4, 0xff, 0xff, 0xff, 0xd0, 0x0, 0x0, 0x0,
    0x0, 0xaf, 0xff, 0xff, 0xf8, 0x0, 0x0, 0x0,
    0x0, 0xf, 0xff, 0xff, 0xff, 0x30, 0x0, 0x0,
    0x0, 0x4, 0xff, 0xff, 0xff, 0xf0, 0x0, 0x0,
    0x0, 0x0, 0x8f, 0xff, 0xff, 0xfc, 0x0, 0x0,
    0x0, 0x0, 0xa, 0xff, 0xff, 0xff, 0xa0, 0x0,
    0x0, 0x0, 0x0, 0xcf, 0xff, 0xff, 0xf9, 0x0,
    0x0, 0x0,

    /* U+0038 "8" */
    0x0, 0x0, 0x6a, 0xde, 0xff, 0xfd, 0xb7, 0x10,
    0x0, 0x0, 0x6f, 0xff, 0xff, 0xff, 0xff, 0xff,
    0xf8, 0x0, 0x6, 0xff, 0xff, 0xff, 0xff, 0xff,
    0xff, 0xff, 0x80, 0xe, 0xff, 0xff, 0xff, 0xff,
    0xff, 0xff, 0xff, 0xf1, 0x1f, 0xff, 0xff, 0xff,
    0xcb, 0xff, 0xff, 0xff, 0xf4, 0x1f, 0xff, 0xff,
    0xf7, 0x0, 0x4f, 0xff, 0xff, 0xf3, 0xd, 0xff,
    0xff, 0xfa, 0x10, 0x7f, 0xff, 0xff, 0xf1, 0x3,
    0xff, 0xff, 0xff, 0xff, 0xff, 0xff, 0xff, 0x70,
    0x0, 0x2b, 0xff, 0xff, 0xff, 0xff, 0xff, 0xe5,
    0x0, 0x0, 0x3c, 0xff, 0xff, 0xff, 0xff, 0xff,
    0xe7, 0x0, 0x5, 0xff, 0xff, 0xff, 0xff, 0xff,
    0xff, 0xff, 0x90, 0x2f, 0xff, 0xff, 0xfb, 0x11,
    0x8f, 0xff, 0xff, 0xf5, 0x8f, 0xff, 0xff, 0xf2,
    0x0, 0xf, 0xff, 0xff, 0xfc, 0xbf, 0xff, 0xff,
    0xf1, 0x0, 0xe, 0xff, 0xff, 0xfe, 0xbf, 0xff,
    0xff, 0xf7, 0x0, 0x4f, 0xff, 0xff, 0xfe, 0x8f,
    0xff, 0xff, 0xff, 0xcb, 0xff, 0xff, 0xff, 0xfb,
    0x3f, 0xff, 0xff, 0xff, 0xff, 0xff, 0xff, 0xff,
    0xf5, 0x8, 0xff, 0xff, 0xff, 0xff, 0xff, 0xff,
    0xff, 0xb0, 0x0, 0x7f, 0xff, 0xff, 0xff, 0xff,
    0xff, 0xf8, 0x0, 0x0, 0x1, 0x6a, 0xde, 0xff,
    0xfd, 0xa6, 0x10, 0x0,

    /* U+0039 "9" */
    0x0, 0x1, 0x6b, 0xdf, 0xfe, 0xda, 0x50, 0x0,
    0x0, 0x0, 0x6f, 0xff, 0xff, 0xff, 0xff, 0xfe,
    0x50, 0x0, 0x7, 0xff, 0xff, 0xff, 0xff, 0xff,
    0xff, 0xf6, 0x0, 0x2f, 0xff, 0xff, 0xff, 0xff,
    0xff, 0xff, 0xff, 0x20, 0x7f, 0xff, 0xff, 0xfe,
    0xbe, 0xff, 0xff, 0xff, 0xa0, 0xaf, 0xff, 0xff,
    0xe0, 0x0, 0xef, 0xff, 0xff, 0xf1, 0xbf, 0xff,
    0xff, 0xb0, 0x0, 0xcf, 0xff, 0xff, 0xf4, 0xaf,
    0xff, 0xff, 0xf4, 0x2, 0xdf, 0xff, 0xff, 0xf7,
    0x6f, 0xff, 0xff, 0xff, 0xff, 0xff, 0xff, 0xff,
    0xf8, 0xe, 0xff, 0xff, 0xff, 0xff, 0xff, 0xff,
    0xff, 0xf9, 0x3, 0xef, 0xff, 0xff, 0xff, 0xff,
    0xff, 0xff, 0xf8, 0x0, 0x19, 0xef, 0xff, 0xea,
    0xef, 0xff, 0xff, 0xf7, 0x0, 0x0, 0x0, 0x10,
    0x0, 0xef, 0xff, 0xff, 0xf5, 0x2, 0x20, 0x0,
    0x0, 0x7, 0xff, 0xff, 0xff, 0xf2, 0x7, 0xfd,
    0xa9, 0x89, 0xdf, 0xff, 0xff, 0xff, 0xd0, 0x7,
    0xff, 0xff, 0xff, 0xff, 0xff, 0xff, 0xff, 0x60,
    0x7, 0xff, 0xff, 0xff, 0xff, 0xff, 0xff, 0xfc,
    0x0, 0x7, 0xff, 0xff, 0xff, 0xff, 0xff, 0xff,
    0xd1, 0x0, 0x6, 0xff, 0xff, 0xff, 0xff, 0xff,
    0xf9, 0x0, 0x0, 0x0, 0x38, 0xbd, 0xff, 0xfd,
    0xb7, 0x10, 0x0, 0x0,

    /* U+003A ":" */
    0xff, 0xff, 0x1f, 0xff, 0xf1, 0xff, 0xff, 0x1f,
    0xff, 0xf1, 0x45, 0x55, 0x0, 0x0, 0x0, 0x0,
    0x0, 0x0, 0x0, 0x0, 0x45, 0x55, 0xf, 0xff,
    0xf1, 0xff, 0xff, 0x1f, 0xff, 0xf1, 0xff, 0xff,
    0x10,

    /* U+003B ";" */
    0xff, 0xff, 0x2f, 0xff, 0xf2, 0xff, 0xff, 0x2f,
    0xff, 0xf2, 0x45, 0x55, 0x0, 0x0, 0x0, 0x0,
    0x0, 0x0, 0x0, 0x0, 0x45, 0x55, 0xf, 0xff,
    0xf2, 0xff, 0xff, 0x2f, 0xff, 0xf2, 0xff, 0xff,
    0x20, 0xcf, 0xe0, 0x1f, 0xf6, 0x7, 0xfe, 0x0,
    0xcf, 0x80, 0x0,

    /* U+003C "<" */
    0x0, 0x0, 0x0, 0x0, 0x0, 0x14, 0x0, 0x0,
    0x0, 0x0, 0x39, 0xfd, 0x0, 0x0, 0x0, 0x6c,
    0xff, 0xfd, 0x0, 0x2, 0x8e, 0xff, 0xff, 0xfd,
    0x5, 0xbf, 0xff, 0xff, 0xff, 0xfb, 0x1f, 0xff,
    0xff, 0xff, 0xe8, 0x30, 0x1f, 0xff, 0xfe, 0x93,
    0x0, 0x0, 0x1f, 0xff, 0xe4, 0x0, 0x0, 0x0,
    0x1f, 0xff, 0xff, 0xe9, 0x30, 0x0, 0xf, 0xff,
    0xff, 0xff, 0xfe, 0x82, 0x0, 0x6c, 0xff, 0xff,
    0xff, 0xfd, 0x0, 0x0, 0x3a, 0xff, 0xff, 0xfd,
    0x0, 0x0, 0x0, 0x17, 0xdf, 0xfd, 0x0, 0x0,
    0x0, 0x0, 0x4, 0xac,

    /* U+003D "=" */
    0xff, 0xff, 0xff, 0xff, 0xff, 0xdf, 0xff, 0xff,
    0xff, 0xff, 0xfd, 0xff, 0xff, 0xff, 0xff, 0xff,
    0xdf, 0xff, 0xff, 0xff, 0xff, 0xfd, 0x56, 0x66,
    0x66, 0x66, 0x66, 0x40, 0x0, 0x0, 0x0, 0x0,
    0x0, 0x66, 0x66, 0x66, 0x66, 0x66, 0x5f, 0xff,
    0xff, 0xff, 0xff, 0xfd, 0xff, 0xff, 0xff, 0xff,
    0xff, 0xdf, 0xff, 0xff, 0xff, 0xff, 0xfd, 0xff,
    0xff, 0xff, 0xff, 0xff, 0xd0,

    /* U+003E ">" */
    0x41, 0x0, 0x0, 0x0, 0x0, 0x0, 0xdf, 0x93,
    0x0, 0x0, 0x0, 0x0, 0xdf, 0xff, 0xc5, 0x0,
    0x0, 0x0, 0xdf, 0xff, 0xff, 0xe8, 0x20, 0x0,
    0xcf, 0xff, 0xff, 0xff, 0xfb, 0x40, 0x3, 0x9e,
    0xff, 0xff, 0xff, 0xf0, 0x0, 0x0, 0x49, 0xef,
    0xff, 0xf0, 0x0, 0x0, 0x0, 0x4e, 0xff, 0xf0,
    0x0, 0x3, 0x9e, 0xff, 0xff, 0xf0, 0x38, 0xef,
    0xff, 0xff, 0xff, 0xe0, 0xdf, 0xff, 0xff, 0xff,
    0xc6, 0x0, 0xdf, 0xff, 0xff, 0x93, 0x0, 0x0,
    0xdf, 0xfd, 0x61, 0x0, 0x0, 0x0, 0xda, 0x40,
    0x0, 0x0, 0x0, 0x0,

    /* U+003F "?" */
    0x0, 0x2, 0x69, 0xde, 0xff, 0xda, 0x60, 0x0,
    0x1, 0x6d, 0xff, 0xff, 0xff, 0xff, 0xff, 0xe4,
    0x0, 0x8f, 0xff, 0xff, 0xff, 0xff, 0xff, 0xff,
    0xf3, 0x4, 0xff, 0xff, 0xff, 0xff, 0xff, 0xff,
    0xff, 0xc0, 0xf, 0xff, 0xff, 0xff, 0xff, 0xff,
    0xff, 0xff, 0x0, 0xbf, 0xff, 0xfe, 0xef, 0xff,
    0xff, 0xff, 0xf1, 0x7, 0xfa, 0x41, 0x0, 0x5f,
    0xff, 0xff, 0xff, 0x0, 0x10, 0x0, 0x0, 0x7,
    0xff, 0xff, 0xff, 0x90, 0x0, 0x0, 0x0, 0x7,
    0xff, 0xff, 0xff, 0xe1, 0x0, 0x0, 0x0, 0x1c,
    0xff, 0xff, 0xff, 0xc1, 0x0, 0x0, 0x0, 0x1e,
    0xff, 0xff, 0xff, 0x80, 0x0, 0x0, 0x0, 0xa,
    0xff, 0xff, 0xff, 0x50, 0x0, 0x0, 0x0, 0x0,
    0xef, 0xff, 0xff, 0x80, 0x0, 0x0, 0x0, 0x0,
    0xf, 0xff, 0xff, 0xf3, 0x0, 0x0, 0x0, 0x0,
    0x0, 0x55, 0x55, 0x55, 0x10, 0x0, 0x0, 0x0,
    0x0, 0x5, 0x55, 0x55, 0x50, 0x0, 0x0, 0x0,
    0x0, 0x0, 0xff, 0xff, 0xff, 0x20, 0x0, 0x0,
    0x0, 0x0, 0xf, 0xff, 0xff, 0xf2, 0x0, 0x0,
    0x0, 0x0, 0x0, 0xff, 0xff, 0xff, 0x20, 0x0,
    0x0, 0x0, 0x0, 0xf, 0xff, 0xff, 0xf2, 0x0,
    0x0, 0x0,

    /* U+0040 "@" */
    0x0, 0x0, 0x0, 0x0, 0x0, 0x15, 0x9c, 0xef,
    0xff, 0xdb, 0x84, 0x0, 0x0, 0x0, 0x0, 0x0,
    0x0, 0x0, 0x3, 0xaf, 0xff, 0xff, 0xff, 0xff,
    0xff, 0xfe, 0x60, 0x0, 0x0, 0x0, 0x0, 0x0,
    0x1a, 0xff, 0xff, 0xff, 0xff, 0xff, 0xff, 0xff,
    0xff, 0xd2, 0x0, 0x0, 0x0, 0x0, 0x3e, 0xff,
    0xff, 0xff, 0xff, 0xff, 0xff, 0xff, 0xff, 0xff,
    0xf3, 0x0, 0x0, 0x0, 0x3f, 0xff, 0xff, 0xfa,
    0x52, 0x0, 0x0, 0x36, 0xcf, 0xff, 0xff, 0xe1,
    0x0, 0x0, 0x2f, 0xff, 0xff, 0xa1, 0x16, 0xbd,
    0xff, 0xdb, 0x73, 0x3d, 0xff, 0xff, 0xa0, 0x0,
    0xc, 0xff, 0xff, 0x50, 0x8f, 0xff, 0xff, 0xff,
    0xff, 0xfd, 0x5d, 0xff, 0xff, 0x20, 0x7, 0xff,
    0xff, 0x50, 0xaf, 0xff, 0xff, 0xff, 0xff, 0xff,
    0xf8, 0x2f, 0xff, 0xf7, 0x0, 0xef, 0xff, 0x90,
    0x7f, 0xff, 0xff, 0xda, 0xdf, 0xff, 0xff, 0x80,
    0xbf, 0xff, 0xb0, 0x5f, 0xff, 0xf1, 0x1f, 0xff,
    0xff, 0xd0, 0x7, 0xff, 0xff, 0xf8, 0x7, 0xff,
    0xfd, 0xa, 0xff, 0xfa, 0x6, 0xff, 0xff, 0xf8,
    0x0, 0x7f, 0xff, 0xff, 0x80, 0x5f, 0xff, 0xe0,
    0xdf, 0xff, 0x50, 0xaf, 0xff, 0xff, 0x80, 0x7,
    0xff, 0xff, 0xf8, 0x5, 0xff, 0xfd, 0xf, 0xff,
    0xf2, 0xc, 0xff, 0xff, 0xf8, 0x0, 0x7f, 0xff,
    0xff, 0x80, 0x5f, 0xff, 0xc1, 0xff, 0xff, 0x10,
    0xdf, 0xff, 0xff, 0x80, 0x7, 0xff, 0xff, 0xf8,
    0x8, 0xff, 0xf9, 0x2f, 0xff, 0xf1, 0xc, 0xff,
    0xff, 0xf8, 0x0, 0x9f, 0xff, 0xff, 0x80, 0xcf,
    0xff, 0x51, 0xff, 0xff, 0x20, 0xaf, 0xff, 0xff,
    0xe7, 0xaf, 0xff, 0xff, 0xf9, 0x4f, 0xff, 0xe0,
    0xf, 0xff, 0xf4, 0x6, 0xff, 0xff, 0xff, 0xff,
    0xff, 0xff, 0xff, 0xff, 0xff, 0xf6, 0x0, 0xef,
    0xff, 0x80, 0x1e, 0xff, 0xff, 0xff, 0xfd, 0xcf,
    0xff, 0xff, 0xff, 0xfb, 0x0, 0xa, 0xff, 0xfe,
    0x0, 0x5f, 0xff, 0xff, 0xfd, 0x23, 0xff, 0xff,
    0xff, 0xf9, 0x0, 0x0, 0x6f, 0xff, 0xf9, 0x0,
    0x3b, 0xef, 0xd7, 0x0, 0x3, 0xbe, 0xfe, 0xa3,
    0x0, 0x0, 0x0, 0xef, 0xff, 0xf9, 0x0, 0x0,
    0x0, 0x0, 0x0, 0x0, 0x0, 0x0, 0x0, 0x0,
    0x0, 0x7, 0xff, 0xff, 0xfe, 0x84, 0x10, 0x0,
    0x24, 0x81, 0x0, 0x0, 0x0, 0x0, 0x0, 0x0,
    0xa, 0xff, 0xff, 0xff, 0xff, 0xff, 0xff, 0xff,
    0x20, 0x0, 0x0, 0x0, 0x0, 0x0, 0x0, 0xa,
    0xff, 0xff, 0xff, 0xff, 0xff, 0xff, 0xf2, 0x0,
    0x0, 0x0, 0x0, 0x0, 0x0, 0x0, 0x5, 0xdf,
    0xff, 0xff, 0xff, 0xff, 0xff, 0x20, 0x0, 0x0,
    0x0, 0x0, 0x0, 0x0, 0x0, 0x0, 0x38, 0xbd,
    0xef, 0xed, 0xc9, 0x60, 0x0, 0x0, 0x0, 0x0,
    0x0,

    /* U+0041 "A" */
    0x0, 0x0, 0x6, 0xff, 0xff, 0xff, 0xff, 0xf5,
    0x0, 0x0, 0x0, 0x0, 0x0, 0xaf, 0xff, 0xff,
    0xff, 0xff, 0x90, 0x0, 0x0, 0x0, 0x0, 0xe,
    0xff, 0xff, 0xff, 0xff, 0xfe, 0x0, 0x0, 0x0,
    0x0, 0x3, 0xff, 0xff, 0xff, 0xff, 0xff, 0xf2,
    0x0, 0x0, 0x0, 0x0, 0x8f, 0xff, 0xff, 0xff,
    0xff, 0xff, 0x70, 0x0, 0x0, 0x0, 0xc, 0xff,
    0xff, 0xff, 0xff, 0xff, 0xfb, 0x0, 0x0, 0x0,
    0x1, 0xff, 0xff, 0xf9, 0xff, 0xff, 0xff, 0xf0,
    0x0, 0x0, 0x0, 0x5f, 0xff, 0xff, 0x6b, 0xff,
    0xff, 0xff, 0x40, 0x0, 0x0, 0xa, 0xff, 0xff,
    0xf2, 0x8f, 0xff, 0xff, 0xf9, 0x0, 0x0, 0x0,
    0xef, 0xff, 0xff, 0x4, 0xff, 0xff, 0xff, 0xd0,
    0x0, 0x0, 0x3f, 0xff, 0xff, 0xb0, 0x1f, 0xff,
    0xff, 0xff, 0x20, 0x0, 0x7, 0xff, 0xff, 0xff,
    0xff, 0xff, 0xff, 0xff, 0xf6, 0x0, 0x0, 0xcf,
    0xff, 0xff, 0xff, 0xff, 0xff, 0xff, 0xff, 0xb0,
    0x0, 0xf, 0xff, 0xff, 0xfc, 0xcc, 0xef, 0xff,
    0xff, 0xff, 0x0, 0x4, 0xff, 0xff, 0xfe, 0x0,
    0x4, 0xff, 0xff, 0xff, 0xf4, 0x3, 0xaf, 0xff,
    0xff, 0xc5, 0x12, 0x5f, 0xff, 0xff, 0xff, 0xa3,
    0xbf, 0xff, 0xff, 0xff, 0xf3, 0x8f, 0xff, 0xff,
    0xff, 0xff, 0xab, 0xff, 0xff, 0xff, 0xff, 0x38,
    0xff, 0xff, 0xff, 0xff, 0xfa, 0xbf, 0xff, 0xff,
    0xff, 0xf3, 0x8f, 0xff, 0xff, 0xff, 0xff, 0xab,
    0xff, 0xff, 0xff, 0xff, 0x38, 0xff, 0xff, 0xff,
    0xff, 0xfa,

    /* U+0042 "B" */
    0x7f, 0xff, 0xff, 0xff, 0xff, 0xff, 0xff, 0xd9,
    0x40, 0x0, 0x7f, 0xff, 0xff, 0xff, 0xff, 0xff,
    0xff, 0xff, 0xfb, 0x0, 0x7f, 0xff, 0xff, 0xff,
    0xff, 0xff, 0xff, 0xff, 0xff, 0xa0, 0x7f, 0xff,
    0xff, 0xff, 0xff, 0xff, 0xff, 0xff, 0xff, 0xf2,
    0x27, 0xff, 0xff, 0xff, 0xf6, 0x5a, 0xff, 0xff,
    0xff, 0xf4, 0x3, 0xff, 0xff, 0xff, 0xf1, 0x0,
    0xff, 0xff, 0xff, 0xf4, 0x3, 0xff, 0xff, 0xff,
    0xf1, 0x0, 0xff, 0xff, 0xff, 0xf0, 0x3, 0xff,
    0xff, 0xff, 0xf1, 0x5, 0xff, 0xff, 0xff, 0x60,
    0x3, 0xff, 0xff, 0xff, 0xff, 0xff, 0xff, 0xff,
    0xf6, 0x0, 0x3, 0xff, 0xff, 0xff, 0xff, 0xff,
    0xff, 0xf8, 0x0, 0x0, 0x3, 0xff, 0xff, 0xff,
    0xff, 0xff, 0xff, 0xff, 0xe7, 0x0, 0x3, 0xff,
    0xff, 0xff, 0xf1, 0x4, 0xff, 0xff, 0xff, 0xd0,
    0x3, 0xff, 0xff, 0xff, 0xf1, 0x0, 0xdf, 0xff,
    0xff, 0xf7, 0x3, 0xff, 0xff, 0xff, 0xf1, 0x0,
    0xdf, 0xff, 0xff, 0xfb, 0x3, 0xff, 0xff, 0xff,
    0xf1, 0x0, 0xef, 0xff, 0xff, 0xfd, 0x27, 0xff,
    0xff, 0xff, 0xf6, 0x59, 0xff, 0xff, 0xff, 0xfc,
    0x7f, 0xff, 0xff, 0xff, 0xff, 0xff, 0xff, 0xff,
    0xff, 0xf8, 0x7f, 0xff, 0xff, 0xff, 0xff, 0xff,
    0xff, 0xff, 0xff, 0xe1, 0x7f, 0xff, 0xff, 0xff,
    0xff, 0xff, 0xff, 0xff, 0xfd, 0x20, 0x7f, 0xff,
    0xff, 0xff, 0xff, 0xff, 0xff, 0xda, 0x50, 0x0,

    /* U+0043 "C" */
    0x0, 0x0, 0x1, 0x7b, 0xde, 0xff, 0xdb, 0x84,
    0x0, 0x0, 0x0, 0x1a, 0xff, 0xff, 0xff, 0xff,
    0xff, 0xfe, 0x80, 0x0, 0x2e, 0xff, 0xff, 0xff,
    0xff, 0xff, 0xff, 0xff, 0x40, 0xd, 0xff, 0xff,
    0xff, 0xff, 0xff, 0xff, 0xff, 0xf4, 0x7, 0xff,
    0xff, 0xff, 0xfd, 0xbf, 0xff, 0xff, 0xff, 0x40,
    0xef, 0xff, 0xff, 0xfc, 0x0, 0x2f, 0xff, 0xff,
    0xf4, 0x3f, 0xff, 0xff, 0xff, 0x80, 0x0, 0xff,
    0xff, 0xff, 0x47, 0xff, 0xff, 0xff, 0xf8, 0x0,
    0xf, 0xff, 0xff, 0xf4, 0x8f, 0xff, 0xff, 0xff,
    0x80, 0x0, 0x12, 0x22, 0x22, 0x9, 0xff, 0xff,
    0xff, 0xf8, 0x0, 0x0, 0x0, 0x0, 0x0, 0x9f,
    0xff, 0xff, 0xff, 0x80, 0x0, 0x0, 0x0, 0x0,
    0x8, 0xff, 0xff, 0xff, 0xf8, 0x0, 0x5, 0x55,
    0x55, 0x51, 0x7f, 0xff, 0xff, 0xff, 0x80, 0x0,
    0xff, 0xff, 0xff, 0x43, 0xff, 0xff, 0xff, 0xf8,
    0x0, 0xf, 0xff, 0xff, 0xf4, 0xe, 0xff, 0xff,
    0xff, 0xc0, 0x2, 0xff, 0xff, 0xff, 0x40, 0x8f,
    0xff, 0xff, 0xff, 0xdb, 0xff, 0xff, 0xff, 0xf4,
    0x1, 0xdf, 0xff, 0xff, 0xff, 0xff, 0xff, 0xff,
    0xff, 0x40, 0x2, 0xef, 0xff, 0xff, 0xff, 0xff,
    0xff, 0xff, 0xf4, 0x0, 0x1, 0xaf, 0xff, 0xff,
    0xff, 0xff, 0xff, 0xe7, 0x0, 0x0, 0x0, 0x17,
    0xad, 0xef, 0xfe, 0xb8, 0x40, 0x0,

    /* U+0044 "D" */
    0x7f, 0xff, 0xff, 0xff, 0xff, 0xff, 0xec, 0x82,
    0x0, 0x0, 0x7, 0xff, 0xff, 0xff, 0xff, 0xff,
    0xff, 0xff, 0xfb, 0x10, 0x0, 0x7f, 0xff, 0xff,
    0xff, 0xff, 0xff, 0xff, 0xff, 0xfe, 0x20, 0x7,
    0xff, 0xff, 0xff, 0xff, 0xff, 0xff, 0xff, 0xff,
    0xfd, 0x0, 0x27, 0xff, 0xff, 0xff, 0xf6, 0x59,
    0xff, 0xff, 0xff, 0xf7, 0x0, 0x3f, 0xff, 0xff,
    0xff, 0x10, 0xc, 0xff, 0xff, 0xff, 0xe0, 0x3,
    0xff, 0xff, 0xff, 0xf1, 0x0, 0xaf, 0xff, 0xff,
    0xff, 0x20, 0x3f, 0xff, 0xff, 0xff, 0x10, 0xa,
    0xff, 0xff, 0xff, 0xf5, 0x3, 0xff, 0xff, 0xff,
    0xf1, 0x0, 0xaf, 0xff, 0xff, 0xff, 0x70, 0x3f,
    0xff, 0xff, 0xff, 0x10, 0xa, 0xff, 0xff, 0xff,
    0xf8, 0x3, 0xff, 0xff, 0xff, 0xf1, 0x0, 0xaf,
    0xff, 0xff, 0xff, 0x80, 0x3f, 0xff, 0xff, 0xff,
    0x10, 0xa, 0xff, 0xff, 0xff, 0xf7, 0x3, 0xff,
    0xff, 0xff, 0xf1, 0x0, 0xaf, 0xff, 0xff, 0xff,
    0x50, 0x3f, 0xff, 0xff, 0xff, 0x10, 0xa, 0xff,
    0xff, 0xff, 0xf2, 0x3, 0xff, 0xff, 0xff, 0xf1,
    0x0, 0xbf, 0xff, 0xff, 0xfe, 0x2, 0x7f, 0xff,
    0xff, 0xff, 0x65, 0x8f, 0xff, 0xff, 0xff, 0x70,
    0x7f, 0xff, 0xff, 0xff, 0xff, 0xff, 0xff, 0xff,
    0xff, 0xd0, 0x7, 0xff, 0xff, 0xff, 0xff, 0xff,
    0xff, 0xff, 0xff, 0xe2, 0x0, 0x7f, 0xff, 0xff,
    0xff, 0xff, 0xff, 0xff, 0xff, 0xb1, 0x0, 0x7,
    0xff, 0xff, 0xff, 0xff, 0xff, 0xfe, 0xc8, 0x20,
    0x0, 0x0,

    /* U+0045 "E" */
    0x7f, 0xff, 0xff, 0xff, 0xff, 0xff, 0xff, 0xff,
    0xff, 0x17, 0xff, 0xff, 0xff, 0xff, 0xff, 0xff,
    0xff, 0xff, 0xf1, 0x7f, 0xff, 0xff, 0xff, 0xff,
    0xff, 0xff, 0xff, 0xff, 0x17, 0xff, 0xff, 0xff,
    0xff, 0xff, 0xff, 0xff, 0xff, 0xf1, 0x27, 0xff,
    0xff, 0xff, 0xf6, 0x55, 0xdf, 0xff, 0xff, 0x10,
    0x3f, 0xff, 0xff, 0xff, 0x10, 0xc, 0xff, 0xff,
    0xf1, 0x3, 0xff, 0xff, 0xff, 0xf1, 0x0, 0xcf,
    0xff, 0xff, 0x10, 0x3f, 0xff, 0xff, 0xff, 0x10,
    0x6, 0x88, 0x88, 0x80, 0x3, 0xff, 0xff, 0xff,
    0xff, 0xf6, 0x0, 0x0, 0x0, 0x0, 0x3f, 0xff,
    0xff, 0xff, 0xff, 0x60, 0x0, 0x0, 0x0, 0x3,
    0xff, 0xff, 0xff, 0xff, 0xf6, 0x0, 0x0, 0x0,
    0x0, 0x3f, 0xff, 0xff, 0xff, 0x10, 0x5, 0x77,
    0x77, 0x70, 0x3, 0xff, 0xff, 0xff, 0xf1, 0x0,
    0xcf, 0xff, 0xff, 0x10, 0x3f, 0xff, 0xff, 0xff,
    0x10, 0xc, 0xff, 0xff, 0xf1, 0x3, 0xff, 0xff,
    0xff, 0xf1, 0x0, 0xcf, 0xff, 0xff, 0x12, 0x7f,
    0xff, 0xff, 0xff, 0x65, 0x5d, 0xff, 0xff, 0xf1,
    0x7f, 0xff, 0xff, 0xff, 0xff, 0xff, 0xff, 0xff,
    0xff, 0x17, 0xff, 0xff, 0xff, 0xff, 0xff, 0xff,
    0xff, 0xff, 0xf1, 0x7f, 0xff, 0xff, 0xff, 0xff,
    0xff, 0xff, 0xff, 0xff, 0x17, 0xff, 0xff, 0xff,
    0xff, 0xff, 0xff, 0xff, 0xff, 0xf1,

    /* U+0046 "F" */
    0x7f, 0xff, 0xff, 0xff, 0xff, 0xff, 0xff, 0xff,
    0x17, 0xff, 0xff, 0xff, 0xff, 0xff, 0xff, 0xff,
    0xf1, 0x7f, 0xff, 0xff, 0xff, 0xff, 0xff, 0xff,
    0xff, 0x17, 0xff, 0xff, 0xff, 0xff, 0xff, 0xff,
    0xff, 0xf1, 0x27, 0xff, 0xff, 0xff, 0xf6, 0x5a,
    0xff, 0xff, 0x10, 0x3f, 0xff, 0xff, 0xff, 0x10,
    0x8f, 0xff, 0xf1, 0x3, 0xff, 0xff, 0xff, 0xf1,
    0x3, 0x66, 0x66, 0x0, 0x3f, 0xff, 0xff, 0xff,
    0x10, 0x0, 0x0, 0x0, 0x3, 0xff, 0xff, 0xff,
    0xff, 0xff, 0xf0, 0x0, 0x0, 0x3f, 0xff, 0xff,
    0xff, 0xff, 0xff, 0x0, 0x0, 0x3, 0xff, 0xff,
    0xff, 0xff, 0xff, 0xf0, 0x0, 0x0, 0x3f, 0xff,
    0xff, 0xff, 0x10, 0x0, 0x0, 0x0, 0x3, 0xff,
    0xff, 0xff, 0xf1, 0x0, 0x0, 0x0, 0x0, 0x3f,
    0xff, 0xff, 0xff, 0x10, 0x0, 0x0, 0x0, 0x3,
    0xff, 0xff, 0xff, 0xf1, 0x0, 0x0, 0x0, 0x2,
    0x7f, 0xff, 0xff, 0xff, 0x65, 0x52, 0x0, 0x0,
    0x7f, 0xff, 0xff, 0xff, 0xff, 0xff, 0x80, 0x0,
    0x7, 0xff, 0xff, 0xff, 0xff, 0xff, 0xf8, 0x0,
    0x0, 0x7f, 0xff, 0xff, 0xff, 0xff, 0xff, 0x80,
    0x0, 0x7, 0xff, 0xff, 0xff, 0xff, 0xff, 0xf8,
    0x0, 0x0,

    /* U+0047 "G" */
    0x0, 0x0, 0x0, 0x6a, 0xde, 0xff, 0xed, 0xa7,
    0x30, 0x0, 0x0, 0x0, 0x8, 0xff, 0xff, 0xff,
    0xff, 0xff, 0xff, 0xe6, 0x0, 0x0, 0x1d, 0xff,
    0xff, 0xff, 0xff, 0xff, 0xff, 0xff, 0xd0, 0x0,
    0xd, 0xff, 0xff, 0xff, 0xff, 0xff, 0xff, 0xff,
    0xfd, 0x0, 0x7, 0xff, 0xff, 0xff, 0xfd, 0xbe,
    0xff, 0xff, 0xff, 0xd0, 0x0, 0xef, 0xff, 0xff,
    0xfc, 0x0, 0xd, 0xff, 0xff, 0xfd, 0x0, 0x3f,
    0xff, 0xff, 0xff, 0x80, 0x0, 0xaf, 0xff, 0xff,
    0xd0, 0x7, 0xff, 0xff, 0xff, 0xf8, 0x0, 0x2,
    0x44, 0x44, 0x43, 0x0, 0x8f, 0xff, 0xff, 0xff,
    0x80, 0x0, 0x0, 0x0, 0x0, 0x0, 0x9, 0xff,
    0xff, 0xff, 0xf8, 0x1, 0xee, 0xee, 0xee, 0xee,
    0xe1, 0x9f, 0xff, 0xff, 0xff, 0x80, 0x1f, 0xff,
    0xff, 0xff, 0xff, 0x28, 0xff, 0xff, 0xff, 0xf8,
    0x1, 0xff, 0xff, 0xff, 0xff, 0xf2, 0x6f, 0xff,
    0xff, 0xff, 0x80, 0x1f, 0xff, 0xff, 0xff, 0xff,
    0x23, 0xff, 0xff, 0xff, 0xf8, 0x0, 0xb, 0xff,
    0xff, 0xfd, 0x0, 0xe, 0xff, 0xff, 0xff, 0xc0,
    0x1, 0xef, 0xff, 0xff, 0xd0, 0x0, 0x6f, 0xff,
    0xff, 0xff, 0xdb, 0xef, 0xff, 0xff, 0xfd, 0x0,
    0x0, 0xcf, 0xff, 0xff, 0xff, 0xff, 0xff, 0xff,
    0xff, 0xd0, 0x0, 0x1, 0xcf, 0xff, 0xff, 0xff,
    0xff, 0xff, 0xff, 0xfd, 0x0, 0x0, 0x0, 0x8f,
    0xff, 0xff, 0xff, 0xff, 0xff, 0xfe, 0x60, 0x0,
    0x0, 0x0, 0x6, 0xad, 0xef, 0xfe, 0xda, 0x73,
    0x0, 0x0,

    /* U+0048 "H" */
    0x7f, 0xff, 0xff, 0xff, 0xff, 0x58, 0xff, 0xff,
    0xff, 0xff, 0xf5, 0x7f, 0xff, 0xff, 0xff, 0xff,
    0x58, 0xff, 0xff, 0xff, 0xff, 0xf5, 0x7f, 0xff,
    0xff, 0xff, 0xff, 0x58, 0xff, 0xff, 0xff, 0xff,
    0xf5, 0x7f, 0xff, 0xff, 0xff, 0xff, 0x58, 0xff,
    0xff, 0xff, 0xff, 0xf5, 0x27, 0xff, 0xff, 0xff,
    0xf6, 0x12, 0x7f, 0xff, 0xff, 0xff, 0x51, 0x3,
    0xff, 0xff, 0xff, 0xf1, 0x0, 0x4f, 0xff, 0xff,
    0xff, 0x0, 0x3, 0xff, 0xff, 0xff, 0xf1, 0x0,
    0x4f, 0xff, 0xff, 0xff, 0x0, 0x3, 0xff, 0xff,
    0xff, 0xf1, 0x0, 0x4f, 0xff, 0xff, 0xff, 0x0,
    0x3, 0xff, 0xff, 0xff, 0xff, 0xff, 0xff, 0xff,
    0xff, 0xff, 0x0, 0x3, 0xff, 0xff, 0xff, 0xff,
    0xff, 0xff, 0xff, 0xff, 0xff, 0x0, 0x3, 0xff,
    0xff, 0xff, 0xff, 0xff, 0xff, 0xff, 0xff, 0xff,
    0x0, 0x3, 0xff, 0xff, 0xff, 0xf8, 0x88, 0xaf,
    0xff, 0xff, 0xff, 0x0, 0x3, 0xff, 0xff, 0xff,
    0xf1, 0x0, 0x4f, 0xff, 0xff, 0xff, 0x0, 0x3,
    0xff, 0xff, 0xff, 0xf1, 0x0, 0x4f, 0xff, 0xff,
    0xff, 0x0, 0x3, 0xff, 0xff, 0xff, 0xf1, 0x0,
    0x4f, 0xff, 0xff, 0xff, 0x0, 0x27, 0xff, 0xff,
    0xff, 0xf6, 0x12, 0x7f, 0xff, 0xff, 0xff, 0x51,
    0x7f, 0xff, 0xff, 0xff, 0xff, 0x58, 0xff, 0xff,
    0xff, 0xff, 0xf5, 0x7f, 0xff, 0xff, 0xff, 0xff,
    0x58, 0xff, 0xff, 0xff, 0xff, 0xf5, 0x7f, 0xff,
    0xff, 0xff, 0xff, 0x58, 0xff, 0xff, 0xff, 0xff,
    0xf5, 0x7f, 0xff, 0xff, 0xff, 0xff, 0x58, 0xff,
    0xff, 0xff, 0xff, 0xf5,

    /* U+0049 "I" */
    0x7f, 0xff, 0xff, 0xff, 0xff, 0x67, 0xff, 0xff,
    0xff, 0xff, 0xf6, 0x7f, 0xff, 0xff, 0xff, 0xff,
    0x67, 0xff, 0xff, 0xff, 0xff, 0xf6, 0x27, 0xff,
    0xff, 0xff, 0xf6, 0x20, 0x3f, 0xff, 0xff, 0xff,
    0x10, 0x3, 0xff, 0xff, 0xff, 0xf1, 0x0, 0x3f,
    0xff, 0xff, 0xff, 0x10, 0x3, 0xff, 0xff, 0xff,
    0xf1, 0x0, 0x3f, 0xff, 0xff, 0xff, 0x10, 0x3,
    0xff, 0xff, 0xff, 0xf1, 0x0, 0x3f, 0xff, 0xff,
    0xff, 0x10, 0x3, 0xff, 0xff, 0xff, 0xf1, 0x0,
    0x3f, 0xff, 0xff, 0xff, 0x10, 0x3, 0xff, 0xff,
    0xff, 0xf1, 0x2, 0x7f, 0xff, 0xff, 0xff, 0x62,
    0x7f, 0xff, 0xff, 0xff, 0xff, 0x67, 0xff, 0xff,
    0xff, 0xff, 0xf6, 0x7f, 0xff, 0xff, 0xff, 0xff,
    0x67, 0xff, 0xff, 0xff, 0xff, 0xf6,

    /* U+004A "J" */
    0x0, 0x0, 0x1, 0xff, 0xff, 0xff, 0xff, 0xff,
    0xd0, 0x0, 0x0, 0x1f, 0xff, 0xff, 0xff, 0xff,
    0xfd, 0x0, 0x0, 0x1, 0xff, 0xff, 0xff, 0xff,
    0xff, 0xd0, 0x0, 0x0, 0x1f, 0xff, 0xff, 0xff,
    0xff, 0xfd, 0x0, 0x0, 0x0, 0x55, 0xdf, 0xff,
    0xff, 0xfb, 0x40, 0x0, 0x0, 0x0, 0xb, 0xff,
    0xff, 0xff, 0x80, 0x0, 0x0, 0x0, 0x0, 0xbf,
    0xff, 0xff, 0xf8, 0x0, 0x0, 0x0, 0x0, 0xb,
    0xff, 0xff, 0xff, 0x80, 0x0, 0x0, 0x0, 0x0,
    0xbf, 0xff, 0xff, 0xf8, 0x0, 0x0, 0x0, 0x0,
    0xb, 0xff, 0xff, 0xff, 0x80, 0x0, 0x0, 0x0,
    0x0, 0xbf, 0xff, 0xff, 0xf8, 0x0, 0x0, 0x0,
    0x0, 0xb, 0xff, 0xff, 0xff, 0x80, 0x0, 0x0,
    0x0, 0x0, 0xbf, 0xff, 0xff, 0xf8, 0x2, 0x44,
    0x44, 0x20, 0xb, 0xff, 0xff, 0xff, 0x70, 0xbf,
    0xff, 0xfa, 0x0, 0xdf, 0xff, 0xff, 0xf5, 0xb,
    0xff, 0xff, 0xfc, 0xdf, 0xff, 0xff, 0xff, 0x10,
    0xbf, 0xff, 0xff, 0xff, 0xff, 0xff, 0xff, 0xa0,
    0xb, 0xff, 0xff, 0xff, 0xff, 0xff, 0xff, 0xd1,
    0x0, 0x4e, 0xff, 0xff, 0xff, 0xff, 0xff, 0xb1,
    0x0, 0x0, 0x4, 0x9c, 0xef, 0xfe, 0xc9, 0x30,
    0x0, 0x0,

    /* U+004B "K" */
    0x7f, 0xff, 0xff, 0xff, 0xff, 0x58, 0xff, 0xff,
    0xff, 0xff, 0xf2, 0x7f, 0xff, 0xff, 0xff, 0xff,
    0x58, 0xff, 0xff, 0xff, 0xff, 0xf2, 0x7f, 0xff,
    0xff, 0xff, 0xff, 0x58, 0xff, 0xff, 0xff, 0xff,
    0xf2, 0x7f, 0xff, 0xff, 0xff, 0xff, 0x58, 0xff,
    0xff, 0xff, 0xff, 0xf2, 0x27, 0xff, 0xff, 0xff,
    0xf6, 0x12, 0x8f, 0xff, 0xff, 0xf9, 0x50, 0x3,
    0xff, 0xff, 0xff, 0xf1, 0x5, 0xff, 0xff, 0xff,
    0x60, 0x0, 0x3, 0xff, 0xff, 0xff, 0xf1, 0x8f,
    0xff, 0xff, 0xe3, 0x0, 0x0, 0x3, 0xff, 0xff,
    0xff, 0xfb, 0xff, 0xff, 0xfd, 0x10, 0x0, 0x0,
    0x3, 0xff, 0xff, 0xff, 0xff, 0xff, 0xff, 0xfe,
    0x0, 0x0, 0x0, 0x3, 0xff, 0xff, 0xff, 0xff,
    0xff, 0xff, 0xff, 0x70, 0x0, 0x0, 0x3, 0xff,
    0xff, 0xff, 0xff, 0xff, 0xff, 0xff, 0xf1, 0x0,
    0x0, 0x3, 0xff, 0xff, 0xff, 0xff, 0xff, 0xff,
    0xff, 0xf9, 0x0, 0x0, 0x3, 0xff, 0xff, 0xff,
    0xfa, 0x7f, 0xff, 0xff, 0xff, 0x30, 0x0, 0x3,
    0xff, 0xff, 0xff, 0xf1, 0xe, 0xff, 0xff, 0xff,
    0xc0, 0x0, 0x3, 0xff, 0xff, 0xff, 0xf1, 0x7,
    0xff, 0xff, 0xff, 0xf5, 0x0, 0x27, 0xff, 0xff,
    0xff, 0xf6, 0x10, 0xef, 0xff, 0xff, 0xfd, 0x51,
    0x7f, 0xff, 0xff, 0xff, 0xff, 0x50, 0x8f, 0xff,
    0xff, 0xff, 0xf4, 0x7f, 0xff, 0xff, 0xff, 0xff,
    0x50, 0x1f, 0xff, 0xff, 0xff, 0xf4, 0x7f, 0xff,
    0xff, 0xff, 0xff, 0x50, 0x8, 0xff, 0xff, 0xff,
    0xf4, 0x7f, 0xff, 0xff, 0xff, 0xff, 0x50, 0x1,
    0xff, 0xff, 0xff, 0xf4,

    /* U+004C "L" */
    0x7f, 0xff, 0xff, 0xff, 0xff, 0xf7, 0x0, 0x0,
    0x7, 0xff, 0xff, 0xff, 0xff, 0xff, 0x70, 0x0,
    0x0, 0x7f, 0xff, 0xff, 0xff, 0xff, 0xf7, 0x0,
    0x0, 0x7, 0xff, 0xff, 0xff, 0xff, 0xff, 0x70,
    0x0, 0x0, 0x27, 0xff, 0xff, 0xff, 0xf6, 0x52,
    0x0, 0x0, 0x0, 0x3f, 0xff, 0xff, 0xff, 0x10,
    0x0, 0x0, 0x0, 0x3, 0xff, 0xff, 0xff, 0xf1,
    0x0, 0x0, 0x0, 0x0, 0x3f, 0xff, 0xff, 0xff,
    0x10, 0x0, 0x0, 0x0, 0x3, 0xff, 0xff, 0xff,
    0xf1, 0x0, 0x0, 0x0, 0x0, 0x3f, 0xff, 0xff,
    0xff, 0x10, 0x0, 0x0, 0x0, 0x3, 0xff, 0xff,
    0xff, 0xf1, 0x0, 0x0, 0x0, 0x0, 0x3f, 0xff,
    0xff, 0xff, 0x10, 0x0, 0x0, 0x0, 0x3, 0xff,
    0xff, 0xff, 0xf1, 0x0, 0x0, 0x0, 0x0, 0x3f,
    0xff, 0xff, 0xff, 0x10, 0x5a, 0xaa, 0xa6, 0x3,
    0xff, 0xff, 0xff, 0xf1, 0x9, 0xff, 0xff, 0x92,
    0x7f, 0xff, 0xff, 0xff, 0x65, 0xbf, 0xff, 0xf9,
    0x7f, 0xff, 0xff, 0xff, 0xff, 0xff, 0xff, 0xff,
    0x97, 0xff, 0xff, 0xff, 0xff, 0xff, 0xff, 0xff,
    0xf9, 0x7f, 0xff, 0xff, 0xff, 0xff, 0xff, 0xff,
    0xff, 0x97, 0xff, 0xff, 0xff, 0xff, 0xff, 0xff,
    0xff, 0xf9,

    /* U+004D "M" */
    0x7f, 0xff, 0xff, 0xff, 0xff, 0xff, 0x90, 0x0,
    0x6, 0xff, 0xff, 0xff, 0xff, 0xff, 0xf3, 0x7f,
    0xff, 0xff, 0xff, 0xff, 0xff, 0xe0, 0x0, 0xc,
    0xff, 0xff, 0xff, 0xff, 0xff, 0xf3, 0x7f, 0xff,
    0xff, 0xff, 0xff, 0xff, 0xf4, 0x0, 0x1f, 0xff,
    0xff, 0xff, 0xff, 0xff, 0xf3, 0x7f, 0xff, 0xff,
    0xff, 0xff, 0xff, 0xf9, 0x0, 0x6f, 0xff, 0xff,
    0xff, 0xff, 0xff, 0xf3, 0x27, 0xff, 0xff, 0xff,
    0xff, 0xff, 0xfe, 0x0, 0xbf, 0xff, 0xff, 0xff,
    0xff, 0xfe, 0x51, 0x3, 0xff, 0xff, 0xff, 0xff,
    0xff, 0xff, 0x41, 0xff, 0xff, 0xff, 0xff, 0xff,
    0xfe, 0x0, 0x3, 0xff, 0xff, 0xff, 0xff, 0xff,
    0xff, 0x96, 0xff, 0xff, 0xff, 0xff, 0xff, 0xfe,
    0x0, 0x3, 0xff, 0xff, 0xfd, 0xff, 0xff, 0xff,
    0xeb, 0xff, 0xff, 0xcf, 0xff, 0xff, 0xfe, 0x0,
    0x3, 0xff, 0xff, 0xfc, 0xaf, 0xff, 0xff, 0xff,
    0xff, 0xff, 0x7f, 0xff, 0xff, 0xfe, 0x0, 0x3,
    0xff, 0xff, 0xfc, 0x5f, 0xff, 0xff, 0xff, 0xff,
    0xfb, 0x6f, 0xff, 0xff, 0xfe, 0x0, 0x3, 0xff,
    0xff, 0xfc, 0xf, 0xff, 0xff, 0xff, 0xff, 0xf6,
    0x6f, 0xff, 0xff, 0xfe, 0x0, 0x3, 0xff, 0xff,
    0xfc, 0x9, 0xff, 0xff, 0xff, 0xff, 0xf1, 0x6f,
    0xff, 0xff, 0xfe, 0x0, 0x3, 0xff, 0xff, 0xfc,
    0x4, 0xff, 0xff, 0xff, 0xff, 0xb0, 0x6f, 0xff,
    0xff, 0xfe, 0x0, 0x3, 0xff, 0xff, 0xfc, 0x0,
    0xef, 0xff, 0xff, 0xff, 0x60, 0x6f, 0xff, 0xff,
    0xfe, 0x0, 0x3, 0xff, 0xff, 0xfc, 0x0, 0x9f,
    0xff, 0xff, 0xff, 0x10, 0x6f, 0xff, 0xff, 0xfe,
    0x0, 0x27, 0xff, 0xff, 0xfd, 0x50, 0x3f, 0xff,
    0xff, 0xfb, 0x3, 0x9f, 0xff, 0xff, 0xfe, 0x51,
    0x7f, 0xff, 0xff, 0xff, 0xf0, 0xd, 0xff, 0xff,
    0xf6, 0xa, 0xff, 0xff, 0xff, 0xff, 0xf3, 0x7f,
    0xff, 0xff, 0xff, 0xf0, 0x8, 0xff, 0xff, 0xf1,
    0xa, 0xff, 0xff, 0xff, 0xff, 0xf3, 0x7f, 0xff,
    0xff, 0xff, 0xf0, 0x2, 0xff, 0xff, 0xb0, 0xa,
    0xff, 0xff, 0xff, 0xff, 0xf3, 0x7f, 0xff, 0xff,
    0xff, 0xf0, 0x0, 0xdf, 0xff, 0x50, 0xa, 0xff,
    0xff, 0xff, 0xff, 0xf3,

    /* U+004E "N" */
    0x7f, 0xff, 0xff, 0xff, 0xff, 0x30, 0x0, 0x8,
    0xff, 0xff, 0xff, 0xff, 0x7, 0xff, 0xff, 0xff,
    0xff, 0xfd, 0x0, 0x0, 0x8f, 0xff, 0xff, 0xff,
    0xf0, 0x7f, 0xff, 0xff, 0xff, 0xff, 0xf9, 0x0,
    0x8, 0xff, 0xff, 0xff, 0xff, 0x7, 0xff, 0xff,
    0xff, 0xff, 0xff, 0xf3, 0x0, 0x8f, 0xff, 0xff,
    0xff, 0xf0, 0x27, 0xff, 0xff, 0xff, 0xff, 0xff,
    0xd0, 0x2, 0x7f, 0xff, 0xff, 0xc5, 0x0, 0x3f,
    0xff, 0xff, 0xff, 0xff, 0xff, 0x80, 0x4, 0xff,
    0xff, 0xfb, 0x0, 0x3, 0xff, 0xff, 0xff, 0xff,
    0xff, 0xff, 0x30, 0x4f, 0xff, 0xff, 0xb0, 0x0,
    0x3f, 0xff, 0xff, 0xff, 0xff, 0xff, 0xfd, 0x4,
    0xff, 0xff, 0xfb, 0x0, 0x3, 0xff, 0xff, 0xfe,
    0xff, 0xff, 0xff, 0xf8, 0x4f, 0xff, 0xff, 0xb0,
    0x0, 0x3f, 0xff, 0xff, 0xc8, 0xff, 0xff, 0xff,
    0xf7, 0xff, 0xff, 0xfb, 0x0, 0x3, 0xff, 0xff,
    0xfc, 0xd, 0xff, 0xff, 0xff, 0xff, 0xff, 0xff,
    0xb0, 0x0, 0x3f, 0xff, 0xff, 0xc0, 0x3f, 0xff,
    0xff, 0xff, 0xff, 0xff, 0xfb, 0x0, 0x3, 0xff,
    0xff, 0xfc, 0x0, 0x8f, 0xff, 0xff, 0xff, 0xff,
    0xff, 0xb0, 0x0, 0x3f, 0xff, 0xff, 0xc0, 0x0,
    0xdf, 0xff, 0xff, 0xff, 0xff, 0xfb, 0x0, 0x3,
    0xff, 0xff, 0xfc, 0x0, 0x3, 0xff, 0xff, 0xff,
    0xff, 0xff, 0xb0, 0x2, 0x7f, 0xff, 0xff, 0xd5,
    0x0, 0x8, 0xff, 0xff, 0xff, 0xff, 0xfb, 0x0,
    0x7f, 0xff, 0xff, 0xff, 0xf0, 0x0, 0xd, 0xff,
    0xff, 0xff, 0xff, 0xb0, 0x7, 0xff, 0xff, 0xff,
    0xff, 0x0, 0x0, 0x3f, 0xff, 0xff, 0xff, 0xfb,
    0x0, 0x7f, 0xff, 0xff, 0xff, 0xf0, 0x0, 0x0,
    0x9f, 0xff, 0xff, 0xff, 0xb0, 0x7, 0xff, 0xff,
    0xff, 0xff, 0x0, 0x0, 0x0, 0xdf, 0xff, 0xff,
    0xfb, 0x0,

    /* U+004F "O" */
    0x0, 0x0, 0x2, 0x7b, 0xef, 0xfe, 0xda, 0x60,
    0x0, 0x0, 0x0, 0x0, 0x1b, 0xff, 0xff, 0xff,
    0xff, 0xff, 0xe6, 0x0, 0x0, 0x0, 0x3e, 0xff,
    0xff, 0xff, 0xff, 0xff, 0xff, 0xfa, 0x0, 0x0,
    0x1e, 0xff, 0xff, 0xff, 0xff, 0xff, 0xff, 0xff,
    0xf8, 0x0, 0x8, 0xff, 0xff, 0xff, 0xfd, 0xbf,
    0xff, 0xff, 0xff, 0xf2, 0x0, 0xff, 0xff, 0xff,
    0xfc, 0x0, 0x2f, 0xff, 0xff, 0xff, 0x80, 0x3f,
    0xff, 0xff, 0xff, 0x80, 0x0, 0xff, 0xff, 0xff,
    0xfd, 0x7, 0xff, 0xff, 0xff, 0xf8, 0x0, 0xf,
    0xff, 0xff, 0xff, 0xf0, 0x8f, 0xff, 0xff, 0xff,
    0x80, 0x0, 0xff, 0xff, 0xff, 0xff, 0x29, 0xff,
    0xff, 0xff, 0xf8, 0x0, 0xf, 0xff, 0xff, 0xff,
    0xf3, 0x9f, 0xff, 0xff, 0xff, 0x80, 0x0, 0xff,
    0xff, 0xff, 0xff, 0x38, 0xff, 0xff, 0xff, 0xf8,
    0x0, 0xf, 0xff, 0xff, 0xff, 0xf2, 0x7f, 0xff,
    0xff, 0xff, 0x80, 0x0, 0xff, 0xff, 0xff, 0xff,
    0x3, 0xff, 0xff, 0xff, 0xf8, 0x0, 0xf, 0xff,
    0xff, 0xff, 0xd0, 0xf, 0xff, 0xff, 0xff, 0xc0,
    0x2, 0xff, 0xff, 0xff, 0xf9, 0x0, 0x8f, 0xff,
    0xff, 0xff, 0xdb, 0xff, 0xff, 0xff, 0xff, 0x20,
    0x1, 0xef, 0xff, 0xff, 0xff, 0xff, 0xff, 0xff,
    0xff, 0x80, 0x0, 0x3, 0xef, 0xff, 0xff, 0xff,
    0xff, 0xff, 0xff, 0xb0, 0x0, 0x0, 0x1, 0xbf,
    0xff, 0xff, 0xff, 0xff, 0xfe, 0x70, 0x0, 0x0,
    0x0, 0x0, 0x28, 0xbe, 0xff, 0xed, 0xa6, 0x0,
    0x0, 0x0,

    /* U+0050 "P" */
    0x7f, 0xff, 0xff, 0xff, 0xff, 0xff, 0xfe, 0xb6,
    0x0, 0x7, 0xff, 0xff, 0xff, 0xff, 0xff, 0xff,
    0xff, 0xfe, 0x20, 0x7f, 0xff, 0xff, 0xff, 0xff,
    0xff, 0xff, 0xff, 0xfe, 0x7, 0xff, 0xff, 0xff,
    0xff, 0xff, 0xff, 0xff, 0xff, 0xf6, 0x27, 0xff,
    0xff, 0xff, 0xf6, 0x6e, 0xff, 0xff, 0xff, 0xa0,
    0x3f, 0xff, 0xff, 0xff, 0x10, 0x9f, 0xff, 0xff,
    0xfc, 0x3, 0xff, 0xff, 0xff, 0xf1, 0x8, 0xff,
    0xff, 0xff, 0xc0, 0x3f, 0xff, 0xff, 0xff, 0x10,
    0xbf, 0xff, 0xff, 0xfa, 0x3, 0xff, 0xff, 0xff,
    0xfc, 0xdf, 0xff, 0xff, 0xff, 0x60, 0x3f, 0xff,
    0xff, 0xff, 0xff, 0xff, 0xff, 0xff, 0xe0, 0x3,
    0xff, 0xff, 0xff, 0xff, 0xff, 0xff, 0xff, 0xe3,
    0x0, 0x3f, 0xff, 0xff, 0xff, 0xff, 0xff, 0xeb,
    0x60, 0x0, 0x3, 0xff, 0xff, 0xff, 0xf1, 0x0,
    0x0, 0x0, 0x0, 0x0, 0x3f, 0xff, 0xff, 0xff,
    0x10, 0x0, 0x0, 0x0, 0x0, 0x3, 0xff, 0xff,
    0xff, 0xf1, 0x0, 0x0, 0x0, 0x0, 0x2, 0x7f,
    0xff, 0xff, 0xff, 0x65, 0x20, 0x0, 0x0, 0x0,
    0x7f, 0xff, 0xff, 0xff, 0xff, 0xf9, 0x0, 0x0,
    0x0, 0x7, 0xff, 0xff, 0xff, 0xff, 0xff, 0x90,
    0x0, 0x0, 0x0, 0x7f, 0xff, 0xff, 0xff, 0xff,
    0xf9, 0x0, 0x0, 0x0, 0x7, 0xff, 0xff, 0xff,
    0xff, 0xff, 0x90, 0x0, 0x0, 0x0,

    /* U+0051 "Q" */
    0x0, 0x0, 0x1, 0x6a, 0xdf, 0xfe, 0xda, 0x50,
    0x0, 0x0, 0x0, 0x0, 0x8, 0xff, 0xff, 0xff,
    0xff, 0xff, 0xe6, 0x0, 0x0, 0x0, 0xc, 0xff,
    0xff, 0xff, 0xff, 0xff, 0xff, 0xfa, 0x0, 0x0,
    0xa, 0xff, 0xff, 0xff, 0xff, 0xff, 0xff, 0xff,
    0xf9, 0x0, 0x5, 0xff, 0xff, 0xff, 0xfd, 0xbf,
    0xff, 0xff, 0xff, 0xf2, 0x0, 0xcf, 0xff, 0xff,
    0xfc, 0x0, 0x3f, 0xff, 0xff, 0xff, 0x90, 0x1f,
    0xff, 0xff, 0xff, 0x80, 0x0, 0xff, 0xff, 0xff,
    0xfe, 0x5, 0xff, 0xff, 0xff, 0xf8, 0x0, 0xf,
    0xff, 0xff, 0xff, 0xf1, 0x8f, 0xff, 0xff, 0xff,
    0x80, 0x0, 0xff, 0xff, 0xff, 0xff, 0x29, 0xff,
    0xff, 0xff, 0xf8, 0x0, 0xf, 0xff, 0xff, 0xff,
    0xf3, 0x9f, 0xff, 0xff, 0xff, 0x80, 0x0, 0xff,
    0xff, 0xff, 0xff, 0x29, 0xff, 0xff, 0xff, 0xf8,
    0x0, 0xf, 0xff, 0xff, 0xff, 0xf0, 0x8f, 0xff,
    0xff, 0xff, 0x80, 0x0, 0xff, 0xff, 0xff, 0xfc,
    0x6, 0xff, 0xff, 0xff, 0xf8, 0x0, 0xf, 0xff,
    0xff, 0xff, 0x60, 0x3f, 0xff, 0xff, 0xff, 0x80,
    0x0, 0xff, 0xff, 0xff, 0xd0, 0x0, 0xef, 0xff,
    0xff, 0xfa, 0x0, 0x1f, 0xff, 0xff, 0xf2, 0x0,
    0x9, 0xff, 0xff, 0xff, 0xf8, 0x6c, 0xff, 0xff,
    0xfb, 0x55, 0x30, 0x1f, 0xff, 0xff, 0xff, 0xff,
    0xff, 0xff, 0xff, 0xff, 0xfa, 0x0, 0x5f, 0xff,
    0xff, 0xff, 0xff, 0xff, 0xff, 0xff, 0xff, 0xa0,
    0x0, 0x6f, 0xff, 0xff, 0xff, 0xff, 0xff, 0xff,
    0xff, 0xfa, 0x0, 0x0, 0x3d, 0xff, 0xff, 0xff,
    0xff, 0xff, 0xff, 0xff, 0xa0, 0x0, 0x0, 0x5,
    0xbf, 0xff, 0xff, 0xff, 0xff, 0xff, 0xfa, 0x0,
    0x0, 0x0, 0x0, 0x14, 0x79, 0xbc, 0xde, 0xff,
    0xff, 0xa0,

    /* U+0052 "R" */
    0x7f, 0xff, 0xff, 0xff, 0xff, 0xff, 0xff, 0xda,
    0x40, 0x0, 0x7, 0xff, 0xff, 0xff, 0xff, 0xff,
    0xff, 0xff, 0xff, 0xb0, 0x0, 0x7f, 0xff, 0xff,
    0xff, 0xff, 0xff, 0xff, 0xff, 0xff, 0x90, 0x7,
    0xff, 0xff, 0xff, 0xff, 0xff, 0xff, 0xff, 0xff,
    0xff, 0x0, 0x27, 0xff, 0xff, 0xff, 0xf6, 0x5a,
    0xff, 0xff, 0xff, 0xf4, 0x0, 0x3f, 0xff, 0xff,
    0xff, 0x10, 0xf, 0xff, 0xff, 0xff, 0x50, 0x3,
    0xff, 0xff, 0xff, 0xf1, 0x0, 0xff, 0xff, 0xff,
    0xf3, 0x0, 0x3f, 0xff, 0xff, 0xff, 0x10, 0x5f,
    0xff, 0xff, 0xff, 0x0, 0x3, 0xff, 0xff, 0xff,
    0xff, 0xff, 0xff, 0xff, 0xff, 0x80, 0x0, 0x3f,
    0xff, 0xff, 0xff, 0xff, 0xff, 0xff, 0xff, 0x90,
    0x0, 0x3, 0xff, 0xff, 0xff, 0xff, 0xff, 0xff,
    0xff, 0xd5, 0x0, 0x0, 0x3f, 0xff, 0xff, 0xff,
    0x45, 0xbf, 0xff, 0xff, 0xf8, 0x0, 0x3, 0xff,
    0xff, 0xff, 0xf1, 0x0, 0xff, 0xff, 0xff, 0xf0,
    0x0, 0x3f, 0xff, 0xff, 0xff, 0x10, 0xe, 0xff,
    0xff, 0xff, 0x20, 0x3, 0xff, 0xff, 0xff, 0xf1,
    0x0, 0xdf, 0xff, 0xff, 0xf2, 0x2, 0x7f, 0xff,
    0xff, 0xff, 0x64, 0xd, 0xff, 0xff, 0xff, 0x61,
    0x7f, 0xff, 0xff, 0xff, 0xff, 0xd0, 0xdf, 0xff,
    0xff, 0xff, 0x67, 0xff, 0xff, 0xff, 0xff, 0xfd,
    0xd, 0xff, 0xff, 0xff, 0xf6, 0x7f, 0xff, 0xff,
    0xff, 0xff, 0xd0, 0xdf, 0xff, 0xff, 0xff, 0x67,
    0xff, 0xff, 0xff, 0xff, 0xfd, 0xd, 0xff, 0xff,
    0xff, 0xf6,

    /* U+0053 "S" */
    0x0, 0x2, 0x7b, 0xde, 0xff, 0xed, 0xa6, 0x20,
    0x0, 0x0, 0xaf, 0xff, 0xff, 0xff, 0xff, 0xff,
    0xfc, 0x20, 0xb, 0xff, 0xff, 0xff, 0xff, 0xff,
    0xff, 0xff, 0x60, 0x5f, 0xff, 0xff, 0xff, 0xff,
    0xff, 0xff, 0xff, 0x60, 0xaf, 0xff, 0xff, 0xff,
    0xff, 0xff, 0xff, 0xff, 0x60, 0xcf, 0xff, 0xff,
    0xff, 0x61, 0x4f, 0xff, 0xff, 0x60, 0xcf, 0xff,
    0xff, 0xff, 0x80, 0x3, 0x44, 0x44, 0x10, 0x9f,
    0xff, 0xff, 0xff, 0xff, 0xa5, 0x0, 0x0, 0x0,
    0x3f, 0xff, 0xff, 0xff, 0xff, 0xff, 0xf9, 0x20,
    0x0, 0x9, 0xff, 0xff, 0xff, 0xff, 0xff, 0xff,
    0xf6, 0x0, 0x0, 0x7f, 0xff, 0xff, 0xff, 0xff,
    0xff, 0xff, 0x50, 0x0, 0x1, 0x9e, 0xff, 0xff,
    0xff, 0xff, 0xff, 0xe0, 0x0, 0x0, 0x0, 0x49,
    0xff, 0xff, 0xff, 0xff, 0xf2, 0x47, 0x77, 0x77,
    0x10, 0x1d, 0xff, 0xff, 0xff, 0xf4, 0x9f, 0xff,
    0xff, 0x92, 0x2d, 0xff, 0xff, 0xff, 0xf3, 0x9f,
    0xff, 0xff, 0xff, 0xff, 0xff, 0xff, 0xff, 0xf1,
    0x9f, 0xff, 0xff, 0xff, 0xff, 0xff, 0xff, 0xff,
    0xb0, 0x9f, 0xff, 0xff, 0xff, 0xff, 0xff, 0xff,
    0xfe, 0x20, 0x6f, 0xff, 0xff, 0xff, 0xff, 0xff,
    0xff, 0xc2, 0x0, 0x0, 0x47, 0xac, 0xef, 0xff,
    0xec, 0x83, 0x0, 0x0,

    /* U+0054 "T" */
    0xaf, 0xff, 0xff, 0xff, 0xff, 0xff, 0xff, 0xff,
    0xff, 0xfe, 0xaf, 0xff, 0xff, 0xff, 0xff, 0xff,
    0xff, 0xff, 0xff, 0xfe, 0xaf, 0xff, 0xff, 0xff,
    0xff, 0xff, 0xff, 0xff, 0xff, 0xfe, 0xaf, 0xff,
    0xff, 0xff, 0xff, 0xff, 0xff, 0xff, 0xff, 0xfe,
    0xaf, 0xff, 0xe5, 0xaf, 0xff, 0xff, 0xfd, 0x5b,
    0xff, 0xfe, 0xaf, 0xff, 0xd0, 0x8f, 0xff, 0xff,
    0xfc, 0x9, 0xff, 0xfe, 0x34, 0x44, 0x40, 0x8f,
    0xff, 0xff, 0xfc, 0x2, 0x44, 0x44, 0x0, 0x0,
    0x0, 0x8f, 0xff, 0xff, 0xfc, 0x0, 0x0, 0x0,
    0x0, 0x0, 0x0, 0x8f, 0xff, 0xff, 0xfc, 0x0,
    0x0, 0x0, 0x0, 0x0, 0x0, 0x8f, 0xff, 0xff,
    0xfc, 0x0, 0x0, 0x0, 0x0, 0x0, 0x0, 0x8f,
    0xff, 0xff, 0xfc, 0x0, 0x0, 0x0, 0x0, 0x0,
    0x0, 0x8f, 0xff, 0xff, 0xfc, 0x0, 0x0, 0x0,
    0x0, 0x0, 0x0, 0x8f, 0xff, 0xff, 0xfc, 0x0,
    0x0, 0x0, 0x0, 0x0, 0x0, 0x8f, 0xff, 0xff,
    0xfc, 0x0, 0x0, 0x0, 0x0, 0x0, 0x0, 0x8f,
    0xff, 0xff, 0xfc, 0x0, 0x0, 0x0, 0x0, 0x0,
    0x15, 0xaf, 0xff, 0xff, 0xfd, 0x52, 0x0, 0x0,
    0x0, 0x0, 0x5f, 0xff, 0xff, 0xff, 0xff, 0xf9,
    0x0, 0x0, 0x0, 0x0, 0x5f, 0xff, 0xff, 0xff,
    0xff, 0xf9, 0x0, 0x0, 0x0, 0x0, 0x5f, 0xff,
    0xff, 0xff, 0xff, 0xf9, 0x0, 0x0, 0x0, 0x0,
    0x5f, 0xff, 0xff, 0xff, 0xff, 0xf9, 0x0, 0x0,

    /* U+0055 "U" */
    0x9f, 0xff, 0xff, 0xff, 0xff, 0x1f, 0xff, 0xff,
    0xff, 0xfe, 0x9f, 0xff, 0xff, 0xff, 0xff, 0x1f,
    0xff, 0xff, 0xff, 0xfe, 0x9f, 0xff, 0xff, 0xff,
    0xff, 0x1f, 0xff, 0xff, 0xff, 0xfe, 0x9f, 0xff,
    0xff, 0xff, 0xff, 0x1f, 0xff, 0xff, 0xff, 0xfe,
    0x28, 0xff, 0xff, 0xff, 0xf5, 0x5, 0xff, 0xff,
    0xff, 0xb4, 0x4, 0xff, 0xff, 0xff, 0xf0, 0x0,
    0xff, 0xff, 0xff, 0x90, 0x4, 0xff, 0xff, 0xff,
    0xf0, 0x0, 0xff, 0xff, 0xff, 0x90, 0x4, 0xff,
    0xff, 0xff, 0xf0, 0x0, 0xff, 0xff, 0xff, 0x90,
    0x4, 0xff, 0xff, 0xff, 0xf0, 0x0, 0xff, 0xff,
    0xff, 0x90, 0x4, 0xff, 0xff, 0xff, 0xf0, 0x0,
    0xff, 0xff, 0xff, 0x90, 0x4, 0xff, 0xff, 0xff,
    0xf0, 0x0, 0xff, 0xff, 0xff, 0x90, 0x4, 0xff,
    0xff, 0xff, 0xf0, 0x0, 0xff, 0xff, 0xff, 0x90,
    0x4, 0xff, 0xff, 0xff, 0xf0, 0x0, 0xff, 0xff,
    0xff, 0x90, 0x3, 0xff, 0xff, 0xff, 0xf0, 0x0,
    0xff, 0xff, 0xff, 0x80, 0x1, 0xff, 0xff, 0xff,
    0xf2, 0x2, 0xff, 0xff, 0xff, 0x60, 0x0, 0xdf,
    0xff, 0xff, 0xfe, 0xbe, 0xff, 0xff, 0xff, 0x30,
    0x0, 0x7f, 0xff, 0xff, 0xff, 0xff, 0xff, 0xff,
    0xfc, 0x0, 0x0, 0xc, 0xff, 0xff, 0xff, 0xff,
    0xff, 0xff, 0xf3, 0x0, 0x0, 0x0, 0xaf, 0xff,
    0xff, 0xff, 0xff, 0xfd, 0x30, 0x0, 0x0, 0x0,
    0x2, 0x8b, 0xef, 0xfe, 0xda, 0x50, 0x0, 0x0,

    /* U+0056 "V" */
    0xbf, 0xff, 0xff, 0xff, 0xff, 0x49, 0xff, 0xff,
    0xff, 0xff, 0x2b, 0xff, 0xff, 0xff, 0xff, 0xf4,
    0x9f, 0xff, 0xff, 0xff, 0xf2, 0xbf, 0xff, 0xff,
    0xff, 0xff, 0x49, 0xff, 0xff, 0xff, 0xff, 0x2b,
    0xff, 0xff, 0xff, 0xff, 0xf4, 0x9f, 0xff, 0xff,
    0xff, 0xf2, 0x3a, 0xff, 0xff, 0xff, 0xf5, 0x12,
    0x8f, 0xff, 0xff, 0xf5, 0x0, 0x4f, 0xff, 0xff,
    0xff, 0x30, 0x7, 0xff, 0xff, 0xfb, 0x0, 0x0,
    0xff, 0xff, 0xff, 0xf6, 0x0, 0xaf, 0xff, 0xff,
    0x60, 0x0, 0xb, 0xff, 0xff, 0xff, 0x90, 0xe,
    0xff, 0xff, 0xf2, 0x0, 0x0, 0x6f, 0xff, 0xff,
    0xfd, 0x1, 0xff, 0xff, 0xfd, 0x0, 0x0, 0x1,
    0xff, 0xff, 0xff, 0xf0, 0x5f, 0xff, 0xff, 0x80,
    0x0, 0x0, 0xd, 0xff, 0xff, 0xff, 0x48, 0xff,
    0xff, 0xf3, 0x0, 0x0, 0x0, 0x8f, 0xff, 0xff,
    0xf7, 0xcf, 0xff, 0xfe, 0x0, 0x0, 0x0, 0x3,
    0xff, 0xff, 0xff, 0xcf, 0xff, 0xff, 0xa0, 0x0,
    0x0, 0x0, 0xe, 0xff, 0xff, 0xff, 0xff, 0xff,
    0xf5, 0x0, 0x0, 0x0, 0x0, 0xaf, 0xff, 0xff,
    0xff, 0xff, 0xff, 0x10, 0x0, 0x0, 0x0, 0x5,
    0xff, 0xff, 0xff, 0xff, 0xff, 0xc0, 0x0, 0x0,
    0x0, 0x0, 0xf, 0xff, 0xff, 0xff, 0xff, 0xf7,
    0x0, 0x0, 0x0, 0x0, 0x0, 0xbf, 0xff, 0xff,
    0xff, 0xff, 0x20, 0x0, 0x0, 0x0, 0x0, 0x7,
    0xff, 0xff, 0xff, 0xff, 0xe0, 0x0, 0x0, 0x0,
    0x0, 0x0, 0x2f, 0xff, 0xff, 0xff, 0xf9, 0x0,
    0x0, 0x0,

    /* U+0057 "W" */
    0xbf, 0xff, 0xff, 0xff, 0xff, 0x0, 0x6f, 0xff,
    0xff, 0xff, 0x40, 0x4f, 0xff, 0xff, 0xff, 0xf1,
    0xbf, 0xff, 0xff, 0xff, 0xff, 0x0, 0xaf, 0xff,
    0xff, 0xff, 0x70, 0x4f, 0xff, 0xff, 0xff, 0xf1,
    0xbf, 0xff, 0xff, 0xff, 0xff, 0x0, 0xef, 0xff,
    0xff, 0xff, 0xb0, 0x4f, 0xff, 0xff, 0xff, 0xf1,
    0xbf, 0xff, 0xff, 0xff, 0xff, 0x2, 0xff, 0xff,
    0xff, 0xff, 0xe0, 0x4f, 0xff, 0xff, 0xff, 0xf1,
    0x3b, 0xff, 0xff, 0xff, 0xf4, 0x5, 0xff, 0xff,
    0xff, 0xff, 0xf2, 0x18, 0xff, 0xff, 0xff, 0x50,
    0x5, 0xff, 0xff, 0xff, 0xf2, 0x9, 0xff, 0xff,
    0xff, 0xff, 0xf5, 0x7, 0xff, 0xff, 0xfb, 0x0,
    0x1, 0xff, 0xff, 0xff, 0xf4, 0xd, 0xff, 0xff,
    0xff, 0xff, 0xf9, 0xa, 0xff, 0xff, 0xf7, 0x0,
    0x0, 0xcf, 0xff, 0xff, 0xf7, 0x1f, 0xff, 0xff,
    0xff, 0xff, 0xfc, 0xc, 0xff, 0xff, 0xf3, 0x0,
    0x0, 0x8f, 0xff, 0xff, 0xf9, 0x4f, 0xff, 0xff,
    0xff, 0xff, 0xff, 0xf, 0xff, 0xff, 0xf0, 0x0,
    0x0, 0x4f, 0xff, 0xff, 0xfc, 0x8f, 0xff, 0xfa,
    0xef, 0xff, 0xff, 0x5f, 0xff, 0xff, 0xb0, 0x0,
    0x0, 0xf, 0xff, 0xff, 0xff, 0xdf, 0xff, 0xf6,
    0xaf, 0xff, 0xff, 0xcf, 0xff, 0xff, 0x80, 0x0,
    0x0, 0xc, 0xff, 0xff, 0xff, 0xff, 0xff, 0xf3,
    0x7f, 0xff, 0xff, 0xff, 0xff, 0xff, 0x40, 0x0,
    0x0, 0x7, 0xff, 0xff, 0xff, 0xff, 0xff, 0xf0,
    0x4f, 0xff, 0xff, 0xff, 0xff, 0xff, 0x0, 0x0,
    0x0, 0x3, 0xff, 0xff, 0xff, 0xff, 0xff, 0xb0,
    0xf, 0xff, 0xff, 0xff, 0xff, 0xfc, 0x0, 0x0,
    0x0, 0x0, 0xff, 0xff, 0xff, 0xff, 0xff, 0x80,
    0xd, 0xff, 0xff, 0xff, 0xff, 0xf8, 0x0, 0x0,
    0x0, 0x0, 0xbf, 0xff, 0xff, 0xff, 0xff, 0x40,
    0x9, 0xff, 0xff, 0xff, 0xff, 0xf4, 0x0, 0x0,
    0x0, 0x0, 0x7f, 0xff, 0xff, 0xff, 0xff, 0x10,
    0x6, 0xff, 0xff, 0xff, 0xff, 0xf0, 0x0, 0x0,
    0x0, 0x0, 0x2f, 0xff, 0xff, 0xff, 0xfd, 0x0,
    0x2, 0xff, 0xff, 0xff, 0xff, 0xc0, 0x0, 0x0,
    0x0, 0x0, 0xe, 0xff, 0xff, 0xff, 0xf9, 0x0,
    0x0, 0xff, 0xff, 0xff, 0xff, 0x80, 0x0, 0x0,
    0x0, 0x0, 0xa, 0xff, 0xff, 0xff, 0xf6, 0x0,
    0x0, 0xbf, 0xff, 0xff, 0xff, 0x40, 0x0, 0x0,

    /* U+0058 "X" */
    0x9f, 0xff, 0xff, 0xff, 0xff, 0x2b, 0xff, 0xff,
    0xff, 0xff, 0x59, 0xff, 0xff, 0xff, 0xff, 0xf2,
    0xbf, 0xff, 0xff, 0xff, 0xf5, 0x9f, 0xff, 0xff,
    0xff, 0xff, 0x2b, 0xff, 0xff, 0xff, 0xff, 0x59,
    0xff, 0xff, 0xff, 0xff, 0xf2, 0xbf, 0xff, 0xff,
    0xff, 0xf5, 0x27, 0xff, 0xff, 0xff, 0xf9, 0x3,
    0xef, 0xff, 0xff, 0xc5, 0x10, 0x7, 0xff, 0xff,
    0xff, 0xe1, 0x8f, 0xff, 0xff, 0xd1, 0x0, 0x0,
    0x9, 0xff, 0xff, 0xff, 0xcf, 0xff, 0xff, 0xe1,
    0x0, 0x0, 0x0, 0xa, 0xff, 0xff, 0xff, 0xff,
    0xff, 0xe2, 0x0, 0x0, 0x0, 0x0, 0xc, 0xff,
    0xff, 0xff, 0xff, 0xf3, 0x0, 0x0, 0x0, 0x0,
    0x0, 0x1d, 0xff, 0xff, 0xff, 0xf5, 0x0, 0x0,
    0x0, 0x0, 0x0, 0x0, 0x9f, 0xff, 0xff, 0xff,
    0xb0, 0x0, 0x0, 0x0, 0x0, 0x0, 0x7f, 0xff,
    0xff, 0xff, 0xff, 0xa0, 0x0, 0x0, 0x0, 0x0,
    0x5f, 0xff, 0xff, 0xff, 0xff, 0xff, 0x80, 0x0,
    0x0, 0x0, 0x4f, 0xff, 0xff, 0xee, 0xff, 0xff,
    0xff, 0x60, 0x0, 0x0, 0x3f, 0xff, 0xff, 0xf4,
    0x3f, 0xff, 0xff, 0xff, 0x40, 0x3, 0x5e, 0xff,
    0xff, 0xfc, 0x21, 0xbf, 0xff, 0xff, 0xff, 0x62,
    0xaf, 0xff, 0xff, 0xff, 0xf7, 0x6f, 0xff, 0xff,
    0xff, 0xff, 0x7a, 0xff, 0xff, 0xff, 0xff, 0x76,
    0xff, 0xff, 0xff, 0xff, 0xf7, 0xaf, 0xff, 0xff,
    0xff, 0xf7, 0x6f, 0xff, 0xff, 0xff, 0xff, 0x7a,
    0xff, 0xff, 0xff, 0xff, 0x76, 0xff, 0xff, 0xff,
    0xff, 0xf7,

    /* U+0059 "Y" */
    0xbf, 0xff, 0xff, 0xff, 0xff, 0x62, 0xff, 0xff,
    0xff, 0xfd, 0xbf, 0xff, 0xff, 0xff, 0xff, 0x62,
    0xff, 0xff, 0xff, 0xfd, 0xbf, 0xff, 0xff, 0xff,
    0xff, 0x62, 0xff, 0xff, 0xff, 0xfd, 0xbf, 0xff,
    0xff, 0xff, 0xff, 0x62, 0xff, 0xff, 0xff, 0xfd,
    0x39, 0xff, 0xff, 0xff, 0xfb, 0x10, 0x8f, 0xff,
    0xff, 0xb4, 0x0, 0xef, 0xff, 0xff, 0xfe, 0x0,
    0xaf, 0xff, 0xff, 0x20, 0x0, 0x5f, 0xff, 0xff,
    0xff, 0x51, 0xff, 0xff, 0xf9, 0x0, 0x0, 0xc,
    0xff, 0xff, 0xff, 0xb7, 0xff, 0xff, 0xe1, 0x0,
    0x0, 0x2, 0xff, 0xff, 0xff, 0xfe, 0xff, 0xff,
    0x60, 0x0, 0x0, 0x0, 0x9f, 0xff, 0xff, 0xff,
    0xff, 0xfd, 0x0, 0x0, 0x0, 0x0, 0x1e, 0xff,
    0xff, 0xff, 0xff, 0xf4, 0x0, 0x0, 0x0, 0x0,
    0x6, 0xff, 0xff, 0xff, 0xff, 0xb0, 0x0, 0x0,
    0x0, 0x0, 0x0, 0xcf, 0xff, 0xff, 0xff, 0x20,
    0x0, 0x0, 0x0, 0x0, 0x0, 0x7f, 0xff, 0xff,
    0xfd, 0x0, 0x0, 0x0, 0x0, 0x0, 0x0, 0x7f,
    0xff, 0xff, 0xfd, 0x0, 0x0, 0x0, 0x0, 0x0,
    0x3, 0xaf, 0xff, 0xff, 0xfd, 0x50, 0x0, 0x0,
    0x0, 0x0, 0xc, 0xff, 0xff, 0xff, 0xff, 0xf1,
    0x0, 0x0, 0x0, 0x0, 0xc, 0xff, 0xff, 0xff,
    0xff, 0xf1, 0x0, 0x0, 0x0, 0x0, 0xc, 0xff,
    0xff, 0xff, 0xff, 0xf1, 0x0, 0x0, 0x0, 0x0,
    0xc, 0xff, 0xff, 0xff, 0xff, 0xf1, 0x0, 0x0,

    /* U+005A "Z" */
    0x8f, 0xff, 0xff, 0xff, 0xff, 0xff, 0xff, 0xff,
    0xf2, 0x8f, 0xff, 0xff, 0xff, 0xff, 0xff, 0xff,
    0xff, 0xf2, 0x8f, 0xff, 0xff, 0xff, 0xff, 0xff,
    0xff, 0xff, 0xf2, 0x8f, 0xff, 0xff, 0xff, 0xff,
    0xff, 0xff, 0xff, 0xf1, 0x8f, 0xff, 0xfc, 0x55,
    0xef, 0xff, 0xff, 0xff, 0xa0, 0x8f, 0xff, 0xfa,
    0x6, 0xff, 0xff, 0xff, 0xfe, 0x10, 0x36, 0x66,
    0x64, 0x2f, 0xff, 0xff, 0xff, 0xf5, 0x0, 0x0,
    0x0, 0x0, 0xcf, 0xff, 0xff, 0xff, 0xa0, 0x0,
    0x0, 0x0, 0x7, 0xff, 0xff, 0xff, 0xfe, 0x10,
    0x0, 0x0, 0x0, 0x2f, 0xff, 0xff, 0xff, 0xf4,
    0x0, 0x0, 0x0, 0x0, 0xcf, 0xff, 0xff, 0xff,
    0xa0, 0x0, 0x0, 0x0, 0x7, 0xff, 0xff, 0xff,
    0xfe, 0x10, 0x0, 0x0, 0x0, 0x2f, 0xff, 0xff,
    0xff, 0xf4, 0x0, 0x0, 0x0, 0x0, 0xcf, 0xff,
    0xff, 0xff, 0x90, 0x36, 0x66, 0x63, 0x7, 0xff,
    0xff, 0xff, 0xfe, 0x0, 0xaf, 0xff, 0xf8, 0x2f,
    0xff, 0xff, 0xff, 0xf9, 0x55, 0xbf, 0xff, 0xf8,
    0x9f, 0xff, 0xff, 0xff, 0xff, 0xff, 0xff, 0xff,
    0xf8, 0xaf, 0xff, 0xff, 0xff, 0xff, 0xff, 0xff,
    0xff, 0xf8, 0xaf, 0xff, 0xff, 0xff, 0xff, 0xff,
    0xff, 0xff, 0xf8, 0xaf, 0xff, 0xff, 0xff, 0xff,
    0xff, 0xff, 0xff, 0xf8,

    /* U+005B "[" */
    0x1, 0x34, 0x57, 0x81, 0xdf, 0xff, 0xff, 0xf3,
    0xdf, 0xff, 0xff, 0xf4, 0xdf, 0xff, 0xff, 0xf4,
    0xdf, 0xff, 0xb3, 0x0, 0xdf, 0xff, 0x80, 0x0,
    0xdf, 0xff, 0x80, 0x0, 0xdf, 0xff, 0x80, 0x0,
    0xdf, 0xff, 0x80, 0x0, 0xdf, 0xff, 0x80, 0x0,
    0xdf, 0xff, 0x80, 0x0, 0xdf, 0xff, 0x80, 0x0,
    0xdf, 0xff, 0x80, 0x0, 0xdf, 0xff, 0x80, 0x0,
    0xdf, 0xff, 0x80, 0x0, 0xdf, 0xff, 0x80, 0x0,
    0xdf, 0xff, 0x80, 0x0, 0xdf, 0xff, 0x80, 0x0,
    0xdf, 0xff, 0x80, 0x0, 0xdf, 0xff, 0x80, 0x0,
    0xdf, 0xff, 0x80, 0x0, 0xdf, 0xff, 0x80, 0x0,
    0xdf, 0xff, 0x80, 0x0, 0xdf, 0xff, 0x80, 0x0,
    0xdf, 0xff, 0x80, 0x0, 0xdf, 0xff, 0x80, 0x0,
    0xdf, 0xff, 0x80, 0x0, 0xdf, 0xff, 0xb4, 0x0,
    0xdf, 0xff, 0xff, 0xf5, 0xdf, 0xff, 0xff, 0xf4,
    0xdf, 0xff, 0xff, 0xf2, 0x0, 0x23, 0x46, 0x70,

    /* U+005C "\\" */
    0x8f, 0xff, 0x50, 0x0, 0x0, 0x0, 0x4, 0xff,
    0xfb, 0x0, 0x0, 0x0, 0x0, 0xf, 0xff, 0xf0,
    0x0, 0x0, 0x0, 0x0, 0xaf, 0xff, 0x50, 0x0,
    0x0, 0x0, 0x4, 0xff, 0xfb, 0x0, 0x0, 0x0,
    0x0, 0xf, 0xff, 0xf0, 0x0, 0x0, 0x0, 0x0,
    0xaf, 0xff, 0x50, 0x0, 0x0, 0x0, 0x5, 0xff,
    0xfb, 0x0, 0x0, 0x0, 0x0, 0xf, 0xff, 0xf0,
    0x0, 0x0, 0x0, 0x0, 0xaf, 0xff, 0x50, 0x0,
    0x0, 0x0, 0x5, 0xff, 0xfa, 0x0, 0x0, 0x0,
    0x0, 0xf, 0xff, 0xf0, 0x0, 0x0, 0x0, 0x0,
    0xaf, 0xff, 0x50, 0x0, 0x0, 0x0, 0x5, 0xff,
    0xfa, 0x0, 0x0, 0x0, 0x0, 0xf, 0xff, 0xf0,
    0x0, 0x0, 0x0, 0x0, 0xaf, 0xff, 0x50, 0x0,
    0x0, 0x0, 0x5, 0xff, 0xfa, 0x0, 0x0, 0x0,
    0x0, 0xf, 0xff, 0xf0, 0x0, 0x0, 0x0, 0x0,
    0xaf, 0xff, 0x50, 0x0, 0x0, 0x0, 0x5, 0xff,
    0xfa, 0x0, 0x0, 0x0, 0x0, 0xf, 0xff, 0xf0,
    0x0, 0x0, 0x0, 0x0, 0xbf, 0xff, 0x50, 0x0,
    0x0, 0x0, 0x5, 0xff, 0xfa, 0x0, 0x0, 0x0,
    0x0, 0xf, 0xff, 0xf0, 0x0, 0x0, 0x0, 0x0,
    0xbf, 0xff, 0x50, 0x0, 0x0, 0x0, 0x5, 0xff,
    0xf8,

    /* U+005D "]" */
    0x67, 0x65, 0x32, 0x0, 0xbf, 0xff, 0xff, 0xf4,
    0xdf, 0xff, 0xff, 0xf5, 0xdf, 0xff, 0xff, 0xf5,
    0x1, 0x5f, 0xff, 0xf5, 0x0, 0x1f, 0xff, 0xf5,
    0x0, 0x1f, 0xff, 0xf5, 0x0, 0x1f, 0xff, 0xf5,
    0x0, 0x1f, 0xff, 0xf5, 0x0, 0x1f, 0xff, 0xf5,
    0x0, 0x1f, 0xff, 0xf5, 0x0, 0x1f, 0xff, 0xf5,
    0x0, 0x1f, 0xff, 0xf5, 0x0, 0x1f, 0xff, 0xf5,
    0x0, 0x1f, 0xff, 0xf5, 0x0, 0x1f, 0xff, 0xf5,
    0x0, 0x1f, 0xff, 0xf5, 0x0, 0x1f, 0xff, 0xf5,
    0x0, 0x1f, 0xff, 0xf5, 0x0, 0x1f, 0xff, 0xf5,
    0x0, 0x1f, 0xff, 0xf5, 0x0, 0x1f, 0xff, 0xf5,
    0x0, 0x1f, 0xff, 0xf5, 0x0, 0x1f, 0xff, 0xf5,
    0x0, 0x1f, 0xff, 0xf5, 0x0, 0x1f, 0xff, 0xf5,
    0x0, 0x1f, 0xff, 0xf5, 0x2, 0x6f, 0xff, 0xf5,
    0xdf, 0xff, 0xff, 0xf5, 0xdf, 0xff, 0xff, 0xf5,
    0xbf, 0xff, 0xff, 0xf4, 0x56, 0x54, 0x21, 0x0,

    /* U+005E "^" */
    0x0, 0xd, 0xff, 0xf9, 0x0, 0x0, 0x5, 0xff,
    0xff, 0xf1, 0x0, 0x0, 0xdf, 0xff, 0xff, 0x90,
    0x0, 0x5f, 0xff, 0x5f, 0xff, 0x10, 0xd, 0xff,
    0x80, 0xdf, 0xf9, 0x5, 0xff, 0xf1, 0x5, 0xff,
    0xf1, 0x58, 0x86, 0x0, 0x7, 0x88, 0x20,

    /* U+005F "_" */
    0x77, 0x77, 0x77, 0x77, 0x77, 0x77, 0x77, 0x74,
    0xff, 0xff, 0xff, 0xff, 0xff, 0xff, 0xff, 0xf9,
    0xff, 0xff, 0xff, 0xff, 0xff, 0xff, 0xff, 0xf9,

    /* U+0060 "`" */
    0x56, 0x66, 0x64, 0x0, 0xa, 0xff, 0xff, 0xf3,
    0x0, 0x9, 0xff, 0xff, 0xe1, 0x0, 0x7, 0xff,
    0xff, 0xa0, 0x0, 0x5, 0xff, 0xff, 0x40,

    /* U+0061 "a" */
    0x4, 0x7a, 0xce, 0xff, 0xed, 0xa5, 0x0, 0x0,
    0xd, 0xff, 0xff, 0xff, 0xff, 0xff, 0xc0, 0x0,
    0xd, 0xff, 0xff, 0xff, 0xff, 0xff, 0xfa, 0x0,
    0xd, 0xff, 0xff, 0xff, 0xff, 0xff, 0xff, 0x20,
    0xd, 0xfe, 0xcb, 0xbc, 0xff, 0xff, 0xff, 0x50,
    0x4, 0x10, 0x0, 0x0, 0x6f, 0xff, 0xff, 0x70,
    0x0, 0x3, 0x9c, 0xef, 0xff, 0xff, 0xff, 0x70,
    0x1, 0xbf, 0xff, 0xff, 0xff, 0xff, 0xff, 0x70,
    0xc, 0xff, 0xff, 0xfd, 0xcf, 0xff, 0xff, 0x70,
    0x4f, 0xff, 0xff, 0x80, 0x4f, 0xff, 0xff, 0x70,
    0x7f, 0xff, 0xff, 0x60, 0x9f, 0xff, 0xff, 0xa3,
    0x7f, 0xff, 0xff, 0xfd, 0xff, 0xff, 0xff, 0xfa,
    0x4f, 0xff, 0xff, 0xff, 0xff, 0xff, 0xff, 0xfa,
    0xc, 0xff, 0xff, 0xff, 0xaf, 0xff, 0xff, 0xfa,
    0x0, 0x8d, 0xfe, 0xb3, 0x3f, 0xff, 0xff, 0xfa,

    /* U+0062 "b" */
    0x8f, 0xff, 0xff, 0xf9, 0x0, 0x0, 0x0, 0x0,
    0x8, 0xff, 0xff, 0xff, 0x90, 0x0, 0x0, 0x0,
    0x0, 0x8f, 0xff, 0xff, 0xf9, 0x0, 0x0, 0x0,
    0x0, 0x8, 0xff, 0xff, 0xff, 0x90, 0x0, 0x0,
    0x0, 0x0, 0x29, 0xff, 0xff, 0xf9, 0x0, 0x0,
    0x0, 0x0, 0x0, 0x6f, 0xff, 0xff, 0x90, 0x6d,
    0xfe, 0xa2, 0x0, 0x6, 0xff, 0xff, 0xfa, 0xbf,
    0xff, 0xff, 0xf3, 0x0, 0x6f, 0xff, 0xff, 0xff,
    0xff, 0xff, 0xff, 0xe0, 0x6, 0xff, 0xff, 0xff,
    0xff, 0xff, 0xff, 0xff, 0x50, 0x6f, 0xff, 0xff,
    0xfd, 0xcf, 0xff, 0xff, 0xfa, 0x6, 0xff, 0xff,
    0xfc, 0x0, 0x9f, 0xff, 0xff, 0xd0, 0x6f, 0xff,
    0xff, 0x90, 0x6, 0xff, 0xff, 0xfe, 0x6, 0xff,
    0xff, 0xf9, 0x0, 0x6f, 0xff, 0xff, 0xf0, 0x6f,
    0xff, 0xff, 0x90, 0x6, 0xff, 0xff, 0xfe, 0x6,
    0xff, 0xff, 0xfa, 0x0, 0x7f, 0xff, 0xff, 0xd2,
    0x9f, 0xff, 0xff, 0xf7, 0x6e, 0xff, 0xff, 0xfa,
    0x8f, 0xff, 0xff, 0xff, 0xff, 0xff, 0xff, 0xff,
    0x58, 0xff, 0xff, 0xff, 0xff, 0xff, 0xff, 0xff,
    0xe0, 0x8f, 0xff, 0xff, 0xfc, 0xef, 0xff, 0xff,
    0xf3, 0x8, 0xff, 0xff, 0xff, 0x91, 0x8d, 0xfe,
    0xa2, 0x0,

    /* U+0063 "c" */
    0x0, 0x0, 0x5a, 0xdf, 0xfe, 0xc8, 0x20, 0x0,
    0x2, 0xdf, 0xff, 0xff, 0xff, 0xff, 0xc1, 0x2,
    0xef, 0xff, 0xff, 0xff, 0xff, 0xff, 0x30, 0xbf,
    0xff, 0xff, 0xff, 0xff, 0xff, 0xf3, 0x2f, 0xff,
    0xff, 0xfd, 0xbf, 0xff, 0xff, 0x36, 0xff, 0xff,
    0xfd, 0x0, 0x7f, 0xff, 0xf3, 0x9f, 0xff, 0xff,
    0xb0, 0x3, 0xbb, 0xbb, 0x29, 0xff, 0xff, 0xfb,
    0x0, 0x0, 0x0, 0x0, 0x9f, 0xff, 0xff, 0xb0,
    0x0, 0x0, 0x0, 0x6, 0xff, 0xff, 0xff, 0x20,
    0x0, 0x0, 0x0, 0x2f, 0xff, 0xff, 0xff, 0xbb,
    0xcd, 0xef, 0x0, 0xbf, 0xff, 0xff, 0xff, 0xff,
    0xff, 0xf0, 0x2, 0xef, 0xff, 0xff, 0xff, 0xff,
    0xff, 0x0, 0x2, 0xdf, 0xff, 0xff, 0xff, 0xff,
    0xf0, 0x0, 0x0, 0x5a, 0xdf, 0xff, 0xda, 0x72,
    0x0,

    /* U+0064 "d" */
    0x0, 0x0, 0x0, 0x0, 0xef, 0xff, 0xff, 0xf9,
    0x0, 0x0, 0x0, 0x0, 0xe, 0xff, 0xff, 0xff,
    0x90, 0x0, 0x0, 0x0, 0x0, 0xef, 0xff, 0xff,
    0xf9, 0x0, 0x0, 0x0, 0x0, 0xe, 0xff, 0xff,
    0xff, 0x90, 0x0, 0x0, 0x0, 0x0, 0x49, 0xff,
    0xff, 0xf9, 0x0, 0x1, 0x9e, 0xfe, 0x80, 0x6f,
    0xff, 0xff, 0x90, 0x1, 0xef, 0xff, 0xff, 0xd7,
    0xff, 0xff, 0xf9, 0x0, 0xbf, 0xff, 0xff, 0xff,
    0xff, 0xff, 0xff, 0x90, 0x2f, 0xff, 0xff, 0xff,
    0xff, 0xff, 0xff, 0xf9, 0x6, 0xff, 0xff, 0xff,
    0xdc, 0xff, 0xff, 0xff, 0x90, 0x9f, 0xff, 0xff,
    0xc0, 0x9, 0xff, 0xff, 0xf9, 0xb, 0xff, 0xff,
    0xf9, 0x0, 0x6f, 0xff, 0xff, 0x90, 0xbf, 0xff,
    0xff, 0x90, 0x6, 0xff, 0xff, 0xf9, 0xb, 0xff,
    0xff, 0xf9, 0x0, 0x6f, 0xff, 0xff, 0x90, 0x9f,
    0xff, 0xff, 0xa0, 0x7, 0xff, 0xff, 0xf9, 0x6,
    0xff, 0xff, 0xff, 0x76, 0xef, 0xff, 0xff, 0xb3,
    0x2f, 0xff, 0xff, 0xff, 0xff, 0xff, 0xff, 0xff,
    0xc0, 0xbf, 0xff, 0xff, 0xff, 0xff, 0xff, 0xff,
    0xfc, 0x1, 0xef, 0xff, 0xff, 0xfa, 0xff, 0xff,
    0xff, 0xc0, 0x1, 0x9e, 0xfe, 0x92, 0x6f, 0xff,
    0xff, 0xfc,

    /* U+0065 "e" */
    0x0, 0x0, 0x5a, 0xdf, 0xfe, 0xc7, 0x10, 0x0,
    0x0, 0x2d, 0xff, 0xff, 0xff, 0xff, 0xe3, 0x0,
    0x2, 0xef, 0xff, 0xff, 0xff, 0xff, 0xfe, 0x10,
    0xb, 0xff, 0xff, 0xfd, 0xcf, 0xff, 0xff, 0x90,
    0x2f, 0xff, 0xff, 0xc0, 0x6, 0xff, 0xff, 0xe0,
    0x6f, 0xff, 0xff, 0xfe, 0xee, 0xff, 0xff, 0xf1,
    0x9f, 0xff, 0xff, 0xff, 0xff, 0xff, 0xff, 0xf1,
    0x9f, 0xff, 0xff, 0xff, 0xff, 0xff, 0xff, 0xf2,
    0x9f, 0xff, 0xff, 0xc0, 0x0, 0x0, 0x0, 0x0,
    0x6f, 0xff, 0xff, 0xf2, 0x0, 0x0, 0x4, 0x50,
    0x2f, 0xff, 0xff, 0xff, 0xcb, 0xbd, 0xff, 0xb0,
    0xb, 0xff, 0xff, 0xff, 0xff, 0xff, 0xff, 0xb0,
    0x2, 0xef, 0xff, 0xff, 0xff, 0xff, 0xff, 0xb0,
    0x0, 0x2d, 0xff, 0xff, 0xff, 0xff, 0xff, 0x90,
    0x0, 0x0, 0x5a, 0xdf, 0xfe, 0xda, 0x72, 0x0,

    /* U+0066 "f" */
    0x0, 0x0, 0x7c, 0xef, 0xfe, 0xb7, 0x0, 0x2e,
    0xff, 0xff, 0xff, 0xff, 0x0, 0xcf, 0xff, 0xff,
    0xff, 0xff, 0x2, 0xff, 0xff, 0xff, 0xff, 0xff,
    0x4, 0xff, 0xff, 0xfe, 0xbb, 0xba, 0x8f, 0xff,
    0xff, 0xff, 0xfa, 0x0, 0x8f, 0xff, 0xff, 0xff,
    0xfa, 0x0, 0x8f, 0xff, 0xff, 0xff, 0xfa, 0x0,
    0x8f, 0xff, 0xff, 0xff, 0xfa, 0x0, 0x29, 0xff,
    0xff, 0xfb, 0x53, 0x0, 0x6, 0xff, 0xff, 0xf9,
    0x0, 0x0, 0x6, 0xff, 0xff, 0xf9, 0x0, 0x0,
    0x6, 0xff, 0xff, 0xf9, 0x0, 0x0, 0x6, 0xff,
    0xff, 0xf9, 0x0, 0x0, 0x6, 0xff, 0xff, 0xf9,
    0x0, 0x0, 0x29, 0xff, 0xff, 0xfb, 0x53, 0x0,
    0x8f, 0xff, 0xff, 0xff, 0xfa, 0x0, 0x8f, 0xff,
    0xff, 0xff, 0xfa, 0x0, 0x8f, 0xff, 0xff, 0xff,
    0xfa, 0x0, 0x8f, 0xff, 0xff, 0xff, 0xfa, 0x0,

    /* U+0067 "g" */
    0x0, 0x19, 0xef, 0xe9, 0x26, 0xff, 0xff, 0xff,
    0xc0, 0x1e, 0xff, 0xff, 0xff, 0xaf, 0xff, 0xff,
    0xfc, 0xb, 0xff, 0xff, 0xff, 0xff, 0xff, 0xff,
    0xff, 0xc2, 0xff, 0xff, 0xff, 0xff, 0xff, 0xff,
    0xff, 0xfc, 0x6f, 0xff, 0xff, 0xf7, 0x6e, 0xff,
    0xff, 0xfb, 0x39, 0xff, 0xff, 0xfa, 0x0, 0x7f,
    0xff, 0xff, 0x90, 0xbf, 0xff, 0xff, 0x90, 0x6,
    0xff, 0xff, 0xf9, 0xb, 0xff, 0xff, 0xf9, 0x0,
    0x6f, 0xff, 0xff, 0x90, 0xbf, 0xff, 0xff, 0x90,
    0x6, 0xff, 0xff, 0xf9, 0x9, 0xff, 0xff, 0xfc,
    0x0, 0x9f, 0xff, 0xff, 0x90, 0x6f, 0xff, 0xff,
    0xfd, 0xcf, 0xff, 0xff, 0xf9, 0x2, 0xff, 0xff,
    0xff, 0xff, 0xff, 0xff, 0xff, 0x90, 0xb, 0xff,
    0xff, 0xff, 0xff, 0xff, 0xff, 0xf9, 0x0, 0x1e,
    0xff, 0xff, 0xfd, 0x7f, 0xff, 0xff, 0x90, 0x0,
    0x19, 0xef, 0xe8, 0x7, 0xff, 0xff, 0xf8, 0x0,
    0x2, 0x0, 0x0, 0x0, 0xcf, 0xff, 0xff, 0x70,
    0x2, 0xff, 0xdc, 0xbb, 0xef, 0xff, 0xff, 0xf3,
    0x0, 0x2f, 0xff, 0xff, 0xff, 0xff, 0xff, 0xfd,
    0x0, 0x2, 0xff, 0xff, 0xff, 0xff, 0xff, 0xff,
    0x50, 0x0, 0x2f, 0xff, 0xff, 0xff, 0xff, 0xff,
    0x60, 0x0, 0x0, 0x48, 0xbd, 0xff, 0xfe, 0xc8,
    0x10, 0x0, 0x0,

    /* U+0068 "h" */
    0x8f, 0xff, 0xff, 0xf9, 0x0, 0x0, 0x0, 0x0,
    0x0, 0x8f, 0xff, 0xff, 0xf9, 0x0, 0x0, 0x0,
    0x0, 0x0, 0x8f, 0xff, 0xff, 0xf9, 0x0, 0x0,
    0x0, 0x0, 0x0, 0x8f, 0xff, 0xff, 0xf9, 0x0,
    0x0, 0x0, 0x0, 0x0, 0x29, 0xff, 0xff, 0xf9,
    0x0, 0x0, 0x0, 0x0, 0x0, 0x6, 0xff, 0xff,
    0xf9, 0x4, 0xbe, 0xfd, 0x70, 0x0, 0x6, 0xff,
    0xff, 0xf9, 0x8f, 0xff, 0xff, 0xf9, 0x0, 0x6,
    0xff, 0xff, 0xfe, 0xff, 0xff, 0xff, 0xff, 0x20,
    0x6, 0xff, 0xff, 0xff, 0xff, 0xff, 0xff, 0xff,
    0x60, 0x6, 0xff, 0xff, 0xff, 0xdb, 0xff, 0xff,
    0xff, 0x80, 0x6, 0xff, 0xff, 0xfc, 0x0, 0x9f,
    0xff, 0xff, 0x90, 0x6, 0xff, 0xff, 0xf9, 0x0,
    0x6f, 0xff, 0xff, 0x90, 0x6, 0xff, 0xff, 0xf9,
    0x0, 0x6f, 0xff, 0xff, 0x90, 0x6, 0xff, 0xff,
    0xf9, 0x0, 0x6f, 0xff, 0xff, 0x90, 0x6, 0xff,
    0xff, 0xf9, 0x0, 0x6f, 0xff, 0xff, 0x90, 0x29,
    0xff, 0xff, 0xfb, 0x32, 0x9f, 0xff, 0xff, 0xb3,
    0x8f, 0xff, 0xff, 0xff, 0xb7, 0xff, 0xff, 0xff,
    0xfb, 0x8f, 0xff, 0xff, 0xff, 0xb7, 0xff, 0xff,
    0xff, 0xfb, 0x8f, 0xff, 0xff, 0xff, 0xb7, 0xff,
    0xff, 0xff, 0xfb, 0x8f, 0xff, 0xff, 0xff, 0xb7,
    0xff, 0xff, 0xff, 0xfb,

    /* U+0069 "i" */
    0x4, 0xff, 0xff, 0xf0, 0x0, 0x4f, 0xff, 0xff,
    0x0, 0x4, 0xff, 0xff, 0xf0, 0x0, 0x4f, 0xff,
    0xff, 0x0, 0x1, 0x66, 0x66, 0x60, 0x8, 0xff,
    0xff, 0xff, 0x90, 0x8f, 0xff, 0xff, 0xf9, 0x8,
    0xff, 0xff, 0xff, 0x90, 0x8f, 0xff, 0xff, 0xf9,
    0x2, 0x9f, 0xff, 0xff, 0x90, 0x6, 0xff, 0xff,
    0xf9, 0x0, 0x6f, 0xff, 0xff, 0x90, 0x6, 0xff,
    0xff, 0xf9, 0x0, 0x6f, 0xff, 0xff, 0x90, 0x6,
    0xff, 0xff, 0xf9, 0x2, 0x9f, 0xff, 0xff, 0xb3,
    0x8f, 0xff, 0xff, 0xff, 0xb8, 0xff, 0xff, 0xff,
    0xfb, 0x8f, 0xff, 0xff, 0xff, 0xb8, 0xff, 0xff,
    0xff, 0xfb,

    /* U+006A "j" */
    0x0, 0x0, 0x6f, 0xff, 0xfe, 0x0, 0x0, 0x6,
    0xff, 0xff, 0xe0, 0x0, 0x0, 0x6f, 0xff, 0xfe,
    0x0, 0x0, 0x6, 0xff, 0xff, 0xe0, 0x0, 0x0,
    0x26, 0x66, 0x65, 0x0, 0x4, 0xff, 0xff, 0xff,
    0xf7, 0x0, 0x4f, 0xff, 0xff, 0xff, 0x70, 0x4,
    0xff, 0xff, 0xff, 0xf7, 0x0, 0x4f, 0xff, 0xff,
    0xff, 0x70, 0x1, 0x5a, 0xff, 0xff, 0xf7, 0x0,
    0x0, 0x8f, 0xff, 0xff, 0x70, 0x0, 0x8, 0xff,
    0xff, 0xf7, 0x0, 0x0, 0x8f, 0xff, 0xff, 0x70,
    0x0, 0x8, 0xff, 0xff, 0xf7, 0x0, 0x0, 0x8f,
    0xff, 0xff, 0x70, 0x0, 0x8, 0xff, 0xff, 0xf7,
    0x0, 0x0, 0x8f, 0xff, 0xff, 0x70, 0x0, 0x8,
    0xff, 0xff, 0xf7, 0x0, 0x0, 0x8f, 0xff, 0xff,
    0x70, 0x0, 0x8, 0xff, 0xff, 0xf6, 0x0, 0x0,
    0xcf, 0xff, 0xff, 0x59, 0xcb, 0xef, 0xff, 0xff,
    0xf2, 0xbf, 0xff, 0xff, 0xff, 0xfe, 0xb, 0xff,
    0xff, 0xff, 0xff, 0x60, 0xbf, 0xff, 0xff, 0xff,
    0xa0, 0x5, 0xad, 0xef, 0xeb, 0x50, 0x0,

    /* U+006B "k" */
    0x8f, 0xff, 0xff, 0xf9, 0x0, 0x0, 0x0, 0x0,
    0x0, 0x8f, 0xff, 0xff, 0xf9, 0x0, 0x0, 0x0,
    0x0, 0x0, 0x8f, 0xff, 0xff, 0xf9, 0x0, 0x0,
    0x0, 0x0, 0x0, 0x8f, 0xff, 0xff, 0xf9, 0x0,
    0x0, 0x0, 0x0, 0x0, 0x29, 0xff, 0xff, 0xf9,
    0x0, 0x0, 0x0, 0x0, 0x0, 0x6, 0xff, 0xff,
    0xf9, 0x0, 0xd, 0xff, 0xff, 0xe0, 0x6, 0xff,
    0xff, 0xf9, 0x0, 0x7f, 0xff, 0xff, 0xe0, 0x6,
    0xff, 0xff, 0xf9, 0x2, 0xff, 0xff, 0xff, 0xe0,
    0x6, 0xff, 0xff, 0xf9, 0xb, 0xff, 0xff, 0xff,
    0xe0, 0x6, 0xff, 0xff, 0xf9, 0x5f, 0xff, 0xff,
    0xfb, 0x40, 0x6, 0xff, 0xff, 0xfe, 0xef, 0xff,
    0xff, 0xe1, 0x0, 0x6, 0xff, 0xff, 0xff, 0xff,
    0xff, 0xff, 0x30, 0x0, 0x6, 0xff, 0xff, 0xff,
    0xff, 0xff, 0xfd, 0x0, 0x0, 0x6, 0xff, 0xff,
    0xff, 0xff, 0xff, 0xff, 0x90, 0x0, 0x6, 0xff,
    0xff, 0xff, 0xff, 0xff, 0xff, 0xf4, 0x0, 0x29,
    0xff, 0xff, 0xf9, 0x8f, 0xff, 0xff, 0xfe, 0x51,
    0x8f, 0xff, 0xff, 0xf9, 0xe, 0xff, 0xff, 0xff,
    0xf4, 0x8f, 0xff, 0xff, 0xf9, 0x7, 0xff, 0xff,
    0xff, 0xf4, 0x8f, 0xff, 0xff, 0xf9, 0x0, 0xef,
    0xff, 0xff, 0xf4, 0x8f, 0xff, 0xff, 0xf9, 0x0,
    0x6f, 0xff, 0xff, 0xf4,

    /* U+006C "l" */
    0x8f, 0xff, 0xff, 0xf9, 0x8, 0xff, 0xff, 0xff,
    0x90, 0x8f, 0xff, 0xff, 0xf9, 0x8, 0xff, 0xff,
    0xff, 0x90, 0x29, 0xff, 0xff, 0xf9, 0x0, 0x6f,
    0xff, 0xff, 0x90, 0x6, 0xff, 0xff, 0xf9, 0x0,
    0x6f, 0xff, 0xff, 0x90, 0x6, 0xff, 0xff, 0xf9,
    0x0, 0x6f, 0xff, 0xff, 0x90, 0x6, 0xff, 0xff,
    0xf9, 0x0, 0x6f, 0xff, 0xff, 0x90, 0x6, 0xff,
    0xff, 0xf9, 0x0, 0x6f, 0xff, 0xff, 0x90, 0x6,
    0xff, 0xff, 0xf9, 0x2, 0x9f, 0xff, 0xff, 0xb4,
    0x8f, 0xff, 0xff, 0xff, 0xb8, 0xff, 0xff, 0xff,
    0xfb, 0x8f, 0xff, 0xff, 0xff, 0xb8, 0xff, 0xff,
    0xff, 0xfb,

    /* U+006D "m" */
    0x8f, 0xff, 0xff, 0xf9, 0x4, 0xbe, 0xfd, 0x70,
    0x0, 0x4b, 0xef, 0xd7, 0x0, 0x8, 0xff, 0xff,
    0xff, 0x9a, 0xff, 0xff, 0xff, 0x90, 0x9f, 0xff,
    0xff, 0xf8, 0x0, 0x8f, 0xff, 0xff, 0xff, 0xff,
    0xff, 0xff, 0xff, 0xaf, 0xff, 0xff, 0xff, 0xf1,
    0x8, 0xff, 0xff, 0xff, 0xff, 0xff, 0xff, 0xff,
    0xff, 0xff, 0xff, 0xff, 0xff, 0x60, 0x5c, 0xff,
    0xff, 0xff, 0xdb, 0xff, 0xff, 0xff, 0xfd, 0xbf,
    0xff, 0xff, 0xf8, 0x0, 0x6f, 0xff, 0xff, 0xc0,
    0x9, 0xff, 0xff, 0xfc, 0x0, 0x9f, 0xff, 0xff,
    0x90, 0x6, 0xff, 0xff, 0xf9, 0x0, 0x6f, 0xff,
    0xff, 0x90, 0x6, 0xff, 0xff, 0xf9, 0x0, 0x6f,
    0xff, 0xff, 0x90, 0x6, 0xff, 0xff, 0xf9, 0x0,
    0x6f, 0xff, 0xff, 0x90, 0x6, 0xff, 0xff, 0xf9,
    0x0, 0x6f, 0xff, 0xff, 0x90, 0x6, 0xff, 0xff,
    0xf9, 0x0, 0x6f, 0xff, 0xff, 0x90, 0x6, 0xff,
    0xff, 0xf9, 0x0, 0x6f, 0xff, 0xff, 0x90, 0x29,
    0xff, 0xff, 0xfb, 0x32, 0x9f, 0xff, 0xff, 0xb3,
    0x29, 0xff, 0xff, 0xfb, 0x38, 0xff, 0xff, 0xff,
    0xfb, 0x7f, 0xff, 0xff, 0xff, 0xb7, 0xff, 0xff,
    0xff, 0xfb, 0x8f, 0xff, 0xff, 0xff, 0xb7, 0xff,
    0xff, 0xff, 0xfb, 0x7f, 0xff, 0xff, 0xff, 0xb8,
    0xff, 0xff, 0xff, 0xfb, 0x7f, 0xff, 0xff, 0xff,
    0xb7, 0xff, 0xff, 0xff, 0xfb, 0x8f, 0xff, 0xff,
    0xff, 0xb7, 0xff, 0xff, 0xff, 0xfb, 0x7f, 0xff,
    0xff, 0xff, 0xb0,

    /* U+006E "n" */
    0x8f, 0xff, 0xff, 0xf9, 0x4, 0xbe, 0xfd, 0x70,
    0x0, 0x8f, 0xff, 0xff, 0xf9, 0xaf, 0xff, 0xff,
    0xf9, 0x0, 0x8f, 0xff, 0xff, 0xff, 0xff, 0xff,
    0xff, 0xff, 0x20, 0x8f, 0xff, 0xff, 0xff, 0xff,
    0xff, 0xff, 0xff, 0x60, 0x5c, 0xff, 0xff, 0xff,
    0xdb, 0xff, 0xff, 0xff, 0x80, 0x6, 0xff, 0xff,
    0xfc, 0x0, 0x9f, 0xff, 0xff, 0x90, 0x6, 0xff,
    0xff, 0xf9, 0x0, 0x6f, 0xff, 0xff, 0x90, 0x6,
    0xff, 0xff, 0xf9, 0x0, 0x6f, 0xff, 0xff, 0x90,
    0x6, 0xff, 0xff, 0xf9, 0x0, 0x6f, 0xff, 0xff,
    0x90, 0x6, 0xff, 0xff, 0xf9, 0x0, 0x6f, 0xff,
    0xff, 0x90, 0x29, 0xff, 0xff, 0xfb, 0x32, 0x9f,
    0xff, 0xff, 0xb3, 0x8f, 0xff, 0xff, 0xff, 0xb7,
    0xff, 0xff, 0xff, 0xfb, 0x8f, 0xff, 0xff, 0xff,
    0xb7, 0xff, 0xff, 0xff, 0xfb, 0x8f, 0xff, 0xff,
    0xff, 0xb7, 0xff, 0xff, 0xff, 0xfb, 0x8f, 0xff,
    0xff, 0xff, 0xb7, 0xff, 0xff, 0xff, 0xfb,

    /* U+006F "o" */
    0x0, 0x0, 0x5a, 0xdf, 0xfe, 0xc7, 0x10, 0x0,
    0x0, 0x2, 0xdf, 0xff, 0xff, 0xff, 0xff, 0x60,
    0x0, 0x2, 0xef, 0xff, 0xff, 0xff, 0xff, 0xff,
    0x70, 0x0, 0xbf, 0xff, 0xff, 0xff, 0xff, 0xff,
    0xff, 0x20, 0x2f, 0xff, 0xff, 0xfd, 0xbf, 0xff,
    0xff, 0xf9, 0x6, 0xff, 0xff, 0xfd, 0x0, 0x7f,
    0xff, 0xff, 0xd0, 0x9f, 0xff, 0xff, 0xb0, 0x4,
    0xff, 0xff, 0xff, 0x9, 0xff, 0xff, 0xfb, 0x0,
    0x4f, 0xff, 0xff, 0xf0, 0x9f, 0xff, 0xff, 0xb0,
    0x4, 0xff, 0xff, 0xff, 0x6, 0xff, 0xff, 0xfd,
    0x0, 0x7f, 0xff, 0xff, 0xd0, 0x2f, 0xff, 0xff,
    0xfd, 0xbf, 0xff, 0xff, 0xf9, 0x0, 0xbf, 0xff,
    0xff, 0xff, 0xff, 0xff, 0xff, 0x20, 0x2, 0xef,
    0xff, 0xff, 0xff, 0xff, 0xff, 0x70, 0x0, 0x2,
    0xdf, 0xff, 0xff, 0xff, 0xff, 0x70, 0x0, 0x0,
    0x0, 0x5a, 0xdf, 0xfe, 0xc7, 0x10, 0x0, 0x0,

    /* U+0070 "p" */
    0xaf, 0xff, 0xff, 0xf7, 0x19, 0xef, 0xe9, 0x10,
    0xa, 0xff, 0xff, 0xff, 0xbe, 0xff, 0xff, 0xfe,
    0x20, 0xaf, 0xff, 0xff, 0xff, 0xff, 0xff, 0xff,
    0xfc, 0xa, 0xff, 0xff, 0xff, 0xff, 0xff, 0xff,
    0xff, 0xf3, 0x3a, 0xff, 0xff, 0xfe, 0x66, 0xff,
    0xff, 0xff, 0x80, 0x7f, 0xff, 0xff, 0x80, 0x9,
    0xff, 0xff, 0xfb, 0x7, 0xff, 0xff, 0xf7, 0x0,
    0x8f, 0xff, 0xff, 0xc0, 0x7f, 0xff, 0xff, 0x70,
    0x8, 0xff, 0xff, 0xfd, 0x7, 0xff, 0xff, 0xf7,
    0x0, 0x8f, 0xff, 0xff, 0xc0, 0x7f, 0xff, 0xff,
    0xa0, 0xb, 0xff, 0xff, 0xfb, 0x7, 0xff, 0xff,
    0xff, 0xcc, 0xff, 0xff, 0xff, 0x80, 0x7f, 0xff,
    0xff, 0xff, 0xff, 0xff, 0xff, 0xf3, 0x7, 0xff,
    0xff, 0xff, 0xff, 0xff, 0xff, 0xfc, 0x0, 0x7f,
    0xff, 0xff, 0x8c, 0xff, 0xff, 0xfe, 0x20, 0x7,
    0xff, 0xff, 0xf7, 0x7, 0xdf, 0xe9, 0x10, 0x0,
    0x7f, 0xff, 0xff, 0x70, 0x0, 0x0, 0x0, 0x0,
    0x3a, 0xff, 0xff, 0xfa, 0x51, 0x0, 0x0, 0x0,
    0xa, 0xff, 0xff, 0xff, 0xff, 0x40, 0x0, 0x0,
    0x0, 0xaf, 0xff, 0xff, 0xff, 0xf4, 0x0, 0x0,
    0x0, 0xa, 0xff, 0xff, 0xff, 0xff, 0x40, 0x0,
    0x0, 0x0, 0xaf, 0xff, 0xff, 0xff, 0xf4, 0x0,
    0x0, 0x0, 0x0,

    /* U+0071 "q" */
    0x0, 0x19, 0xef, 0xe9, 0x26, 0xff, 0xff, 0xff,
    0xc0, 0x1e, 0xff, 0xff, 0xff, 0xaf, 0xff, 0xff,
    0xfc, 0xb, 0xff, 0xff, 0xff, 0xff, 0xff, 0xff,
    0xff, 0xc2, 0xff, 0xff, 0xff, 0xff, 0xff, 0xff,
    0xff, 0xfc, 0x6f, 0xff, 0xff, 0xf7, 0x6e, 0xff,
    0xff, 0xfb, 0x39, 0xff, 0xff, 0xfa, 0x0, 0x7f,
    0xff, 0xff, 0x90, 0xbf, 0xff, 0xff, 0x90, 0x6,
    0xff, 0xff, 0xf9, 0xb, 0xff, 0xff, 0xf9, 0x0,
    0x6f, 0xff, 0xff, 0x90, 0xbf, 0xff, 0xff, 0x90,
    0x6, 0xff, 0xff, 0xf9, 0x9, 0xff, 0xff, 0xfc,
    0x0, 0x9f, 0xff, 0xff, 0x90, 0x6f, 0xff, 0xff,
    0xfd, 0xcf, 0xff, 0xff, 0xf9, 0x2, 0xff, 0xff,
    0xff, 0xff, 0xff, 0xff, 0xff, 0x90, 0xb, 0xff,
    0xff, 0xff, 0xff, 0xff, 0xff, 0xf9, 0x0, 0x1e,
    0xff, 0xff, 0xfd, 0x7f, 0xff, 0xff, 0x90, 0x0,
    0x19, 0xef, 0xe8, 0x6, 0xff, 0xff, 0xf9, 0x0,
    0x0, 0x0, 0x0, 0x0, 0x6f, 0xff, 0xff, 0x90,
    0x0, 0x0, 0x0, 0x0, 0x59, 0xff, 0xff, 0xf9,
    0x0, 0x0, 0x0, 0x0, 0x2f, 0xff, 0xff, 0xff,
    0x90, 0x0, 0x0, 0x0, 0x2, 0xff, 0xff, 0xff,
    0xf9, 0x0, 0x0, 0x0, 0x0, 0x2f, 0xff, 0xff,
    0xff, 0x90, 0x0, 0x0, 0x0, 0x2, 0xff, 0xff,
    0xff, 0xf9, 0x0,

    /* U+0072 "r" */
    0x7f, 0xff, 0xff, 0xfa, 0x8, 0xdf, 0xf5, 0x7f,
    0xff, 0xff, 0xfb, 0xdf, 0xff, 0xf5, 0x7f, 0xff,
    0xff, 0xff, 0xff, 0xff, 0xf5, 0x7f, 0xff, 0xff,
    0xff, 0xff, 0xff, 0xf5, 0x28, 0xff, 0xff, 0xff,
    0xff, 0xff, 0xf5, 0x5, 0xff, 0xff, 0xff, 0xd4,
    0x0, 0x21, 0x5, 0xff, 0xff, 0xff, 0x20, 0x0,
    0x0, 0x5, 0xff, 0xff, 0xfc, 0x0, 0x0, 0x0,
    0x5, 0xff, 0xff, 0xfa, 0x0, 0x0, 0x0, 0x5,
    0xff, 0xff, 0xfa, 0x0, 0x0, 0x0, 0x28, 0xff,
    0xff, 0xfc, 0x54, 0x0, 0x0, 0x7f, 0xff, 0xff,
    0xff, 0xff, 0x0, 0x0, 0x7f, 0xff, 0xff, 0xff,
    0xff, 0x0, 0x0, 0x7f, 0xff, 0xff, 0xff, 0xff,
    0x0, 0x0, 0x7f, 0xff, 0xff, 0xff, 0xff, 0x0,
    0x0,

    /* U+0073 "s" */
    0x0, 0x7, 0xbe, 0xff, 0xec, 0x83, 0x0, 0x3,
    0xef, 0xff, 0xff, 0xff, 0xff, 0x40, 0xe, 0xff,
    0xff, 0xff, 0xff, 0xff, 0x40, 0x5f, 0xff, 0xfe,
    0x78, 0xff, 0xff, 0x40, 0x8f, 0xff, 0xfc, 0x0,
    0x7b, 0xbb, 0x30, 0x7f, 0xff, 0xff, 0xea, 0x73,
    0x0, 0x0, 0x3f, 0xff, 0xff, 0xff, 0xff, 0xe5,
    0x0, 0xa, 0xff, 0xff, 0xff, 0xff, 0xff, 0x40,
    0x0, 0x7e, 0xff, 0xff, 0xff, 0xff, 0xc0, 0x0,
    0x0, 0x25, 0x9f, 0xff, 0xff, 0xf0, 0x7e, 0xee,
    0xa0, 0x6, 0xff, 0xff, 0xf1, 0x8f, 0xff, 0xf9,
    0x7d, 0xff, 0xff, 0xe0, 0x8f, 0xff, 0xff, 0xff,
    0xff, 0xff, 0x80, 0x8f, 0xff, 0xff, 0xff, 0xff,
    0xfb, 0x0, 0x4, 0x8b, 0xdf, 0xff, 0xda, 0x50,
    0x0,

    /* U+0074 "t" */
    0x0, 0xdf, 0xff, 0xfb, 0x0, 0x0, 0x0, 0xdf,
    0xff, 0xfb, 0x0, 0x0, 0x6, 0xff, 0xff, 0xfb,
    0x0, 0x0, 0xcf, 0xff, 0xff, 0xff, 0xff, 0xf3,
    0xcf, 0xff, 0xff, 0xff, 0xff, 0xf3, 0xcf, 0xff,
    0xff, 0xff, 0xff, 0xf3, 0xcf, 0xff, 0xff, 0xff,
    0xff, 0xf3, 0x3c, 0xff, 0xff, 0xfc, 0x55, 0x51,
    0xa, 0xff, 0xff, 0xfb, 0x0, 0x0, 0xa, 0xff,
    0xff, 0xfb, 0x0, 0x0, 0xa, 0xff, 0xff, 0xfb,
    0x0, 0x0, 0xa, 0xff, 0xff, 0xfb, 0x0, 0x0,
    0x9, 0xff, 0xff, 0xfe, 0x0, 0x0, 0x8, 0xff,
    0xff, 0xff, 0xdb, 0xd5, 0x5, 0xff, 0xff, 0xff,
    0xff, 0xf5, 0x0, 0xff, 0xff, 0xff, 0xff, 0xf5,
    0x0, 0x5f, 0xff, 0xff, 0xff, 0xf5, 0x0, 0x3,
    0xae, 0xff, 0xdb, 0x71,

    /* U+0075 "u" */
    0xbf, 0xff, 0xff, 0xf7, 0xf, 0xff, 0xff, 0xff,
    0x70, 0xbf, 0xff, 0xff, 0xf7, 0xf, 0xff, 0xff,
    0xff, 0x70, 0xbf, 0xff, 0xff, 0xf7, 0xf, 0xff,
    0xff, 0xff, 0x70, 0xbf, 0xff, 0xff, 0xf7, 0xf,
    0xff, 0xff, 0xff, 0x70, 0x3b, 0xff, 0xff, 0xf7,
    0x4, 0xbf, 0xff, 0xff, 0x70, 0x8, 0xff, 0xff,
    0xf7, 0x0, 0x8f, 0xff, 0xff, 0x70, 0x8, 0xff,
    0xff, 0xf7, 0x0, 0x8f, 0xff, 0xff, 0x70, 0x8,
    0xff, 0xff, 0xf7, 0x0, 0x8f, 0xff, 0xff, 0x70,
    0x8, 0xff, 0xff, 0xf7, 0x0, 0x8f, 0xff, 0xff,
    0x70, 0x8, 0xff, 0xff, 0xf8, 0x0, 0xaf, 0xff,
    0xff, 0x70, 0x8, 0xff, 0xff, 0xfe, 0x67, 0xff,
    0xff, 0xff, 0x92, 0x6, 0xff, 0xff, 0xff, 0xff,
    0xff, 0xff, 0xff, 0xf9, 0x1, 0xff, 0xff, 0xff,
    0xff, 0xff, 0xff, 0xff, 0xf9, 0x0, 0x8f, 0xff,
    0xff, 0xfc, 0x9f, 0xff, 0xff, 0xf9, 0x0, 0x6,
    0xdf, 0xec, 0x60, 0x8f, 0xff, 0xff, 0xf9,

    /* U+0076 "v" */
    0xbf, 0xff, 0xff, 0xff, 0x4e, 0xff, 0xff, 0xff,
    0xab, 0xff, 0xff, 0xff, 0xf4, 0xef, 0xff, 0xff,
    0xfa, 0xbf, 0xff, 0xff, 0xff, 0x4e, 0xff, 0xff,
    0xff, 0xab, 0xff, 0xff, 0xff, 0xf4, 0xef, 0xff,
    0xff, 0xfa, 0x3a, 0xff, 0xff, 0xf8, 0x14, 0xef,
    0xff, 0xfa, 0x30, 0x4f, 0xff, 0xff, 0x70, 0x1f,
    0xff, 0xff, 0x30, 0x0, 0xff, 0xff, 0xfb, 0x5,
    0xff, 0xff, 0xe0, 0x0, 0xa, 0xff, 0xff, 0xf0,
    0x9f, 0xff, 0xf9, 0x0, 0x0, 0x5f, 0xff, 0xff,
    0x3d, 0xff, 0xff, 0x50, 0x0, 0x1, 0xff, 0xff,
    0xf9, 0xff, 0xff, 0xf0, 0x0, 0x0, 0xc, 0xff,
    0xff, 0xff, 0xff, 0xfb, 0x0, 0x0, 0x0, 0x7f,
    0xff, 0xff, 0xff, 0xff, 0x60, 0x0, 0x0, 0x2,
    0xff, 0xff, 0xff, 0xff, 0xf2, 0x0, 0x0, 0x0,
    0xd, 0xff, 0xff, 0xff, 0xfd, 0x0, 0x0, 0x0,
    0x0, 0x8f, 0xff, 0xff, 0xff, 0x80, 0x0, 0x0,

    /* U+0077 "w" */
    0xbf, 0xff, 0xff, 0xff, 0x40, 0xdf, 0xff, 0xf2,
    0xf, 0xff, 0xff, 0xff, 0x9b, 0xff, 0xff, 0xff,
    0xf4, 0xf, 0xff, 0xff, 0x60, 0xff, 0xff, 0xff,
    0xf9, 0xbf, 0xff, 0xff, 0xff, 0x43, 0xff, 0xff,
    0xf9, 0xf, 0xff, 0xff, 0xff, 0x9b, 0xff, 0xff,
    0xff, 0xf4, 0x7f, 0xff, 0xff, 0xd0, 0xff, 0xff,
    0xff, 0xf9, 0x3a, 0xff, 0xff, 0xf8, 0x1a, 0xff,
    0xff, 0xff, 0x4, 0xff, 0xff, 0xf9, 0x20, 0x4f,
    0xff, 0xff, 0x70, 0xef, 0xff, 0xff, 0xf4, 0x1f,
    0xff, 0xff, 0x20, 0x0, 0xef, 0xff, 0xfa, 0x1f,
    0xff, 0xff, 0xff, 0x74, 0xff, 0xff, 0xd0, 0x0,
    0x9, 0xff, 0xff, 0xd5, 0xff, 0xfb, 0xff, 0xfb,
    0x8f, 0xff, 0xf8, 0x0, 0x0, 0x4f, 0xff, 0xff,
    0xaf, 0xff, 0x5f, 0xff, 0xec, 0xff, 0xff, 0x30,
    0x0, 0x0, 0xff, 0xff, 0xff, 0xff, 0xc2, 0xff,
    0xff, 0xff, 0xff, 0xe0, 0x0, 0x0, 0xa, 0xff,
    0xff, 0xff, 0xf9, 0xf, 0xff, 0xff, 0xff, 0xf9,
    0x0, 0x0, 0x0, 0x5f, 0xff, 0xff, 0xff, 0x60,
    0xcf, 0xff, 0xff, 0xff, 0x40, 0x0, 0x0, 0x0,
    0xff, 0xff, 0xff, 0xf3, 0x9, 0xff, 0xff, 0xff,
    0xf0, 0x0, 0x0, 0x0, 0xb, 0xff, 0xff, 0xff,
    0x0, 0x6f, 0xff, 0xff, 0xfa, 0x0, 0x0, 0x0,
    0x0, 0x6f, 0xff, 0xff, 0xd0, 0x3, 0xff, 0xff,
    0xff, 0x50, 0x0, 0x0,

    /* U+0078 "x" */
    0x9f, 0xff, 0xff, 0xff, 0x8a, 0xff, 0xff, 0xff,
    0x29, 0xff, 0xff, 0xff, 0xf8, 0xaf, 0xff, 0xff,
    0xf2, 0x9f, 0xff, 0xff, 0xff, 0x8a, 0xff, 0xff,
    0xff, 0x29, 0xff, 0xff, 0xff, 0xf8, 0xaf, 0xff,
    0xff, 0xf2, 0x29, 0xff, 0xff, 0xff, 0x34, 0xff,
    0xff, 0xc5, 0x0, 0x9, 0xff, 0xff, 0xf8, 0xaf,
    0xff, 0xc0, 0x0, 0x0, 0x9, 0xff, 0xff, 0xff,
    0xff, 0xc0, 0x0, 0x0, 0x0, 0xb, 0xff, 0xff,
    0xff, 0xf5, 0x0, 0x0, 0x0, 0x5, 0xff, 0xff,
    0xff, 0xff, 0xf4, 0x0, 0x0, 0x5, 0xff, 0xff,
    0x5d, 0xff, 0xff, 0xf4, 0x0, 0x37, 0xff, 0xff,
    0xd1, 0x8f, 0xff, 0xff, 0xf6, 0x1b, 0xff, 0xff,
    0xff, 0x4e, 0xff, 0xff, 0xff, 0xf3, 0xbf, 0xff,
    0xff, 0xf4, 0xef, 0xff, 0xff, 0xff, 0x3b, 0xff,
    0xff, 0xff, 0x4e, 0xff, 0xff, 0xff, 0xf3, 0xbf,
    0xff, 0xff, 0xf4, 0xef, 0xff, 0xff, 0xff, 0x30,

    /* U+0079 "y" */
    0xaf, 0xff, 0xff, 0xff, 0x2f, 0xff, 0xff, 0xff,
    0x2a, 0xff, 0xff, 0xff, 0xf2, 0xff, 0xff, 0xff,
    0xf2, 0xaf, 0xff, 0xff, 0xff, 0x2f, 0xff, 0xff,
    0xff, 0x2a, 0xff, 0xff, 0xff, 0xf2, 0xff, 0xff,
    0xff, 0xf2, 0x3b, 0xff, 0xff, 0xf8, 0x8, 0xff,
    0xff, 0xf5, 0x0, 0x3f, 0xff, 0xff, 0x80, 0x8f,
    0xff, 0xfb, 0x0, 0x0, 0xef, 0xff, 0xfd, 0xd,
    0xff, 0xff, 0x50, 0x0, 0x8, 0xff, 0xff, 0xf4,
    0xff, 0xff, 0xf0, 0x0, 0x0, 0x2f, 0xff, 0xff,
    0xdf, 0xff, 0xf9, 0x0, 0x0, 0x0, 0xcf, 0xff,
    0xff, 0xff, 0xff, 0x40, 0x0, 0x0, 0x7, 0xff,
    0xff, 0xff, 0xff, 0xe0, 0x0, 0x0, 0x0, 0x1f,
    0xff, 0xff, 0xff, 0xf8, 0x0, 0x0, 0x0, 0x0,
    0xbf, 0xff, 0xff, 0xff, 0x30, 0x0, 0x0, 0x0,
    0x5, 0xff, 0xff, 0xff, 0xd0, 0x0, 0x0, 0x0,
    0x0, 0xf, 0xff, 0xff, 0xf7, 0x0, 0x0, 0x7,
    0x99, 0x80, 0xbf, 0xff, 0xff, 0x10, 0x0, 0x0,
    0xbf, 0xff, 0xcf, 0xff, 0xff, 0x90, 0x0, 0x0,
    0xb, 0xff, 0xff, 0xff, 0xff, 0xf1, 0x0, 0x0,
    0x0, 0xbf, 0xff, 0xff, 0xff, 0xf5, 0x0, 0x0,
    0x0, 0xb, 0xff, 0xff, 0xff, 0xf7, 0x0, 0x0,
    0x0, 0x0, 0x38, 0xce, 0xfe, 0xa3, 0x0, 0x0,
    0x0, 0x0, 0x0,

    /* U+007A "z" */
    0x7f, 0xff, 0xff, 0xff, 0xff, 0xff, 0xff, 0x27,
    0xff, 0xff, 0xff, 0xff, 0xff, 0xff, 0xf2, 0x7f,
    0xff, 0xff, 0xff, 0xff, 0xff, 0xff, 0x27, 0xff,
    0xff, 0xff, 0xff, 0xff, 0xff, 0xf2, 0x7f, 0xff,
    0x95, 0xbf, 0xff, 0xff, 0xf8, 0x2, 0x44, 0x41,
    0x6f, 0xff, 0xff, 0xf9, 0x0, 0x0, 0x0, 0x5f,
    0xff, 0xff, 0xfb, 0x0, 0x0, 0x0, 0x4f, 0xff,
    0xff, 0xfc, 0x0, 0x0, 0x0, 0x4f, 0xff, 0xff,
    0xfd, 0x10, 0x0, 0x0, 0x3f, 0xff, 0xff, 0xfe,
    0x27, 0xee, 0xe5, 0x2e, 0xff, 0xff, 0xff, 0x85,
    0xaf, 0xff, 0x6a, 0xff, 0xff, 0xff, 0xff, 0xff,
    0xff, 0xf6, 0xaf, 0xff, 0xff, 0xff, 0xff, 0xff,
    0xff, 0x6a, 0xff, 0xff, 0xff, 0xff, 0xff, 0xff,
    0xf6, 0xaf, 0xff, 0xff, 0xff, 0xff, 0xff, 0xff,
    0x60,

    /* U+007B "{" */
    0x0, 0x7, 0xce, 0xf0, 0x0, 0xdf, 0xff, 0xf0,
    0x6, 0xff, 0xff, 0x70, 0x9, 0xff, 0xfb, 0x0,
    0xa, 0xff, 0xfa, 0x0, 0x9, 0xff, 0xfb, 0x0,
    0x7, 0xff, 0xfd, 0x0, 0x5, 0xff, 0xff, 0x0,
    0x3, 0xff, 0xff, 0x10, 0x1, 0xff, 0xff, 0x30,
    0x0, 0xff, 0xff, 0x30, 0x0, 0xff, 0xff, 0x30,
    0x5, 0xff, 0xff, 0x0, 0x6f, 0xff, 0xf8, 0x0,
    0x6f, 0xff, 0xa0, 0x0, 0x6f, 0xff, 0xf6, 0x0,
    0x7, 0xff, 0xff, 0x0, 0x0, 0xff, 0xff, 0x30,
    0x0, 0xff, 0xff, 0x30, 0x0, 0xff, 0xff, 0x30,
    0x2, 0xff, 0xff, 0x10, 0x5, 0xff, 0xff, 0x0,
    0x7, 0xff, 0xfd, 0x0, 0x8, 0xff, 0xfb, 0x0,
    0x9, 0xff, 0xfa, 0x0, 0x9, 0xff, 0xfb, 0x0,
    0x6, 0xff, 0xff, 0x70, 0x0, 0xdf, 0xff, 0xf0,
    0x0, 0x7, 0xce, 0xf0,

    /* U+007C "|" */
    0x25, 0x55, 0x6, 0xff, 0xf0, 0x6f, 0xff, 0x6,
    0xff, 0xf0, 0x6f, 0xff, 0x6, 0xff, 0xf0, 0x6f,
    0xff, 0x6, 0xff, 0xf0, 0x6f, 0xff, 0x6, 0xff,
    0xf0, 0x6f, 0xff, 0x6, 0xff, 0xf0, 0x6f, 0xff,
    0x6, 0xff, 0xf0, 0x6f, 0xff, 0x6, 0xff, 0xf0,
    0x6f, 0xff, 0x6, 0xff, 0xf0, 0x6f, 0xff, 0x6,
    0xff, 0xf0, 0x6f, 0xff, 0x6, 0xff, 0xf0, 0x6f,
    0xff, 0x6, 0xff, 0xf0, 0x6f, 0xff, 0x6, 0xff,
    0xf0, 0x6f, 0xff, 0x6, 0xff, 0xf0, 0x6f, 0xff,
    0x6, 0xff, 0xf0, 0x6f, 0xff, 0x6, 0xff, 0xf0,
    0x6f, 0xff, 0x6, 0xff, 0xf0,

    /* U+007D "}" */
    0x4f, 0xeb, 0x60, 0x0, 0x4f, 0xff, 0xfa, 0x0,
    0x19, 0xff, 0xff, 0x30, 0x0, 0xef, 0xff, 0x50,
    0x0, 0xdf, 0xff, 0x60, 0x0, 0xef, 0xff, 0x50,
    0x0, 0xff, 0xff, 0x30, 0x2, 0xff, 0xff, 0x10,
    0x4, 0xff, 0xff, 0x0, 0x6, 0xff, 0xfd, 0x0,
    0x7, 0xff, 0xfc, 0x0, 0x6, 0xff, 0xfc, 0x0,
    0x3, 0xff, 0xff, 0x20, 0x0, 0xcf, 0xff, 0xf2,
    0x0, 0xd, 0xff, 0xf3, 0x0, 0xaf, 0xff, 0xf3,
    0x3, 0xff, 0xff, 0x40, 0x6, 0xff, 0xfc, 0x0,
    0x7, 0xff, 0xfc, 0x0, 0x6, 0xff, 0xfd, 0x0,
    0x5, 0xff, 0xff, 0x0, 0x2, 0xff, 0xff, 0x10,
    0x0, 0xff, 0xff, 0x30, 0x0, 0xef, 0xff, 0x50,
    0x0, 0xdf, 0xff, 0x60, 0x0, 0xef, 0xff, 0x50,
    0x19, 0xff, 0xff, 0x30, 0x4f, 0xff, 0xfa, 0x0,
    0x4f, 0xeb, 0x60, 0x0,

    /* U+007E "~" */
    0x0, 0x6d, 0xfe, 0xda, 0x62, 0x0, 0x3, 0xb2,
    0x6, 0xff, 0xff, 0xff, 0xff, 0xfe, 0xdf, 0xf2,
    0xe, 0xff, 0xff, 0xff, 0xff, 0xff, 0xff, 0xf0,
    0x1f, 0xfe, 0xdf, 0xff, 0xff, 0xff, 0xff, 0x90,
    0x2c, 0x40, 0x0, 0x15, 0x9c, 0xef, 0xe9, 0x0,

    /* U+00B7 "·" */
    0x6f, 0xff, 0xb6, 0xff, 0xfb, 0x6f, 0xff, 0xb6,
    0xff, 0xfb,

    /* U+2013 "–" */
    0x55, 0x55, 0x55, 0x55, 0x55, 0x55, 0x55, 0x1f,
    0xff, 0xff, 0xff, 0xff, 0xff, 0xff, 0xf6, 0xff,
    0xff, 0xff, 0xff, 0xff, 0xff, 0xff, 0x6f, 0xff,
    0xff, 0xff, 0xff, 0xff, 0xff, 0xf6, 0xff, 0xff,
    0xff, 0xff, 0xff, 0xff, 0xff, 0x60,

    /* U+2026 "…" */
    0x45, 0x55, 0x0, 0x55, 0x54, 0x1, 0x55, 0x53,
    0xff, 0xff, 0x12, 0xff, 0xfe, 0x5, 0xff, 0xfc,
    0xff, 0xff, 0x12, 0xff, 0xfe, 0x5, 0xff, 0xfc,
    0xff, 0xff, 0x12, 0xff, 0xfe, 0x5, 0xff, 0xfc,
    0xff, 0xff, 0x12, 0xff, 0xfe, 0x5, 0xff, 0xfc
};


/*---------------------
 *  GLYPH DESCRIPTION
 *--------------------*/

static const lv_font_fmt_txt_glyph_dsc_t glyph_dsc[] = {
    {.bitmap_index = 0, .adv_w = 0, .box_w = 0, .box_h = 0, .ofs_x = 0, .ofs_y = 0} /* id = 0 reserved */,
    {.bitmap_index = 0, .adv_w = 125, .box_w = 0, .box_h = 0, .ofs_x = 0, .ofs_y = 0},
    {.bitmap_index = 0, .adv_w = 141, .box_w = 9, .box_h = 20, .ofs_x = 0, .ofs_y = 0},
    {.bitmap_index = 90, .adv_w = 148, .box_w = 9, .box_h = 7, .ofs_x = 0, .ofs_y = 13},
    {.bitmap_index = 122, .adv_w = 305, .box_w = 19, .box_h = 20, .ofs_x = 0, .ofs_y = 0},
    {.bitmap_index = 312, .adv_w = 285, .box_w = 18, .box_h = 28, .ofs_x = 0, .ofs_y = -4},
    {.bitmap_index = 564, .adv_w = 368, .box_w = 23, .box_h = 20, .ofs_x = 0, .ofs_y = 0},
    {.bitmap_index = 794, .adv_w = 344, .box_w = 22, .box_h = 20, .ofs_x = 0, .ofs_y = 0},
    {.bitmap_index = 1014, .adv_w = 80, .box_w = 5, .box_h = 7, .ofs_x = 0, .ofs_y = 13},
    {.bitmap_index = 1032, .adv_w = 156, .box_w = 10, .box_h = 31, .ofs_x = 0, .ofs_y = -7},
    {.bitmap_index = 1187, .adv_w = 156, .box_w = 9, .box_h = 31, .ofs_x = 0, .ofs_y = -7},
    {.bitmap_index = 1327, .adv_w = 170, .box_w = 11, .box_h = 10, .ofs_x = 0, .ofs_y = 10},
    {.bitmap_index = 1382, .adv_w = 240, .box_w = 13, .box_h = 14, .ofs_x = 1, .ofs_y = 2},
    {.bitmap_index = 1473, .adv_w = 102, .box_w = 5, .box_h = 9, .ofs_x = 1, .ofs_y = -4},
    {.bitmap_index = 1496, .adv_w = 162, .box_w = 10, .box_h = 5, .ofs_x = 0, .ofs_y = 5},
    {.bitmap_index = 1521, .adv_w = 102, .box_w = 5, .box_h = 5, .ofs_x = 1, .ofs_y = 0},
    {.bitmap_index = 1534, .adv_w = 176, .box_w = 13, .box_h = 26, .ofs_x = -1, .ofs_y = -4},
    {.bitmap_index = 1703, .adv_w = 305, .box_w = 19, .box_h = 20, .ofs_x = 0, .ofs_y = 0},
    {.bitmap_index = 1893, .adv_w = 217, .box_w = 13, .box_h = 20, .ofs_x = 0, .ofs_y = 0},
    {.bitmap_index = 2023, .adv_w = 270, .box_w = 17, .box_h = 20, .ofs_x = 0, .ofs_y = 0},
    {.bitmap_index = 2193, .adv_w = 259, .box_w = 16, .box_h = 20, .ofs_x = 0, .ofs_y = 0},
    {.bitmap_index = 2353, .adv_w = 289, .box_w = 18, .box_h = 20, .ofs_x = 0, .ofs_y = 0},
    {.bitmap_index = 2533, .adv_w = 271, .box_w = 17, .box_h = 20, .ofs_x = 0, .ofs_y = 0},
    {.bitmap_index = 2703, .adv_w = 288, .box_w = 18, .box_h = 20, .ofs_x = 0, .ofs_y = 0},
    {.bitmap_index = 2883, .adv_w = 270, .box_w = 17, .box_h = 20, .ofs_x = 0, .ofs_y = 0},
    {.bitmap_index = 3053, .adv_w = 291, .box_w = 18, .box_h = 20, .ofs_x = 0, .ofs_y = 0},
    {.bitmap_index = 3233, .adv_w = 288, .box_w = 18, .box_h = 20, .ofs_x = 0, .ofs_y = 0},
    {.bitmap_index = 3413, .adv_w = 102, .box_w = 5, .box_h = 13, .ofs_x = 1, .ofs_y = 0},
    {.bitmap_index = 3446, .adv_w = 102, .box_w = 5, .box_h = 17, .ofs_x = 1, .ofs_y = -4},
    {.bitmap_index = 3489, .adv_w = 208, .box_w = 12, .box_h = 14, .ofs_x = 0, .ofs_y = 2},
    {.bitmap_index = 3573, .adv_w = 206, .box_w = 11, .box_h = 11, .ofs_x = 1, .ofs_y = 4},
    {.bitmap_index = 3634, .adv_w = 208, .box_w = 12, .box_h = 14, .ofs_x = 1, .ofs_y = 2},
    {.bitmap_index = 3718, .adv_w = 262, .box_w = 17, .box_h = 20, .ofs_x = 0, .ofs_y = 0},
    {.bitmap_index = 3888, .adv_w = 478, .box_w = 29, .box_h = 26, .ofs_x = 0, .ofs_y = -6},
    {.bitmap_index = 4265, .adv_w = 335, .box_w = 21, .box_h = 20, .ofs_x = 0, .ofs_y = 0},
    {.bitmap_index = 4475, .adv_w = 322, .box_w = 20, .box_h = 20, .ofs_x = 0, .ofs_y = 0},
    {.bitmap_index = 4675, .adv_w = 300, .box_w = 19, .box_h = 20, .ofs_x = 0, .ofs_y = 0},
    {.bitmap_index = 4865, .adv_w = 334, .box_w = 21, .box_h = 20, .ofs_x = 0, .ofs_y = 0},
    {.bitmap_index = 5075, .adv_w = 297, .box_w = 19, .box_h = 20, .ofs_x = 0, .ofs_y = 0},
    {.bitmap_index = 5265, .adv_w = 263, .box_w = 17, .box_h = 20, .ofs_x = 0, .ofs_y = 0},
    {.bitmap_index = 5435, .adv_w = 325, .box_w = 21, .box_h = 20, .ofs_x = 0, .ofs_y = 0},
    {.bitmap_index = 5645, .adv_w = 349, .box_w = 22, .box_h = 20, .ofs_x = 0, .ofs_y = 0},
    {.bitmap_index = 5865, .adv_w = 175, .box_w = 11, .box_h = 20, .ofs_x = 0, .ofs_y = 0},
    {.bitmap_index = 5975, .adv_w = 277, .box_w = 17, .box_h = 20, .ofs_x = 0, .ofs_y = 0},
    {.bitmap_index = 6145, .adv_w = 347, .box_w = 22, .box_h = 20, .ofs_x = 0, .ofs_y = 0},
    {.bitmap_index = 6365, .adv_w = 272, .box_w = 17, .box_h = 20, .ofs_x = 0, .ofs_y = 0},
    {.bitmap_index = 6535, .adv_w = 475, .box_w = 30, .box_h = 20, .ofs_x = 0, .ofs_y = 0},
    {.bitmap_index = 6835, .adv_w = 392, .box_w = 25, .box_h = 20, .ofs_x = 0, .ofs_y = 0},
    {.bitmap_index = 7085, .adv_w = 329, .box_w = 21, .box_h = 20, .ofs_x = 0, .ofs_y = 0},
    {.bitmap_index = 7295, .adv_w = 307, .box_w = 19, .box_h = 20, .ofs_x = 0, .ofs_y = 0},
    {.bitmap_index = 7485, .adv_w = 337, .box_w = 21, .box_h = 23, .ofs_x = 0, .ofs_y = -3},
    {.bitmap_index = 7727, .adv_w = 333, .box_w = 21, .box_h = 20, .ofs_x = 0, .ofs_y = 0},
    {.bitmap_index = 7937, .adv_w = 280, .box_w = 18, .box_h = 20, .ofs_x = 0, .ofs_y = 0},
    {.bitmap_index = 8117, .adv_w = 324, .box_w = 20, .box_h = 20, .ofs_x = 0, .ofs_y = 0},
    {.bitmap_index = 8317, .adv_w = 325, .box_w = 20, .box_h = 20, .ofs_x = 0, .ofs_y = 0},
    {.bitmap_index = 8517, .adv_w = 327, .box_w = 21, .box_h = 20, .ofs_x = 0, .ofs_y = 0},
    {.bitmap_index = 8727, .adv_w = 502, .box_w = 32, .box_h = 20, .ofs_x = 0, .ofs_y = 0},
    {.bitmap_index = 9047, .adv_w = 333, .box_w = 21, .box_h = 20, .ofs_x = 0, .ofs_y = 0},
    {.bitmap_index = 9257, .adv_w = 323, .box_w = 20, .box_h = 20, .ofs_x = 0, .ofs_y = 0},
    {.bitmap_index = 9457, .adv_w = 287, .box_w = 18, .box_h = 20, .ofs_x = 0, .ofs_y = 0},
    {.bitmap_index = 9637, .adv_w = 135, .box_w = 8, .box_h = 32, .ofs_x = 1, .ofs_y = -8},
    {.bitmap_index = 9765, .adv_w = 176, .box_w = 13, .box_h = 26, .ofs_x = -1, .ofs_y = -4},
    {.bitmap_index = 9934, .adv_w = 135, .box_w = 8, .box_h = 32, .ofs_x = 0, .ofs_y = -8},
    {.bitmap_index = 10062, .adv_w = 172, .box_w = 11, .box_h = 7, .ofs_x = 0, .ofs_y = 13},
    {.bitmap_index = 10101, .adv_w = 250, .box_w = 16, .box_h = 3, .ofs_x = 0, .ofs_y = -4},
    {.bitmap_index = 10125, .adv_w = 168, .box_w = 9, .box_h = 5, .ofs_x = 1, .ofs_y = 16},
    {.bitmap_index = 10148, .adv_w = 256, .box_w = 16, .box_h = 15, .ofs_x = 0, .ofs_y = 0},
    {.bitmap_index = 10268, .adv_w = 275, .box_w = 17, .box_h = 20, .ofs_x = 0, .ofs_y = 0},
    {.bitmap_index = 10438, .adv_w = 234, .box_w = 15, .box_h = 15, .ofs_x = 0, .ofs_y = 0},
    {.bitmap_index = 10551, .adv_w = 274, .box_w = 17, .box_h = 20, .ofs_x = 0, .ofs_y = 0},
    {.bitmap_index = 10721, .adv_w = 247, .box_w = 16, .box_h = 15, .ofs_x = 0, .ofs_y = 0},
    {.bitmap_index = 10841, .adv_w = 160, .box_w = 12, .box_h = 20, .ofs_x = 0, .ofs_y = 0},
    {.bitmap_index = 10961, .adv_w = 272, .box_w = 17, .box_h = 21, .ofs_x = 0, .ofs_y = -6},
    {.bitmap_index = 11140, .adv_w = 290, .box_w = 18, .box_h = 20, .ofs_x = 0, .ofs_y = 0},
    {.bitmap_index = 11320, .adv_w = 144, .box_w = 9, .box_h = 20, .ofs_x = 0, .ofs_y = 0},
    {.bitmap_index = 11410, .adv_w = 130, .box_w = 11, .box_h = 26, .ofs_x = -3, .ofs_y = -6},
    {.bitmap_index = 11553, .adv_w = 282, .box_w = 18, .box_h = 20, .ofs_x = 0, .ofs_y = 0},
    {.bitmap_index = 11733, .adv_w = 146, .box_w = 9, .box_h = 20, .ofs_x = 0, .ofs_y = 0},
    {.bitmap_index = 11823, .adv_w = 433, .box_w = 27, .box_h = 15, .ofs_x = 0, .ofs_y = 0},
    {.bitmap_index = 12026, .adv_w = 290, .box_w = 18, .box_h = 15, .ofs_x = 0, .ofs_y = 0},
    {.bitmap_index = 12161, .adv_w = 263, .box_w = 17, .box_h = 15, .ofs_x = 0, .ofs_y = 0},
    {.bitmap_index = 12289, .adv_w = 274, .box_w = 17, .box_h = 21, .ofs_x = 0, .ofs_y = -6},
    {.bitmap_index = 12468, .adv_w = 271, .box_w = 17, .box_h = 21, .ofs_x = 0, .ofs_y = -6},
    {.bitmap_index = 12647, .adv_w = 219, .box_w = 14, .box_h = 15, .ofs_x = 0, .ofs_y = 0},
    {.bitmap_index = 12752, .adv_w = 216, .box_w = 14, .box_h = 15, .ofs_x = 0, .ofs_y = 0},
    {.bitmap_index = 12857, .adv_w = 188, .box_w = 12, .box_h = 18, .ofs_x = 0, .ofs_y = 0},
    {.bitmap_index = 12965, .adv_w = 285, .box_w = 18, .box_h = 15, .ofs_x = 0, .ofs_y = 0},
    {.bitmap_index = 13100, .adv_w = 271, .box_w = 17, .box_h = 15, .ofs_x = 0, .ofs_y = 0},
    {.bitmap_index = 13228, .adv_w = 398, .box_w = 25, .box_h = 15, .ofs_x = 0, .ofs_y = 0},
    {.bitmap_index = 13416, .adv_w = 265, .box_w = 17, .box_h = 15, .ofs_x = 0, .ofs_y = 0},
    {.bitmap_index = 13544, .adv_w = 263, .box_w = 17, .box_h = 21, .ofs_x = 0, .ofs_y = -6},
    {.bitmap_index = 13723, .adv_w = 236, .box_w = 15, .box_h = 15, .ofs_x = 0, .ofs_y = 0},
    {.bitmap_index = 13836, .adv_w = 124, .box_w = 8, .box_h = 29, .ofs_x = 0, .ofs_y = -6},
    {.bitmap_index = 13952, .adv_w = 106, .box_w = 5, .box_h = 34, .ofs_x = 1, .ofs_y = -9},
    {.bitmap_index = 14037, .adv_w = 124, .box_w = 8, .box_h = 29, .ofs_x = 0, .ofs_y = -6},
    {.bitmap_index = 14153, .adv_w = 257, .box_w = 16, .box_h = 5, .ofs_x = 0, .ofs_y = 8},
    {.bitmap_index = 14193, .adv_w = 85, .box_w = 5, .box_h = 4, .ofs_x = 0, .ofs_y = 8},
    {.bitmap_index = 14203, .adv_w = 230, .box_w = 15, .box_h = 5, .ofs_x = 0, .ofs_y = 5},
    {.bitmap_index = 14241, .adv_w = 288, .box_w = 16, .box_h = 5, .ofs_x = 1, .ofs_y = 0}
};

/*---------------------
 *  CHARACTER MAPPING
 *--------------------*/

static const uint16_t unicode_list_1[] = {
    0x0, 0x1f5c, 0x1f6f
};

/*Collect the unicode lists and glyph_id offsets*/
static const lv_font_fmt_txt_cmap_t cmaps[] =
{
    {
        .range_start = 32, .range_length = 95, .glyph_id_start = 1,
        .unicode_list = NULL, .glyph_id_ofs_list = NULL, .list_length = 0, .type = LV_FONT_FMT_TXT_CMAP_FORMAT0_TINY
    },
    {
        .range_start = 183, .range_length = 8048, .glyph_id_start = 96,
        .unicode_list = unicode_list_1, .glyph_id_ofs_list = NULL, .list_length = 3, .type = LV_FONT_FMT_TXT_CMAP_SPARSE_TINY
    }
};

/*-----------------
 *    KERNING
 *----------------*/


/*Pair left and right glyphs for kerning*/
static const uint8_t kern_pair_glyph_ids[] =
{
    3, 34,
    3, 36,
    3, 40,
    3, 48,
    3, 50,
    8, 34,
    8, 36,
    8, 40,
    8, 48,
    8, 50,
    9, 75,
    11, 34,
    11, 36,
    11, 40,
    11, 48,
    11, 50,
    13, 53,
    15, 53,
    34, 3,
    34, 8,
    34, 11,
    34, 36,
    34, 40,
    34, 48,
    34, 50,
    34, 53,
    34, 54,
    34, 55,
    34, 56,
    34, 58,
    34, 85,
    34, 87,
    34, 88,
    35, 53,
    35, 55,
    35, 56,
    35, 57,
    35, 58,
    37, 3,
    37, 8,
    37, 11,
    37, 13,
    37, 15,
    37, 34,
    37, 55,
    37, 56,
    37, 57,
    37, 58,
    37, 98,
    39, 13,
    39, 15,
    39, 34,
    39, 43,
    39, 66,
    39, 68,
    39, 69,
    39, 70,
    39, 72,
    39, 80,
    39, 82,
    39, 98,
    40, 55,
    40, 56,
    40, 57,
    40, 58,
    44, 36,
    44, 40,
    44, 48,
    44, 50,
    44, 68,
    44, 70,
    44, 80,
    44, 86,
    44, 87,
    44, 88,
    45, 3,
    45, 8,
    45, 11,
    45, 53,
    45, 54,
    45, 55,
    45, 56,
    45, 57,
    45, 58,
    45, 87,
    45, 88,
    48, 3,
    48, 8,
    48, 11,
    48, 13,
    48, 15,
    48, 34,
    48, 55,
    48, 56,
    48, 57,
    48, 58,
    48, 98,
    49, 13,
    49, 15,
    49, 34,
    49, 43,
    49, 55,
    49, 56,
    49, 57,
    49, 66,
    49, 68,
    49, 69,
    49, 70,
    49, 72,
    49, 80,
    49, 82,
    49, 98,
    50, 55,
    50, 56,
    50, 58,
    51, 53,
    51, 54,
    51, 55,
    51, 56,
    51, 58,
    52, 58,
    53, 13,
    53, 15,
    53, 27,
    53, 28,
    53, 34,
    53, 43,
    53, 66,
    53, 68,
    53, 69,
    53, 70,
    53, 72,
    53, 80,
    53, 82,
    53, 84,
    53, 98,
    54, 13,
    54, 15,
    54, 34,
    54, 98,
    55, 13,
    55, 15,
    55, 27,
    55, 28,
    55, 34,
    55, 36,
    55, 40,
    55, 43,
    55, 48,
    55, 50,
    55, 66,
    55, 68,
    55, 69,
    55, 70,
    55, 72,
    55, 78,
    55, 79,
    55, 80,
    55, 81,
    55, 82,
    55, 83,
    55, 84,
    55, 86,
    55, 87,
    55, 88,
    55, 98,
    56, 13,
    56, 15,
    56, 27,
    56, 28,
    56, 34,
    56, 36,
    56, 40,
    56, 43,
    56, 48,
    56, 50,
    56, 66,
    56, 68,
    56, 69,
    56, 70,
    56, 72,
    56, 78,
    56, 79,
    56, 80,
    56, 81,
    56, 82,
    56, 83,
    56, 84,
    56, 86,
    56, 87,
    56, 88,
    56, 98,
    57, 36,
    57, 40,
    57, 48,
    57, 50,
    57, 86,
    57, 87,
    57, 88,
    58, 13,
    58, 15,
    58, 27,
    58, 28,
    58, 34,
    58, 36,
    58, 40,
    58, 43,
    58, 48,
    58, 50,
    58, 66,
    58, 68,
    58, 69,
    58, 70,
    58, 72,
    58, 78,
    58, 79,
    58, 80,
    58, 81,
    58, 82,
    58, 83,
    58, 84,
    58, 86,
    58, 87,
    58, 88,
    58, 89,
    58, 90,
    58, 98,
    60, 75,
    66, 87,
    66, 88,
    71, 3,
    71, 8,
    71, 10,
    71, 11,
    71, 32,
    71, 62,
    71, 94,
    79, 87,
    79, 88,
    80, 13,
    80, 15,
    80, 98,
    83, 13,
    83, 15,
    83, 98,
    87, 13,
    87, 15,
    87, 66,
    87, 98,
    88, 13,
    88, 15,
    88, 66,
    88, 98,
    90, 13,
    90, 15,
    90, 98,
    92, 75,
    98, 53
};

/* Kerning between the respective left and right glyphs
 * 4.4 format which needs to scaled with `kern_scale`*/
static const int8_t kern_pair_values[] =
{
    -42, -12, -12, -12, -12, -42, -12, -12,
    -12, -12, 54, -33, -8, -8, -8, -8,
    -25, -25, -42, -42, -33, -12, -12, -12,
    -12, -50, -17, -46, -46, -58, -4, -29,
    -29, -7, -4, -4, -2, -7, -12, -12,
    -8, -17, -17, -12, -8, -8, -10, -12,
    -17, -42, -42, -42, -40, -8, -17, -12,
    -17, -17, -17, -12, -42, -17, -17, -8,
    -14, -12, -12, -12, -12, -4, -4, -4,
    -4, -8, -8, -42, -42, -50, -58, -12,
    -54, -54, 2, -67, -29, -29, -12, -12,
    -8, -17, -17, -12, -8, -8, -10, -12,
    -17, -42, -42, -42, -67, -2, -2, -4,
    -8, -8, -8, -8, -8, -8, -8, -42,
    -12, -12, -12, -15, -14, -18, -18, -17,
    -8, -50, -50, -25, -25, -46, -46, -7,
    -29, -21, -29, -21, -29, -21, -12, -50,
    -17, -17, -17, -17, -54, -54, -25, -25,
    -50, -8, -8, -37, -8, -8, -12, -29,
    -25, -29, -25, -8, -8, -29, -8, -25,
    -8, -17, -4, -8, -8, -54, -54, -54,
    -25, -25, -50, -8, -8, -37, -8, -8,
    -12, -29, -25, -29, -25, -8, -8, -29,
    -8, -25, -8, -17, -4, -8, -8, -54,
    -10, -10, -10, -10, -12, -8, -8, -62,
    -62, -33, -33, -58, -12, -12, -42, -12,
    -12, -17, -46, -37, -46, -33, -17, -17,
    -46, -8, -37, -17, -29, -12, -12, -12,
    -12, -8, -62, 58, -17, -17, 42, 42,
    33, 42, 42, 50, 33, -12, -12, -12,
    -12, -12, -37, -37, -37, -37, -37, -4,
    -37, -37, -37, -4, -37, -37, -37, -37,
    46, -25
};

/*Collect the kern pair's data in one place*/
static const lv_font_fmt_txt_kern_pair_t kern_pairs =
{
    .glyph_ids = kern_pair_glyph_ids,
    .values = kern_pair_values,
    .pair_cnt = 258,
    .glyph_ids_size = 0
};

/*--------------------
 *  ALL CUSTOM DATA
 *--------------------*/

#if LVGL_VERSION_MAJOR == 8
/*Store all the custom data of the font*/
static  lv_font_fmt_txt_glyph_cache_t cache;
#endif

#if LVGL_VERSION_MAJOR >= 8
static const lv_font_fmt_txt_dsc_t font_dsc = {
#else
static lv_font_fmt_txt_dsc_t font_dsc = {
#endif
    .glyph_bitmap = glyph_bitmap,
    .glyph_dsc = glyph_dsc,
    .cmaps = cmaps,
    .kern_dsc = &kern_pairs,
    .kern_scale = 16,
    .cmap_num = 2,
    .bpp = 4,
    .kern_classes = 0,
    .bitmap_format = 0,
#if LVGL_VERSION_MAJOR == 8
    .cache = &cache
#endif
};



/*-----------------
 *  PUBLIC FONT
 *----------------*/

/*Initialize a public general font descriptor*/
#if LVGL_VERSION_MAJOR >= 8
const lv_font_t zk_font_alfa_26 = {
#else
lv_font_t zk_font_alfa_26 = {
#endif
    .get_glyph_dsc = lv_font_get_glyph_dsc_fmt_txt,    /*Function pointer to get glyph's data*/
    .get_glyph_bitmap = lv_font_get_bitmap_fmt_txt,    /*Function pointer to get glyph's bitmap*/
    .line_height = 34,          /*The maximum line height required by the font*/
    .base_line = 9,             /*Baseline measured from the bottom of the line*/
#if !(LVGL_VERSION_MAJOR == 6 && LVGL_VERSION_MINOR == 0)
    .subpx = LV_FONT_SUBPX_NONE,
#endif
#if LV_VERSION_CHECK(7, 4, 0) || LVGL_VERSION_MAJOR >= 8
    .underline_position = -2,
    .underline_thickness = 1,
#endif
    .dsc = &font_dsc,          /*The custom font data. Will be accessed by `get_glyph_bitmap/dsc` */
#if LV_VERSION_CHECK(8, 2, 0) || LVGL_VERSION_MAJOR >= 9
    .fallback = NULL,
#endif
    .user_data = NULL,
};



#endif /*#if ZK_FONT_ALFA_26*/

