/* Generated by lv_font_conv 1.5.3; do not edit. */
/*******************************************************************************
 * Size: 48 px
 * Bpp: 4
 * Opts: --bpp 4 --no-compress --no-prefilter --format lvgl --lv-include lvgl.h --lv-font-name zk_font_xb_48 --font fonts/BarlowSemiCondensed-ExtraBold.ttf --size 48 --range 0x20-0x7E,0xB7,0x2013,0x2026 -o generated/zk_font_xb_48.c
 ******************************************************************************/

#ifdef LV_LVGL_H_INCLUDE_SIMPLE
#include "lvgl.h"
#else
#include "lvgl.h"
#endif

#ifndef ZK_FONT_XB_48
#define ZK_FONT_XB_48 1
#endif

#if ZK_FONT_XB_48

/*-----------------
 *    BITMAPS
 *----------------*/

/*Store the image of the glyphs*/
static LV_ATTRIBUTE_LARGE_CONST const uint8_t glyph_bitmap[] = {
    /* U+0020 " " */

    /* U+0021 "!" */
    0x3f, 0xff, 0xff, 0xff, 0x94, 0xff, 0xff, 0xff,
    0xf9, 0x3f, 0xff, 0xff, 0xff, 0x92, 0xff, 0xff,
    0xff, 0xf8, 0x2f, 0xff, 0xff, 0xff, 0x81, 0xff,
    0xff, 0xff, 0xf7, 0x1f, 0xff, 0xff, 0xff, 0x60,
    0xff, 0xff, 0xff, 0xf6, 0xf, 0xff, 0xff, 0xff,
    0x50, 0xff, 0xff, 0xff, 0xf4, 0xe, 0xff, 0xff,
    0xff, 0x40, 0xdf, 0xff, 0xff, 0xf3, 0xd, 0xff,
    0xff, 0xff, 0x20, 0xcf, 0xff, 0xff, 0xf2, 0xc,
    0xff, 0xff, 0xff, 0x10, 0xbf, 0xff, 0xff, 0xf1,
    0xa, 0xff, 0xff, 0xff, 0x0, 0xaf, 0xff, 0xff,
    0xf0, 0x9, 0xff, 0xff, 0xff, 0x0, 0x8f, 0xff,
    0xff, 0xe0, 0x8, 0xff, 0xff, 0xfd, 0x0, 0x4b,
    0xbb, 0xbb, 0x70, 0x0, 0x0, 0x0, 0x0, 0x0,
    0x0, 0x0, 0x0, 0x0, 0x0, 0x1, 0x31, 0x0,
    0x0, 0x1b, 0xff, 0xfc, 0x20, 0xd, 0xff, 0xff,
    0xfe, 0x16, 0xff, 0xff, 0xff, 0xf7, 0x9f, 0xff,
    0xff, 0xff, 0xa8, 0xff, 0xff, 0xff, 0xfa, 0x4f,
    0xff, 0xff, 0xff, 0x60, 0xbf, 0xff, 0xff, 0xc0,
    0x0, 0x7d, 0xfe, 0x80, 0x0,

    /* U+0022 "\"" */
    0x6f, 0xff, 0xff, 0xff, 0x0, 0x3f, 0xff, 0xff,
    0xff, 0x26, 0xff, 0xff, 0xff, 0xf0, 0x2, 0xff,
    0xff, 0xff, 0xf2, 0x5f, 0xff, 0xff, 0xfd, 0x0,
    0x1f, 0xff, 0xff, 0xff, 0x14, 0xff, 0xff, 0xff,
    0xc0, 0x0, 0xff, 0xff, 0xff, 0xf0, 0x3f, 0xff,
    0xff, 0xfb, 0x0, 0xf, 0xff, 0xff, 0xfe, 0x1,
    0xff, 0xff, 0xff, 0xa0, 0x0, 0xef, 0xff, 0xff,
    0xd0, 0xf, 0xff, 0xff, 0xf8, 0x0, 0xd, 0xff,
    0xff, 0xfc, 0x0, 0xff, 0xff, 0xff, 0x70, 0x0,
    0xcf, 0xff, 0xff, 0xb0, 0xe, 0xff, 0xff, 0xf6,
    0x0, 0xa, 0xff, 0xff, 0xfa, 0x0, 0xdf, 0xff,
    0xff, 0x50, 0x0, 0x9f, 0xff, 0xff, 0x80, 0xb,
    0xff, 0xff, 0xf3, 0x0, 0x7, 0xff, 0xff, 0xf6,
    0x0, 0x2, 0x22, 0x21, 0x0, 0x0, 0x2, 0x22,
    0x22, 0x0,

    /* U+0023 "#" */
    0x0, 0x0, 0x0, 0xb, 0xff, 0xff, 0xff, 0xf1,
    0x0, 0xe, 0xff, 0xff, 0xff, 0xe0, 0x0, 0x0,
    0x0, 0x0, 0xf, 0xff, 0xff, 0xff, 0xf0, 0x0,
    0x2f, 0xff, 0xff, 0xff, 0xd0, 0x0, 0x0, 0x0,
    0x0, 0x1f, 0xff, 0xff, 0xff, 0xe0, 0x0, 0x4f,
    0xff, 0xff, 0xff, 0xb0, 0x0, 0x0, 0x0, 0x0,
    0x4f, 0xff, 0xff, 0xff, 0xb0, 0x0, 0x7f, 0xff,
    0xff, 0xff, 0x80, 0x0, 0x0, 0x0, 0x0, 0x6f,
    0xff, 0xff, 0xff, 0x90, 0x0, 0x9f, 0xff, 0xff,
    0xff, 0x60, 0x0, 0x0, 0x0, 0x0, 0x9f, 0xff,
    0xff, 0xff, 0x60, 0x0, 0xcf, 0xff, 0xff, 0xff,
    0x30, 0x0, 0x0, 0x7c, 0xcc, 0xef, 0xff, 0xff,
    0xff, 0xdc, 0xcc, 0xff, 0xff, 0xff, 0xff, 0xdc,
    0xb1, 0x0, 0xbf, 0xff, 0xff, 0xff, 0xff, 0xff,
    0xff, 0xff, 0xff, 0xff, 0xff, 0xff, 0xff, 0xf3,
    0x0, 0xbf, 0xff, 0xff, 0xff, 0xff, 0xff, 0xff,
    0xff, 0xff, 0xff, 0xff, 0xff, 0xff, 0xf3, 0x0,
    0xbf, 0xff, 0xff, 0xff, 0xff, 0xff, 0xff, 0xff,
    0xff, 0xff, 0xff, 0xff, 0xff, 0xf3, 0x0, 0xbf,
    0xff, 0xff, 0xff, 0xff, 0xff, 0xff, 0xff, 0xff,
    0xff, 0xff, 0xff, 0xff, 0xf3, 0x0, 0xbf, 0xff,
    0xff, 0xff, 0xff, 0xff, 0xff, 0xff, 0xff, 0xff,
    0xff, 0xff, 0xff, 0xf3, 0x0, 0xaf, 0xff, 0xff,
    0xff, 0xff, 0xff, 0xff, 0xff, 0xff, 0xff, 0xff,
    0xff, 0xff, 0xf1, 0x0, 0x0, 0xd, 0xff, 0xff,
    0xff, 0xf2, 0x0, 0xf, 0xff, 0xff, 0xff, 0xf0,
    0x0, 0x0, 0x0, 0x0, 0xe, 0xff, 0xff, 0xff,
    0xf0, 0x0, 0x2f, 0xff, 0xff, 0xff, 0xd0, 0x0,
    0x0, 0x0, 0x0, 0x1f, 0xff, 0xff, 0xff, 0xe0,
    0x0, 0x4f, 0xff, 0xff, 0xff, 0xb0, 0x0, 0x0,
    0x0, 0x0, 0x3f, 0xff, 0xff, 0xff, 0xc0, 0x0,
    0x6f, 0xff, 0xff, 0xff, 0x80, 0x0, 0x0, 0x3b,
    0xbb, 0xdf, 0xff, 0xff, 0xff, 0xeb, 0xbb, 0xdf,
    0xff, 0xff, 0xff, 0xeb, 0xb3, 0x0, 0x7f, 0xff,
    0xff, 0xff, 0xff, 0xff, 0xff, 0xff, 0xff, 0xff,
    0xff, 0xff, 0xff, 0xf7, 0x0, 0x7f, 0xff, 0xff,
    0xff, 0xff, 0xff, 0xff, 0xff, 0xff, 0xff, 0xff,
    0xff, 0xff, 0xf7, 0x0, 0x7f, 0xff, 0xff, 0xff,
    0xff, 0xff, 0xff, 0xff, 0xff, 0xff, 0xff, 0xff,
    0xff, 0xf7, 0x0, 0x7f, 0xff, 0xff, 0xff, 0xff,
    0xff, 0xff, 0xff, 0xff, 0xff, 0xff, 0xff, 0xff,
    0xf7, 0x0, 0x7f, 0xff, 0xff, 0xff, 0xff, 0xff,
    0xff, 0xff, 0xff, 0xff, 0xff, 0xff, 0xff, 0xf6,
    0x0, 0x6f, 0xff, 0xff, 0xff, 0xff, 0xff, 0xff,
    0xff, 0xff, 0xff, 0xff, 0xff, 0xff, 0xf5, 0x0,
    0x0, 0x8, 0xff, 0xff, 0xff, 0xf8, 0x0, 0xb,
    0xff, 0xff, 0xff, 0xf5, 0x0, 0x0, 0x0, 0x0,
    0x9, 0xff, 0xff, 0xff, 0xf5, 0x0, 0xd, 0xff,
    0xff, 0xff, 0xf2, 0x0, 0x0, 0x0, 0x0, 0xc,
    0xff, 0xff, 0xff, 0xf3, 0x0, 0xf, 0xff, 0xff,
    0xff, 0xf0, 0x0, 0x0, 0x0, 0x0, 0xe, 0xff,
    0xff, 0xff, 0xf1, 0x0, 0x1f, 0xff, 0xff, 0xff,
    0xd0, 0x0, 0x0, 0x0, 0x0, 0xf, 0xff, 0xff,
    0xff, 0xe0, 0x0, 0x4f, 0xff, 0xff, 0xff, 0xb0,
    0x0, 0x0, 0x0, 0x0, 0x3f, 0xff, 0xff, 0xff,
    0xc0, 0x0, 0x6f, 0xff, 0xff, 0xff, 0x90, 0x0,
    0x0, 0x0, 0x0, 0x17, 0x88, 0x88, 0x88, 0x40,
    0x0, 0x27, 0x88, 0x88, 0x87, 0x20, 0x0, 0x0,
    0x0,

    /* U+0024 "$" */
    0x0, 0x0, 0x0, 0x0, 0xef, 0xff, 0xff, 0x40,
    0x0, 0x0, 0x0, 0x0, 0x0, 0x0, 0x0, 0xf,
    0xff, 0xff, 0xf6, 0x0, 0x0, 0x0, 0x0, 0x0,
    0x0, 0x0, 0x0, 0xff, 0xff, 0xff, 0x50, 0x0,
    0x0, 0x0, 0x0, 0x0, 0x0, 0x0, 0xf, 0xff,
    0xff, 0xf5, 0x0, 0x0, 0x0, 0x0, 0x0, 0x0,
    0x0, 0x6b, 0xff, 0xff, 0xff, 0xe8, 0x30, 0x0,
    0x0, 0x0, 0x0, 0x6, 0xef, 0xff, 0xff, 0xff,
    0xff, 0xff, 0xb2, 0x0, 0x0, 0x0, 0xa, 0xff,
    0xff, 0xff, 0xff, 0xff, 0xff, 0xff, 0xf4, 0x0,
    0x0, 0xa, 0xff, 0xff, 0xff, 0xff, 0xff, 0xff,
    0xff, 0xff, 0xf3, 0x0, 0x5, 0xff, 0xff, 0xff,
    0xff, 0xff, 0xff, 0xff, 0xff, 0xff, 0xd0, 0x0,
    0xdf, 0xff, 0xff, 0xff, 0xff, 0xff, 0xff, 0xff,
    0xff, 0xff, 0x70, 0x3f, 0xff, 0xff, 0xff, 0xfd,
    0x99, 0xcf, 0xff, 0xff, 0xff, 0xfd, 0x6, 0xff,
    0xff, 0xff, 0xfb, 0x0, 0x0, 0x6f, 0xff, 0xff,
    0xff, 0xf1, 0x8f, 0xff, 0xff, 0xff, 0x30, 0x0,
    0x0, 0xaf, 0xff, 0xff, 0xff, 0x48, 0xff, 0xff,
    0xff, 0xf2, 0x0, 0x0, 0x5, 0xff, 0xff, 0xff,
    0xf5, 0x7f, 0xff, 0xff, 0xff, 0x80, 0x0, 0x0,
    0x4f, 0xff, 0xff, 0xff, 0x54, 0xff, 0xff, 0xff,
    0xff, 0x70, 0x0, 0x0, 0x23, 0x33, 0x33, 0x20,
    0xf, 0xff, 0xff, 0xff, 0xff, 0xc3, 0x0, 0x0,
    0x0, 0x0, 0x0, 0x0, 0x8f, 0xff, 0xff, 0xff,
    0xff, 0xfa, 0x20, 0x0, 0x0, 0x0, 0x0, 0x0,
    0xdf, 0xff, 0xff, 0xff, 0xff, 0xff, 0xa1, 0x0,
    0x0, 0x0, 0x0, 0x2, 0xef, 0xff, 0xff, 0xff,
    0xff, 0xff, 0xf7, 0x0, 0x0, 0x0, 0x0, 0x2,
    0xdf, 0xff, 0xff, 0xff, 0xff, 0xff, 0xfd, 0x30,
    0x0, 0x0, 0x0, 0x1, 0xaf, 0xff, 0xff, 0xff,
    0xff, 0xff, 0xff, 0x60, 0x0, 0x0, 0x0, 0x0,
    0x3d, 0xff, 0xff, 0xff, 0xff, 0xff, 0xff, 0x70,
    0x0, 0x0, 0x0, 0x0, 0x5, 0xdf, 0xff, 0xff,
    0xff, 0xff, 0xff, 0x30, 0x0, 0x0, 0x0, 0x0,
    0x0, 0x6e, 0xff, 0xff, 0xff, 0xff, 0xfd, 0x0,
    0x0, 0x0, 0x0, 0x0, 0x0, 0x7, 0xff, 0xff,
    0xff, 0xff, 0xf3, 0x5a, 0xaa, 0xaa, 0xa9, 0x0,
    0x0, 0x2, 0xef, 0xff, 0xff, 0xff, 0x6a, 0xff,
    0xff, 0xff, 0xf0, 0x0, 0x0, 0x5, 0xff, 0xff,
    0xff, 0xf8, 0xaf, 0xff, 0xff, 0xff, 0x20, 0x0,
    0x0, 0x3f, 0xff, 0xff, 0xff, 0x88, 0xff, 0xff,
    0xff, 0xfa, 0x0, 0x0, 0x8, 0xff, 0xff, 0xff,
    0xf7, 0x5f, 0xff, 0xff, 0xff, 0xfc, 0x52, 0x38,
    0xff, 0xff, 0xff, 0xff, 0x41, 0xff, 0xff, 0xff,
    0xff, 0xff, 0xff, 0xff, 0xff, 0xff, 0xff, 0xf0,
    0xa, 0xff, 0xff, 0xff, 0xff, 0xff, 0xff, 0xff,
    0xff, 0xff, 0xf8, 0x0, 0x1e, 0xff, 0xff, 0xff,
    0xff, 0xff, 0xff, 0xff, 0xff, 0xfd, 0x0, 0x0,
    0x3f, 0xff, 0xff, 0xff, 0xff, 0xff, 0xff, 0xff,
    0xfe, 0x30, 0x0, 0x0, 0x2d, 0xff, 0xff, 0xff,
    0xff, 0xff, 0xff, 0xfd, 0x20, 0x0, 0x0, 0x0,
    0x6, 0xdf, 0xff, 0xff, 0xff, 0xff, 0xd6, 0x0,
    0x0, 0x0, 0x0, 0x0, 0x0, 0x2f, 0xff, 0xff,
    0xf9, 0x20, 0x0, 0x0, 0x0, 0x0, 0x0, 0x0,
    0x0, 0xff, 0xff, 0xff, 0x50, 0x0, 0x0, 0x0,
    0x0, 0x0, 0x0, 0x0, 0xf, 0xff, 0xff, 0xf6,
    0x0, 0x0, 0x0, 0x0, 0x0, 0x0, 0x0, 0x0,
    0xef, 0xff, 0xff, 0x40, 0x0, 0x0, 0x0, 0x0,

    /* U+0025 "%" */
    0x0, 0x0, 0x4a, 0xdf, 0xec, 0x81, 0x0, 0x0,
    0x0, 0x0, 0x0, 0x2e, 0xff, 0xff, 0x60, 0x0,
    0x0, 0x0, 0x2c, 0xff, 0xff, 0xff, 0xff, 0x70,
    0x0, 0x0, 0x0, 0x0, 0xaf, 0xff, 0xff, 0x10,
    0x0, 0x0, 0x2, 0xef, 0xff, 0xff, 0xff, 0xff,
    0xfa, 0x0, 0x0, 0x0, 0x3, 0xff, 0xff, 0xf7,
    0x0, 0x0, 0x0, 0xd, 0xff, 0xff, 0xff, 0xff,
    0xff, 0xff, 0x70, 0x0, 0x0, 0xc, 0xff, 0xff,
    0xe0, 0x0, 0x0, 0x0, 0x7f, 0xff, 0xff, 0x85,
    0x6b, 0xff, 0xff, 0xf1, 0x0, 0x0, 0x5f, 0xff,
    0xff, 0x50, 0x0, 0x0, 0x0, 0xcf, 0xff, 0xf2,
    0x0, 0x0, 0x7f, 0xff, 0xf6, 0x0, 0x0, 0xdf,
    0xff, 0xfc, 0x0, 0x0, 0x0, 0x0, 0xff, 0xff,
    0x90, 0x0, 0x0, 0xe, 0xff, 0xf9, 0x0, 0x7,
    0xff, 0xff, 0xf3, 0x0, 0x0, 0x0, 0x0, 0xff,
    0xff, 0x80, 0x0, 0x0, 0xe, 0xff, 0xf9, 0x0,
    0x1e, 0xff, 0xff, 0xa0, 0x0, 0x0, 0x0, 0x0,
    0xdf, 0xff, 0xd0, 0x0, 0x0, 0x4f, 0xff, 0xf7,
    0x0, 0x9f, 0xff, 0xff, 0x20, 0x0, 0x0, 0x0,
    0x0, 0x8f, 0xff, 0xfc, 0x40, 0x16, 0xef, 0xff,
    0xf2, 0x2, 0xff, 0xff, 0xf9, 0x0, 0x0, 0x0,
    0x0, 0x0, 0x1f, 0xff, 0xff, 0xff, 0xff, 0xff,
    0xff, 0xa0, 0xa, 0xff, 0xff, 0xf1, 0x0, 0x0,
    0x0, 0x0, 0x0, 0x4, 0xff, 0xff, 0xff, 0xff,
    0xff, 0xfd, 0x10, 0x3f, 0xff, 0xff, 0x70, 0x0,
    0x0, 0x0, 0x0, 0x0, 0x0, 0x5e, 0xff, 0xff,
    0xff, 0xff, 0xc2, 0x0, 0xcf, 0xff, 0xfe, 0x0,
    0x0, 0x0, 0x0, 0x0, 0x0, 0x0, 0x1, 0x8e,
    0xff, 0xff, 0xc6, 0x0, 0x5, 0xff, 0xff, 0xf5,
    0x0, 0x0, 0x0, 0x0, 0x0, 0x0, 0x0, 0x0,
    0x0, 0x23, 0x31, 0x0, 0x0, 0xd, 0xff, 0xff,
    0xc0, 0x0, 0x0, 0x0, 0x0, 0x0, 0x0, 0x0,
    0x0, 0x0, 0x0, 0x0, 0x0, 0x0, 0x7f, 0xff,
    0xff, 0x30, 0x0, 0x0, 0x0, 0x0, 0x0, 0x0,
    0x0, 0x0, 0x0, 0x0, 0x0, 0x0, 0x1, 0xef,
    0xff, 0xfa, 0x0, 0x0, 0x0, 0x0, 0x0, 0x0,
    0x0, 0x0, 0x0, 0x0, 0x0, 0x0, 0x0, 0x9,
    0xff, 0xff, 0xf2, 0x0, 0x0, 0x13, 0x42, 0x0,
    0x0, 0x0, 0x0, 0x0, 0x0, 0x0, 0x0, 0x0,
    0x2f, 0xff, 0xff, 0x90, 0x0, 0x5c, 0xff, 0xff,
    0xe8, 0x10, 0x0, 0x0, 0x0, 0x0, 0x0, 0x0,
    0x0, 0xaf, 0xff, 0xff, 0x10, 0xa, 0xff, 0xff,
    0xff, 0xff, 0xe3, 0x0, 0x0, 0x0, 0x0, 0x0,
    0x0, 0x3, 0xff, 0xff, 0xf7, 0x0, 0xbf, 0xff,
    0xff, 0xff, 0xff, 0xff, 0x30, 0x0, 0x0, 0x0,
    0x0, 0x0, 0xc, 0xff, 0xff, 0xd0, 0x7, 0xff,
    0xff, 0xff, 0xff, 0xff, 0xff, 0xd0, 0x0, 0x0,
    0x0, 0x0, 0x0, 0x5f, 0xff, 0xff, 0x50, 0x1f,
    0xff, 0xff, 0x82, 0x14, 0xdf, 0xff, 0xf6, 0x0,
    0x0, 0x0, 0x0, 0x0, 0xdf, 0xff, 0xfc, 0x0,
    0x5f, 0xff, 0xf7, 0x0, 0x0, 0x1e, 0xff, 0xfc,
    0x0, 0x0, 0x0, 0x0, 0x7, 0xff, 0xff, 0xf3,
    0x0, 0x8f, 0xff, 0xf0, 0x0, 0x0, 0x8, 0xff,
    0xfe, 0x0, 0x0, 0x0, 0x0, 0x1e, 0xff, 0xff,
    0xa0, 0x0, 0x9f, 0xff, 0xd0, 0x0, 0x0, 0x6,
    0xff, 0xff, 0x0, 0x0, 0x0, 0x0, 0x9f, 0xff,
    0xff, 0x20, 0x0, 0x7f, 0xff, 0xf1, 0x0, 0x0,
    0xa, 0xff, 0xfe, 0x0, 0x0, 0x0, 0x2, 0xff,
    0xff, 0xf9, 0x0, 0x0, 0x4f, 0xff, 0xfa, 0x0,
    0x0, 0x3f, 0xff, 0xfa, 0x0, 0x0, 0x0, 0xa,
    0xff, 0xff, 0xe1, 0x0, 0x0, 0xe, 0xff, 0xff,
    0xc6, 0x59, 0xff, 0xff, 0xf5, 0x0, 0x0, 0x0,
    0x3f, 0xff, 0xff, 0x70, 0x0, 0x0, 0x4, 0xff,
    0xff, 0xff, 0xff, 0xff, 0xff, 0xb0, 0x0, 0x0,
    0x0, 0xcf, 0xff, 0xfd, 0x0, 0x0, 0x0, 0x0,
    0x7f, 0xff, 0xff, 0xff, 0xff, 0xfd, 0x10, 0x0,
    0x0, 0x5, 0xff, 0xff, 0xf5, 0x0, 0x0, 0x0,
    0x0, 0x5, 0xff, 0xff, 0xff, 0xff, 0xb1, 0x0,
    0x0, 0x0, 0xb, 0xff, 0xff, 0xb0, 0x0, 0x0,
    0x0, 0x0, 0x0, 0x18, 0xcf, 0xfe, 0xa4, 0x0,
    0x0,

    /* U+0026 "&" */
    0x0, 0x0, 0x0, 0x1, 0x7b, 0xef, 0xfe, 0xc9,
    0x40, 0x0, 0x0, 0x0, 0x0, 0x0, 0x0, 0x0,
    0x0, 0x0, 0x8f, 0xff, 0xff, 0xff, 0xff, 0xfe,
    0x50, 0x0, 0x0, 0x0, 0x0, 0x0, 0x0, 0x0,
    0x2d, 0xff, 0xff, 0xff, 0xff, 0xff, 0xff, 0xfa,
    0x0, 0x0, 0x0, 0x0, 0x0, 0x0, 0x1, 0xdf,
    0xff, 0xff, 0xff, 0xff, 0xff, 0xff, 0xff, 0xb0,
    0x0, 0x0, 0x0, 0x0, 0x0, 0xa, 0xff, 0xff,
    0xff, 0xff, 0xff, 0xff, 0xff, 0xff, 0xf7, 0x0,
    0x0, 0x0, 0x0, 0x0, 0x2f, 0xff, 0xff, 0xff,
    0xff, 0xff, 0xff, 0xff, 0xff, 0xfe, 0x0, 0x0,
    0x0, 0x0, 0x0, 0x7f, 0xff, 0xff, 0xff, 0xff,
    0xff, 0xff, 0xff, 0xff, 0xff, 0x50, 0x0, 0x0,
    0x0, 0x0, 0x9f, 0xff, 0xff, 0xff, 0xe5, 0x26,
    0xff, 0xff, 0xff, 0xff, 0x80, 0x0, 0x0, 0x0,
    0x0, 0xaf, 0xff, 0xff, 0xff, 0x60, 0x0, 0x7f,
    0xff, 0xff, 0xff, 0xa0, 0x0, 0x0, 0x0, 0x0,
    0x9f, 0xff, 0xff, 0xff, 0x50, 0x0, 0x5f, 0xff,
    0xff, 0xff, 0x90, 0x0, 0x0, 0x0, 0x0, 0x6f,
    0xff, 0xff, 0xff, 0xb0, 0x0, 0xbf, 0xff, 0xff,
    0xff, 0x80, 0x0, 0x0, 0x0, 0x0, 0x1f, 0xff,
    0xff, 0xff, 0xf7, 0x8, 0xff, 0xff, 0xff, 0xff,
    0x40, 0x0, 0x0, 0x0, 0x0, 0x8, 0xff, 0xff,
    0xff, 0xff, 0xcf, 0xff, 0xff, 0xff, 0xfd, 0x0,
    0x0, 0x0, 0x0, 0x0, 0x0, 0xdf, 0xff, 0xff,
    0xff, 0xff, 0xff, 0xff, 0xff, 0xf4, 0x0, 0x0,
    0x0, 0x0, 0x0, 0x0, 0x2f, 0xff, 0xff, 0xff,
    0xff, 0xff, 0xff, 0xff, 0x80, 0x0, 0x0, 0x0,
    0x0, 0x0, 0x0, 0x5, 0xff, 0xff, 0xff, 0xff,
    0xff, 0xff, 0xf9, 0x0, 0x0, 0x0, 0x0, 0x0,
    0x0, 0x0, 0x2c, 0xff, 0xff, 0xff, 0xff, 0xff,
    0xff, 0x60, 0x0, 0x0, 0x0, 0x0, 0x0, 0x0,
    0x5, 0xff, 0xff, 0xff, 0xff, 0xff, 0xff, 0xf3,
    0x0, 0x0, 0x3c, 0x50, 0x0, 0x0, 0x0, 0x5f,
    0xff, 0xff, 0xff, 0xff, 0xff, 0xff, 0xfa, 0x0,
    0x0, 0xcf, 0xfc, 0x30, 0x0, 0x2, 0xff, 0xff,
    0xff, 0xff, 0xff, 0xff, 0xff, 0xff, 0x90, 0x7,
    0xff, 0xff, 0xfa, 0x10, 0xc, 0xff, 0xff, 0xff,
    0xff, 0xff, 0xff, 0xff, 0xff, 0xf8, 0x4f, 0xff,
    0xff, 0xff, 0xe0, 0x3f, 0xff, 0xff, 0xff, 0xfd,
    0x4d, 0xff, 0xff, 0xff, 0xff, 0xff, 0xff, 0xff,
    0xff, 0x70, 0x8f, 0xff, 0xff, 0xff, 0xd1, 0x1,
    0xef, 0xff, 0xff, 0xff, 0xff, 0xff, 0xff, 0xfc,
    0x0, 0xaf, 0xff, 0xff, 0xff, 0x60, 0x0, 0x2e,
    0xff, 0xff, 0xff, 0xff, 0xff, 0xff, 0xf2, 0x0,
    0xbf, 0xff, 0xff, 0xff, 0x60, 0x0, 0x3, 0xff,
    0xff, 0xff, 0xff, 0xff, 0xff, 0x50, 0x0, 0xaf,
    0xff, 0xff, 0xff, 0xd1, 0x0, 0x2, 0xbf, 0xff,
    0xff, 0xff, 0xff, 0xf8, 0x0, 0x0, 0x8f, 0xff,
    0xff, 0xff, 0xff, 0xba, 0xdf, 0xff, 0xff, 0xff,
    0xff, 0xff, 0xf1, 0x0, 0x0, 0x4f, 0xff, 0xff,
    0xff, 0xff, 0xff, 0xff, 0xff, 0xff, 0xff, 0xff,
    0xff, 0xfb, 0x0, 0x0, 0xd, 0xff, 0xff, 0xff,
    0xff, 0xff, 0xff, 0xff, 0xff, 0xff, 0xff, 0xff,
    0xff, 0x80, 0x0, 0x4, 0xff, 0xff, 0xff, 0xff,
    0xff, 0xff, 0xff, 0xff, 0xff, 0xff, 0xff, 0xff,
    0xf5, 0x0, 0x0, 0x5f, 0xff, 0xff, 0xff, 0xff,
    0xff, 0xff, 0xff, 0xff, 0xff, 0xff, 0xff, 0xff,
    0x20, 0x0, 0x2, 0xbf, 0xff, 0xff, 0xff, 0xff,
    0xff, 0xfd, 0x63, 0xef, 0xff, 0xff, 0xff, 0xd0,
    0x0, 0x0, 0x2, 0x7b, 0xde, 0xff, 0xec, 0x96,
    0x20, 0x0, 0x3f, 0xff, 0xff, 0xff, 0xf8,

    /* U+0027 "'" */
    0x6f, 0xff, 0xff, 0xff, 0x66, 0xff, 0xff, 0xff,
    0xf5, 0x5f, 0xff, 0xff, 0xff, 0x44, 0xff, 0xff,
    0xff, 0xf3, 0x3f, 0xff, 0xff, 0xff, 0x21, 0xff,
    0xff, 0xff, 0xf0, 0xf, 0xff, 0xff, 0xff, 0x0,
    0xff, 0xff, 0xff, 0xe0, 0xe, 0xff, 0xff, 0xfc,
    0x0, 0xdf, 0xff, 0xff, 0xb0, 0xb, 0xff, 0xff,
    0xf9, 0x0, 0x2, 0x22, 0x22, 0x0,

    /* U+0028 "(" */
    0x0, 0x0, 0x0, 0x13, 0x33, 0x33, 0x32, 0x0,
    0x0, 0x0, 0x1e, 0xff, 0xff, 0xff, 0xe0, 0x0,
    0x0, 0xb, 0xff, 0xff, 0xff, 0xf7, 0x0, 0x0,
    0x6, 0xff, 0xff, 0xff, 0xff, 0x10, 0x0, 0x0,
    0xef, 0xff, 0xff, 0xff, 0x80, 0x0, 0x0, 0x8f,
    0xff, 0xff, 0xff, 0xf1, 0x0, 0x0, 0xf, 0xff,
    0xff, 0xff, 0xfb, 0x0, 0x0, 0x7, 0xff, 0xff,
    0xff, 0xff, 0x50, 0x0, 0x0, 0xdf, 0xff, 0xff,
    0xff, 0xf0, 0x0, 0x0, 0x3f, 0xff, 0xff, 0xff,
    0xfa, 0x0, 0x0, 0x8, 0xff, 0xff, 0xff, 0xff,
    0x40, 0x0, 0x0, 0xcf, 0xff, 0xff, 0xff, 0xf0,
    0x0, 0x0, 0x1f, 0xff, 0xff, 0xff, 0xfc, 0x0,
    0x0, 0x4, 0xff, 0xff, 0xff, 0xff, 0x90, 0x0,
    0x0, 0x6f, 0xff, 0xff, 0xff, 0xf7, 0x0, 0x0,
    0x9, 0xff, 0xff, 0xff, 0xff, 0x40, 0x0, 0x0,
    0xbf, 0xff, 0xff, 0xff, 0xf3, 0x0, 0x0, 0xc,
    0xff, 0xff, 0xff, 0xff, 0x10, 0x0, 0x0, 0xef,
    0xff, 0xff, 0xff, 0xf0, 0x0, 0x0, 0xe, 0xff,
    0xff, 0xff, 0xff, 0x0, 0x0, 0x0, 0xff, 0xff,
    0xff, 0xff, 0xf0, 0x0, 0x0, 0xe, 0xff, 0xff,
    0xff, 0xff, 0x0, 0x0, 0x0, 0xef, 0xff, 0xff,
    0xff, 0xf0, 0x0, 0x0, 0xd, 0xff, 0xff, 0xff,
    0xff, 0x0, 0x0, 0x0, 0xcf, 0xff, 0xff, 0xff,
    0xf1, 0x0, 0x0, 0xa, 0xff, 0xff, 0xff, 0xff,
    0x30, 0x0, 0x0, 0x9f, 0xff, 0xff, 0xff, 0xf5,
    0x0, 0x0, 0x6, 0xff, 0xff, 0xff, 0xff, 0x70,
    0x0, 0x0, 0x3f, 0xff, 0xff, 0xff, 0xfa, 0x0,
    0x0, 0x0, 0xff, 0xff, 0xff, 0xff, 0xd0, 0x0,
    0x0, 0xb, 0xff, 0xff, 0xff, 0xff, 0x10, 0x0,
    0x0, 0x7f, 0xff, 0xff, 0xff, 0xf5, 0x0, 0x0,
    0x2, 0xff, 0xff, 0xff, 0xff, 0xb0, 0x0, 0x0,
    0xc, 0xff, 0xff, 0xff, 0xff, 0x10, 0x0, 0x0,
    0x5f, 0xff, 0xff, 0xff, 0xf6, 0x0, 0x0, 0x0,
    0xef, 0xff, 0xff, 0xff, 0xc0, 0x0, 0x0, 0x6,
    0xff, 0xff, 0xff, 0xff, 0x20, 0x0, 0x0, 0xd,
    0xff, 0xff, 0xff, 0xfa, 0x0, 0x0, 0x0, 0x4f,
    0xff, 0xff, 0xff, 0xf1, 0x0, 0x0, 0x0, 0x9f,
    0xff, 0xff, 0xff, 0x90, 0x0, 0x0, 0x0, 0xcf,
    0xff, 0xff, 0xff, 0x0,

    /* U+0029 ")" */
    0x13, 0x33, 0x33, 0x32, 0x0, 0x0, 0x0, 0xa,
    0xff, 0xff, 0xff, 0xf5, 0x0, 0x0, 0x0, 0x3f,
    0xff, 0xff, 0xff, 0xe1, 0x0, 0x0, 0x0, 0xbf,
    0xff, 0xff, 0xff, 0xb0, 0x0, 0x0, 0x4, 0xff,
    0xff, 0xff, 0xff, 0x40, 0x0, 0x0, 0xc, 0xff,
    0xff, 0xff, 0xfd, 0x0, 0x0, 0x0, 0x6f, 0xff,
    0xff, 0xff, 0xf4, 0x0, 0x0, 0x1, 0xff, 0xff,
    0xff, 0xff, 0xb0, 0x0, 0x0, 0xa, 0xff, 0xff,
    0xff, 0xff, 0x20, 0x0, 0x0, 0x5f, 0xff, 0xff,
    0xff, 0xf7, 0x0, 0x0, 0x0, 0xff, 0xff, 0xff,
    0xff, 0xc0, 0x0, 0x0, 0xb, 0xff, 0xff, 0xff,
    0xff, 0x10, 0x0, 0x0, 0x7f, 0xff, 0xff, 0xff,
    0xf5, 0x0, 0x0, 0x4, 0xff, 0xff, 0xff, 0xff,
    0x80, 0x0, 0x0, 0x2f, 0xff, 0xff, 0xff, 0xfb,
    0x0, 0x0, 0x0, 0xff, 0xff, 0xff, 0xff, 0xd0,
    0x0, 0x0, 0xe, 0xff, 0xff, 0xff, 0xff, 0x0,
    0x0, 0x0, 0xcf, 0xff, 0xff, 0xff, 0xf1, 0x0,
    0x0, 0xb, 0xff, 0xff, 0xff, 0xff, 0x20, 0x0,
    0x0, 0xbf, 0xff, 0xff, 0xff, 0xf2, 0x0, 0x0,
    0xa, 0xff, 0xff, 0xff, 0xff, 0x30, 0x0, 0x0,
    0xaf, 0xff, 0xff, 0xff, 0xf3, 0x0, 0x0, 0xb,
    0xff, 0xff, 0xff, 0xff, 0x20, 0x0, 0x0, 0xbf,
    0xff, 0xff, 0xff, 0xf2, 0x0, 0x0, 0xc, 0xff,
    0xff, 0xff, 0xff, 0x0, 0x0, 0x0, 0xef, 0xff,
    0xff, 0xff, 0xf0, 0x0, 0x0, 0xf, 0xff, 0xff,
    0xff, 0xfd, 0x0, 0x0, 0x2, 0xff, 0xff, 0xff,
    0xff, 0xa0, 0x0, 0x0, 0x5f, 0xff, 0xff, 0xff,
    0xf7, 0x0, 0x0, 0x8, 0xff, 0xff, 0xff, 0xff,
    0x40, 0x0, 0x0, 0xcf, 0xff, 0xff, 0xff, 0xf0,
    0x0, 0x0, 0x1f, 0xff, 0xff, 0xff, 0xfb, 0x0,
    0x0, 0x6, 0xff, 0xff, 0xff, 0xff, 0x60, 0x0,
    0x0, 0xcf, 0xff, 0xff, 0xff, 0xf1, 0x0, 0x0,
    0x2f, 0xff, 0xff, 0xff, 0xfa, 0x0, 0x0, 0x7,
    0xff, 0xff, 0xff, 0xff, 0x30, 0x0, 0x0, 0xdf,
    0xff, 0xff, 0xff, 0xb0, 0x0, 0x0, 0x5f, 0xff,
    0xff, 0xff, 0xf2, 0x0, 0x0, 0xd, 0xff, 0xff,
    0xff, 0xf8, 0x0, 0x0, 0x4, 0xff, 0xff, 0xff,
    0xfd, 0x0, 0x0, 0x0, 0xaf, 0xff, 0xff, 0xff,
    0x30, 0x0, 0x0, 0x0,

    /* U+002A "*" */
    0x0, 0x0, 0x0, 0xa, 0xbb, 0xb2, 0x0, 0x0,
    0x0, 0x0, 0x0, 0x0, 0x1f, 0xff, 0xf5, 0x0,
    0x0, 0x0, 0x0, 0x24, 0x0, 0x1f, 0xff, 0xf5,
    0x0, 0x24, 0x0, 0x0, 0xcf, 0xb2, 0xf, 0xff,
    0xf5, 0x19, 0xff, 0x10, 0x5, 0xff, 0xff, 0x9f,
    0xff, 0xfb, 0xef, 0xff, 0x90, 0xd, 0xff, 0xff,
    0xff, 0xff, 0xff, 0xff, 0xff, 0xf2, 0x1d, 0xff,
    0xff, 0xff, 0xff, 0xff, 0xff, 0xff, 0xf4, 0x0,
    0x6e, 0xff, 0xff, 0xff, 0xff, 0xff, 0xf8, 0x10,
    0x0, 0x0, 0xaf, 0xff, 0xff, 0xff, 0xfd, 0x10,
    0x0, 0x0, 0x2a, 0xff, 0xff, 0xff, 0xff, 0xff,
    0xc4, 0x0, 0x8, 0xff, 0xff, 0xff, 0xff, 0xff,
    0xff, 0xff, 0xb1, 0x1f, 0xff, 0xff, 0xff, 0xff,
    0xff, 0xff, 0xff, 0xf4, 0x8, 0xff, 0xff, 0xdf,
    0xff, 0xfd, 0xff, 0xff, 0xc0, 0x0, 0xef, 0xe6,
    0x1f, 0xff, 0xf5, 0x4d, 0xff, 0x30, 0x0, 0x48,
    0x0, 0x1f, 0xff, 0xf5, 0x0, 0x78, 0x0, 0x0,
    0x0, 0x0, 0x1f, 0xff, 0xf5, 0x0, 0x0, 0x0,
    0x0, 0x0, 0x0, 0xf, 0xff, 0xf4, 0x0, 0x0,
    0x0,

    /* U+002B "+" */
    0x0, 0x0, 0x0, 0x1f, 0xff, 0xff, 0xf2, 0x0,
    0x0, 0x0, 0x0, 0x0, 0x0, 0x2f, 0xff, 0xff,
    0xf3, 0x0, 0x0, 0x0, 0x0, 0x0, 0x0, 0x2f,
    0xff, 0xff, 0xf3, 0x0, 0x0, 0x0, 0x0, 0x0,
    0x0, 0x2f, 0xff, 0xff, 0xf3, 0x0, 0x0, 0x0,
    0x0, 0x0, 0x0, 0x2f, 0xff, 0xff, 0xf3, 0x0,
    0x0, 0x0, 0x0, 0x0, 0x0, 0x2f, 0xff, 0xff,
    0xf3, 0x0, 0x0, 0x0, 0x35, 0x55, 0x55, 0x7f,
    0xff, 0xff, 0xf7, 0x55, 0x55, 0x53, 0xef, 0xff,
    0xff, 0xff, 0xff, 0xff, 0xff, 0xff, 0xff, 0xfe,
    0xef, 0xff, 0xff, 0xff, 0xff, 0xff, 0xff, 0xff,
    0xff, 0xfe, 0xef, 0xff, 0xff, 0xff, 0xff, 0xff,
    0xff, 0xff, 0xff, 0xfe, 0xef, 0xff, 0xff, 0xff,
    0xff, 0xff, 0xff, 0xff, 0xff, 0xfe, 0xef, 0xff,
    0xff, 0xff, 0xff, 0xff, 0xff, 0xff, 0xff, 0xfe,
    0xcf, 0xff, 0xff, 0xff, 0xff, 0xff, 0xff, 0xff,
    0xff, 0xfd, 0x0, 0x0, 0x0, 0x3f, 0xff, 0xff,
    0xf3, 0x0, 0x0, 0x0, 0x0, 0x0, 0x0, 0x2f,
    0xff, 0xff, 0xf3, 0x0, 0x0, 0x0, 0x0, 0x0,
    0x0, 0x2f, 0xff, 0xff, 0xf3, 0x0, 0x0, 0x0,
    0x0, 0x0, 0x0, 0x2f, 0xff, 0xff, 0xf3, 0x0,
    0x0, 0x0, 0x0, 0x0, 0x0, 0x2f, 0xff, 0xff,
    0xf3, 0x0, 0x0, 0x0, 0x0, 0x0, 0x0, 0x2f,
    0xff, 0xff, 0xf3, 0x0, 0x0, 0x0, 0x0, 0x0,
    0x0, 0xa, 0xaa, 0xaa, 0xa1, 0x0, 0x0, 0x0,

    /* U+002C "," */
    0x2, 0x99, 0x99, 0x99, 0x40, 0x7f, 0xff, 0xff,
    0xf7, 0x9, 0xff, 0xff, 0xff, 0x30, 0xaf, 0xff,
    0xff, 0xf0, 0xc, 0xff, 0xff, 0xfb, 0x0, 0xef,
    0xff, 0xff, 0x70, 0xf, 0xff, 0xff, 0xf3, 0x1,
    0xff, 0xff, 0xff, 0x0, 0x3f, 0xff, 0xff, 0xc0,
    0x4, 0xff, 0xff, 0xf8, 0x0, 0x6f, 0xff, 0xff,
    0x40, 0x8, 0xff, 0xff, 0xf0, 0x0, 0x8f, 0xff,
    0xfb, 0x0, 0x0,

    /* U+002D "-" */
    0x9c, 0xcc, 0xcc, 0xcc, 0xcc, 0xcc, 0xcc, 0xc9,
    0xef, 0xff, 0xff, 0xff, 0xff, 0xff, 0xff, 0xff,
    0xef, 0xff, 0xff, 0xff, 0xff, 0xff, 0xff, 0xff,
    0xef, 0xff, 0xff, 0xff, 0xff, 0xff, 0xff, 0xff,
    0xef, 0xff, 0xff, 0xff, 0xff, 0xff, 0xff, 0xff,
    0xef, 0xff, 0xff, 0xff, 0xff, 0xff, 0xff, 0xff,
    0xcf, 0xff, 0xff, 0xff, 0xff, 0xff, 0xff, 0xfd,

    /* U+002E "." */
    0x0, 0x1, 0x33, 0x0, 0x0, 0x0, 0x9f, 0xff,
    0xf6, 0x0, 0x9, 0xff, 0xff, 0xff, 0x50, 0x1f,
    0xff, 0xff, 0xff, 0xd0, 0x3f, 0xff, 0xff, 0xff,
    0xf0, 0x3f, 0xff, 0xff, 0xff, 0xf0, 0xe, 0xff,
    0xff, 0xff, 0xb0, 0x5, 0xff, 0xff, 0xff, 0x20,
    0x0, 0x4c, 0xff, 0xb2, 0x0,

    /* U+002F "/" */
    0x0, 0x0, 0x0, 0x0, 0x0, 0x0, 0x1e, 0xff,
    0xff, 0xff, 0xc0, 0x0, 0x0, 0x0, 0x0, 0x0,
    0x0, 0x7f, 0xff, 0xff, 0xff, 0x80, 0x0, 0x0,
    0x0, 0x0, 0x0, 0x0, 0xdf, 0xff, 0xff, 0xff,
    0x20, 0x0, 0x0, 0x0, 0x0, 0x0, 0x3, 0xff,
    0xff, 0xff, 0xfc, 0x0, 0x0, 0x0, 0x0, 0x0,
    0x0, 0x9, 0xff, 0xff, 0xff, 0xf6, 0x0, 0x0,
    0x0, 0x0, 0x0, 0x0, 0xe, 0xff, 0xff, 0xff,
    0xf0, 0x0, 0x0, 0x0, 0x0, 0x0, 0x0, 0x5f,
    0xff, 0xff, 0xff, 0x90, 0x0, 0x0, 0x0, 0x0,
    0x0, 0x0, 0xbf, 0xff, 0xff, 0xff, 0x30, 0x0,
    0x0, 0x0, 0x0, 0x0, 0x1, 0xff, 0xff, 0xff,
    0xfd, 0x0, 0x0, 0x0, 0x0, 0x0, 0x0, 0x7,
    0xff, 0xff, 0xff, 0xf7, 0x0, 0x0, 0x0, 0x0,
    0x0, 0x0, 0xd, 0xff, 0xff, 0xff, 0xf1, 0x0,
    0x0, 0x0, 0x0, 0x0, 0x0, 0x3f, 0xff, 0xff,
    0xff, 0xb0, 0x0, 0x0, 0x0, 0x0, 0x0, 0x0,
    0x9f, 0xff, 0xff, 0xff, 0x50, 0x0, 0x0, 0x0,
    0x0, 0x0, 0x0, 0xff, 0xff, 0xff, 0xff, 0x0,
    0x0, 0x0, 0x0, 0x0, 0x0, 0x6, 0xff, 0xff,
    0xff, 0xf9, 0x0, 0x0, 0x0, 0x0, 0x0, 0x0,
    0xc, 0xff, 0xff, 0xff, 0xf3, 0x0, 0x0, 0x0,
    0x0, 0x0, 0x0, 0x2f, 0xff, 0xff, 0xff, 0xd0,
    0x0, 0x0, 0x0, 0x0, 0x0, 0x0, 0x8f, 0xff,
    0xff, 0xff, 0x70, 0x0, 0x0, 0x0, 0x0, 0x0,
    0x0, 0xef, 0xff, 0xff, 0xff, 0x10, 0x0, 0x0,
    0x0, 0x0, 0x0, 0x4, 0xff, 0xff, 0xff, 0xfb,
    0x0, 0x0, 0x0, 0x0, 0x0, 0x0, 0xa, 0xff,
    0xff, 0xff, 0xf5, 0x0, 0x0, 0x0, 0x0, 0x0,
    0x0, 0x1f, 0xff, 0xff, 0xff, 0xe0, 0x0, 0x0,
    0x0, 0x0, 0x0, 0x0, 0x6f, 0xff, 0xff, 0xff,
    0x90, 0x0, 0x0, 0x0, 0x0, 0x0, 0x0, 0xcf,
    0xff, 0xff, 0xff, 0x30, 0x0, 0x0, 0x0, 0x0,
    0x0, 0x2, 0xff, 0xff, 0xff, 0xfd, 0x0, 0x0,
    0x0, 0x0, 0x0, 0x0, 0x8, 0xff, 0xff, 0xff,
    0xf7, 0x0, 0x0, 0x0, 0x0, 0x0, 0x0, 0xe,
    0xff, 0xff, 0xff, 0xf1, 0x0, 0x0, 0x0, 0x0,
    0x0, 0x0, 0x4f, 0xff, 0xff, 0xff, 0xa0, 0x0,
    0x0, 0x0, 0x0, 0x0, 0x0, 0xbf, 0xff, 0xff,
    0xff, 0x40, 0x0, 0x0, 0x0, 0x0, 0x0, 0x1,
    0xff, 0xff, 0xff, 0xfe, 0x0, 0x0, 0x0, 0x0,
    0x0, 0x0, 0x7, 0xff, 0xff, 0xff, 0xf8, 0x0,
    0x0, 0x0, 0x0, 0x0, 0x0, 0xd, 0xff, 0xff,
    0xff, 0xf2, 0x0, 0x0, 0x0, 0x0, 0x0, 0x0,
    0x1f, 0xff, 0xff, 0xff, 0xb0, 0x0, 0x0, 0x0,
    0x0, 0x0, 0x0,

    /* U+0030 "0" */
    0x0, 0x0, 0x0, 0x27, 0xbd, 0xff, 0xed, 0x95,
    0x0, 0x0, 0x0, 0x0, 0x0, 0x2, 0xaf, 0xff,
    0xff, 0xff, 0xff, 0xfe, 0x70, 0x0, 0x0, 0x0,
    0x4, 0xff, 0xff, 0xff, 0xff, 0xff, 0xff, 0xff,
    0xc1, 0x0, 0x0, 0x4, 0xff, 0xff, 0xff, 0xff,
    0xff, 0xff, 0xff, 0xff, 0xd0, 0x0, 0x1, 0xef,
    0xff, 0xff, 0xff, 0xff, 0xff, 0xff, 0xff, 0xff,
    0xa0, 0x0, 0x8f, 0xff, 0xff, 0xff, 0xff, 0xff,
    0xff, 0xff, 0xff, 0xff, 0x30, 0xf, 0xff, 0xff,
    0xff, 0xff, 0xfd, 0xff, 0xff, 0xff, 0xff, 0xfa,
    0x3, 0xff, 0xff, 0xff, 0xff, 0x70, 0x1, 0xbf,
    0xff, 0xff, 0xff, 0xe0, 0x6f, 0xff, 0xff, 0xff,
    0xb0, 0x0, 0x1, 0xff, 0xff, 0xff, 0xff, 0x18,
    0xff, 0xff, 0xff, 0xf7, 0x0, 0x0, 0xd, 0xff,
    0xff, 0xff, 0xf2, 0x8f, 0xff, 0xff, 0xff, 0x60,
    0x0, 0x0, 0xbf, 0xff, 0xff, 0xff, 0x39, 0xff,
    0xff, 0xff, 0xf6, 0x0, 0x0, 0xb, 0xff, 0xff,
    0xff, 0xf3, 0x9f, 0xff, 0xff, 0xff, 0x60, 0x0,
    0x0, 0xbf, 0xff, 0xff, 0xff, 0x39, 0xff, 0xff,
    0xff, 0xf6, 0x0, 0x0, 0xb, 0xff, 0xff, 0xff,
    0xf3, 0x9f, 0xff, 0xff, 0xff, 0x60, 0x0, 0x0,
    0xbf, 0xff, 0xff, 0xff, 0x39, 0xff, 0xff, 0xff,
    0xf6, 0x0, 0x0, 0xb, 0xff, 0xff, 0xff, 0xf3,
    0x9f, 0xff, 0xff, 0xff, 0x60, 0x0, 0x0, 0xbf,
    0xff, 0xff, 0xff, 0x39, 0xff, 0xff, 0xff, 0xf6,
    0x0, 0x0, 0xb, 0xff, 0xff, 0xff, 0xf3, 0x9f,
    0xff, 0xff, 0xff, 0x60, 0x0, 0x0, 0xbf, 0xff,
    0xff, 0xff, 0x39, 0xff, 0xff, 0xff, 0xf6, 0x0,
    0x0, 0xb, 0xff, 0xff, 0xff, 0xf3, 0x9f, 0xff,
    0xff, 0xff, 0x60, 0x0, 0x0, 0xbf, 0xff, 0xff,
    0xff, 0x39, 0xff, 0xff, 0xff, 0xf6, 0x0, 0x0,
    0xb, 0xff, 0xff, 0xff, 0xf3, 0x8f, 0xff, 0xff,
    0xff, 0x60, 0x0, 0x0, 0xbf, 0xff, 0xff, 0xff,
    0x38, 0xff, 0xff, 0xff, 0xf7, 0x0, 0x0, 0xd,
    0xff, 0xff, 0xff, 0xf2, 0x6f, 0xff, 0xff, 0xff,
    0xb0, 0x0, 0x1, 0xff, 0xff, 0xff, 0xff, 0x13,
    0xff, 0xff, 0xff, 0xff, 0x70, 0x1, 0xbf, 0xff,
    0xff, 0xff, 0xe0, 0xe, 0xff, 0xff, 0xff, 0xff,
    0xfd, 0xff, 0xff, 0xff, 0xff, 0xf9, 0x0, 0x8f,
    0xff, 0xff, 0xff, 0xff, 0xff, 0xff, 0xff, 0xff,
    0xff, 0x30, 0x1, 0xef, 0xff, 0xff, 0xff, 0xff,
    0xff, 0xff, 0xff, 0xff, 0xa0, 0x0, 0x3, 0xff,
    0xff, 0xff, 0xff, 0xff, 0xff, 0xff, 0xff, 0xd0,
    0x0, 0x0, 0x4, 0xef, 0xff, 0xff, 0xff, 0xff,
    0xff, 0xff, 0xc1, 0x0, 0x0, 0x0, 0x2, 0xaf,
    0xff, 0xff, 0xff, 0xff, 0xfe, 0x70, 0x0, 0x0,
    0x0, 0x0, 0x0, 0x27, 0xbd, 0xff, 0xed, 0x95,
    0x0, 0x0, 0x0, 0x0,

    /* U+0031 "1" */
    0x0, 0x1, 0x6c, 0xff, 0xff, 0xff, 0xfd, 0x4,
    0xaf, 0xff, 0xff, 0xff, 0xff, 0xfe, 0x1f, 0xff,
    0xff, 0xff, 0xff, 0xff, 0xfe, 0x1f, 0xff, 0xff,
    0xff, 0xff, 0xff, 0xfe, 0x1f, 0xff, 0xff, 0xff,
    0xff, 0xff, 0xfe, 0x1f, 0xff, 0xff, 0xff, 0xff,
    0xff, 0xfe, 0x1f, 0xff, 0xff, 0xff, 0xff, 0xff,
    0xfe, 0xd, 0xca, 0x76, 0xff, 0xff, 0xff, 0xfe,
    0x0, 0x0, 0x0, 0xff, 0xff, 0xff, 0xfe, 0x0,
    0x0, 0x0, 0xff, 0xff, 0xff, 0xfe, 0x0, 0x0,
    0x0, 0xff, 0xff, 0xff, 0xfe, 0x0, 0x0, 0x0,
    0xff, 0xff, 0xff, 0xfe, 0x0, 0x0, 0x0, 0xff,
    0xff, 0xff, 0xfe, 0x0, 0x0, 0x0, 0xff, 0xff,
    0xff, 0xfe, 0x0, 0x0, 0x0, 0xff, 0xff, 0xff,
    0xfe, 0x0, 0x0, 0x0, 0xff, 0xff, 0xff, 0xfe,
    0x0, 0x0, 0x0, 0xff, 0xff, 0xff, 0xfe, 0x0,
    0x0, 0x0, 0xff, 0xff, 0xff, 0xfe, 0x0, 0x0,
    0x0, 0xff, 0xff, 0xff, 0xfe, 0x0, 0x0, 0x0,
    0xff, 0xff, 0xff, 0xfe, 0x0, 0x0, 0x0, 0xff,
    0xff, 0xff, 0xfe, 0x0, 0x0, 0x0, 0xff, 0xff,
    0xff, 0xfe, 0x0, 0x0, 0x0, 0xff, 0xff, 0xff,
    0xfe, 0x0, 0x0, 0x0, 0xff, 0xff, 0xff, 0xfe,
    0x0, 0x0, 0x0, 0xff, 0xff, 0xff, 0xfe, 0x0,
    0x0, 0x0, 0xff, 0xff, 0xff, 0xfe, 0x0, 0x0,
    0x0, 0xff, 0xff, 0xff, 0xfe, 0x0, 0x0, 0x0,
    0xff, 0xff, 0xff, 0xfe, 0x0, 0x0, 0x0, 0xff,
    0xff, 0xff, 0xfe, 0x0, 0x0, 0x0, 0xff, 0xff,
    0xff, 0xfe, 0x0, 0x0, 0x0, 0xff, 0xff, 0xff,
    0xfe, 0x0, 0x0, 0x0, 0xff, 0xff, 0xff, 0xfe,
    0x0, 0x0, 0x0, 0xef, 0xff, 0xff, 0xfd,

    /* U+0032 "2" */
    0x0, 0x0, 0x0, 0x27, 0xbe, 0xff, 0xec, 0x95,
    0x0, 0x0, 0x0, 0x0, 0x0, 0x2, 0xbf, 0xff,
    0xff, 0xff, 0xff, 0xfe, 0x60, 0x0, 0x0, 0x0,
    0x7, 0xff, 0xff, 0xff, 0xff, 0xff, 0xff, 0xff,
    0xa0, 0x0, 0x0, 0x7, 0xff, 0xff, 0xff, 0xff,
    0xff, 0xff, 0xff, 0xff, 0xb0, 0x0, 0x5, 0xff,
    0xff, 0xff, 0xff, 0xff, 0xff, 0xff, 0xff, 0xff,
    0x70, 0x0, 0xef, 0xff, 0xff, 0xff, 0xff, 0xff,
    0xff, 0xff, 0xff, 0xff, 0x10, 0x4f, 0xff, 0xff,
    0xff, 0xff, 0xdd, 0xff, 0xff, 0xff, 0xff, 0xf6,
    0x8, 0xff, 0xff, 0xff, 0xff, 0x40, 0x2, 0xef,
    0xff, 0xff, 0xff, 0xb0, 0xaf, 0xff, 0xff, 0xff,
    0x90, 0x0, 0x6, 0xff, 0xff, 0xff, 0xfd, 0xb,
    0xff, 0xff, 0xff, 0xf6, 0x0, 0x0, 0x3f, 0xff,
    0xff, 0xff, 0xd0, 0xbf, 0xff, 0xff, 0xff, 0x50,
    0x0, 0x5, 0xff, 0xff, 0xff, 0xfc, 0x5, 0x99,
    0x99, 0x99, 0x92, 0x0, 0x0, 0xaf, 0xff, 0xff,
    0xff, 0xa0, 0x0, 0x0, 0x0, 0x0, 0x0, 0x0,
    0x2f, 0xff, 0xff, 0xff, 0xf5, 0x0, 0x0, 0x0,
    0x0, 0x0, 0x0, 0xc, 0xff, 0xff, 0xff, 0xff,
    0x0, 0x0, 0x0, 0x0, 0x0, 0x0, 0x8, 0xff,
    0xff, 0xff, 0xff, 0x80, 0x0, 0x0, 0x0, 0x0,
    0x0, 0x4, 0xff, 0xff, 0xff, 0xff, 0xe0, 0x0,
    0x0, 0x0, 0x0, 0x0, 0x3, 0xff, 0xff, 0xff,
    0xff, 0xf4, 0x0, 0x0, 0x0, 0x0, 0x0, 0x1,
    0xef, 0xff, 0xff, 0xff, 0xf9, 0x0, 0x0, 0x0,
    0x0, 0x0, 0x1, 0xdf, 0xff, 0xff, 0xff, 0xfc,
    0x0, 0x0, 0x0, 0x0, 0x0, 0x0, 0xcf, 0xff,
    0xff, 0xff, 0xfd, 0x10, 0x0, 0x0, 0x0, 0x0,
    0x0, 0xaf, 0xff, 0xff, 0xff, 0xfe, 0x10, 0x0,
    0x0, 0x0, 0x0, 0x0, 0x9f, 0xff, 0xff, 0xff,
    0xfe, 0x20, 0x0, 0x0, 0x0, 0x0, 0x0, 0x8f,
    0xff, 0xff, 0xff, 0xfe, 0x20, 0x0, 0x0, 0x0,
    0x0, 0x0, 0x7f, 0xff, 0xff, 0xff, 0xfe, 0x20,
    0x0, 0x0, 0x0, 0x0, 0x0, 0x7f, 0xff, 0xff,
    0xff, 0xfe, 0x20, 0x0, 0x0, 0x0, 0x0, 0x0,
    0x6f, 0xff, 0xff, 0xff, 0xfe, 0x20, 0x0, 0x0,
    0x0, 0x0, 0x0, 0x4f, 0xff, 0xff, 0xff, 0xff,
    0xec, 0xcc, 0xcc, 0xcc, 0xcc, 0xcc, 0x28, 0xff,
    0xff, 0xff, 0xff, 0xff, 0xff, 0xff, 0xff, 0xff,
    0xff, 0xf5, 0x8f, 0xff, 0xff, 0xff, 0xff, 0xff,
    0xff, 0xff, 0xff, 0xff, 0xff, 0x58, 0xff, 0xff,
    0xff, 0xff, 0xff, 0xff, 0xff, 0xff, 0xff, 0xff,
    0xf5, 0x8f, 0xff, 0xff, 0xff, 0xff, 0xff, 0xff,
    0xff, 0xff, 0xff, 0xff, 0x58, 0xff, 0xff, 0xff,
    0xff, 0xff, 0xff, 0xff, 0xff, 0xff, 0xff, 0xf5,
    0x6f, 0xff, 0xff, 0xff, 0xff, 0xff, 0xff, 0xff,
    0xff, 0xff, 0xff, 0x30,

    /* U+0033 "3" */
    0x1f, 0xff, 0xff, 0xff, 0xff, 0xff, 0xff, 0xff,
    0xff, 0xff, 0xf1, 0x2f, 0xff, 0xff, 0xff, 0xff,
    0xff, 0xff, 0xff, 0xff, 0xff, 0xf2, 0x2f, 0xff,
    0xff, 0xff, 0xff, 0xff, 0xff, 0xff, 0xff, 0xff,
    0xf2, 0x2f, 0xff, 0xff, 0xff, 0xff, 0xff, 0xff,
    0xff, 0xff, 0xff, 0xf2, 0x2f, 0xff, 0xff, 0xff,
    0xff, 0xff, 0xff, 0xff, 0xff, 0xff, 0xf2, 0x2f,
    0xff, 0xff, 0xff, 0xff, 0xff, 0xff, 0xff, 0xff,
    0xff, 0xf2, 0x1d, 0xee, 0xee, 0xee, 0xee, 0xef,
    0xff, 0xff, 0xff, 0xff, 0xf1, 0x0, 0x0, 0x0,
    0x0, 0x0, 0x9f, 0xff, 0xff, 0xff, 0xff, 0x50,
    0x0, 0x0, 0x0, 0x0, 0xb, 0xff, 0xff, 0xff,
    0xff, 0xf4, 0x0, 0x0, 0x0, 0x0, 0x1, 0xcf,
    0xff, 0xff, 0xff, 0xff, 0x30, 0x0, 0x0, 0x0,
    0x0, 0x2d, 0xff, 0xff, 0xff, 0xff, 0xe3, 0x0,
    0x0, 0x0, 0x0, 0x3, 0xef, 0xff, 0xff, 0xff,
    0xfe, 0x20, 0x0, 0x0, 0x0, 0x0, 0x4f, 0xff,
    0xff, 0xff, 0xff, 0xf6, 0x0, 0x0, 0x0, 0x0,
    0x0, 0x7f, 0xff, 0xff, 0xff, 0xff, 0xff, 0xe6,
    0x0, 0x0, 0x0, 0x0, 0x9, 0xff, 0xff, 0xff,
    0xff, 0xff, 0xff, 0xb0, 0x0, 0x0, 0x0, 0x0,
    0x9f, 0xff, 0xff, 0xff, 0xff, 0xff, 0xf9, 0x0,
    0x0, 0x0, 0x0, 0xa, 0xfd, 0x89, 0xff, 0xff,
    0xff, 0xff, 0x30, 0x0, 0x0, 0x0, 0x0, 0x30,
    0x0, 0x5f, 0xff, 0xff, 0xff, 0xa0, 0x0, 0x0,
    0x0, 0x0, 0x0, 0x0, 0xc, 0xff, 0xff, 0xff,
    0xf0, 0x0, 0x0, 0x0, 0x0, 0x0, 0x0, 0x8,
    0xff, 0xff, 0xff, 0xf3, 0x0, 0x0, 0x0, 0x0,
    0x0, 0x0, 0x6, 0xff, 0xff, 0xff, 0xf5, 0x23,
    0x33, 0x33, 0x32, 0x0, 0x0, 0x6, 0xff, 0xff,
    0xff, 0xf6, 0xef, 0xff, 0xff, 0xff, 0x10, 0x0,
    0x6, 0xff, 0xff, 0xff, 0xf6, 0xcf, 0xff, 0xff,
    0xff, 0x30, 0x0, 0x9, 0xff, 0xff, 0xff, 0xf5,
    0xaf, 0xff, 0xff, 0xff, 0x80, 0x0, 0xd, 0xff,
    0xff, 0xff, 0xf3, 0x8f, 0xff, 0xff, 0xff, 0xe3,
    0x0, 0x7f, 0xff, 0xff, 0xff, 0xf0, 0x3f, 0xff,
    0xff, 0xff, 0xff, 0xcd, 0xff, 0xff, 0xff, 0xff,
    0xb0, 0xd, 0xff, 0xff, 0xff, 0xff, 0xff, 0xff,
    0xff, 0xff, 0xff, 0x40, 0x5, 0xff, 0xff, 0xff,
    0xff, 0xff, 0xff, 0xff, 0xff, 0xfb, 0x0, 0x0,
    0x9f, 0xff, 0xff, 0xff, 0xff, 0xff, 0xff, 0xff,
    0xe2, 0x0, 0x0, 0x8, 0xff, 0xff, 0xff, 0xff,
    0xff, 0xff, 0xfe, 0x30, 0x0, 0x0, 0x0, 0x4d,
    0xff, 0xff, 0xff, 0xff, 0xff, 0xa1, 0x0, 0x0,
    0x0, 0x0, 0x0, 0x49, 0xce, 0xff, 0xeb, 0x82,
    0x0, 0x0, 0x0,

    /* U+0034 "4" */
    0x0, 0x0, 0x0, 0x0, 0xcf, 0xff, 0xff, 0xff,
    0x90, 0x0, 0x0, 0x0, 0x0, 0x0, 0x0, 0x0,
    0x3, 0xff, 0xff, 0xff, 0xff, 0x50, 0x0, 0x0,
    0x0, 0x0, 0x0, 0x0, 0x0, 0x9, 0xff, 0xff,
    0xff, 0xfe, 0x0, 0x0, 0x0, 0x0, 0x0, 0x0,
    0x0, 0x0, 0xf, 0xff, 0xff, 0xff, 0xf9, 0x0,
    0x0, 0x0, 0x0, 0x0, 0x0, 0x0, 0x0, 0x5f,
    0xff, 0xff, 0xff, 0xf3, 0x0, 0x0, 0x0, 0x0,
    0x0, 0x0, 0x0, 0x0, 0xbf, 0xff, 0xff, 0xff,
    0xc0, 0x0, 0x0, 0x0, 0x0, 0x0, 0x0, 0x0,
    0x2, 0xff, 0xff, 0xff, 0xff, 0x60, 0x0, 0x0,
    0x0, 0x0, 0x0, 0x0, 0x0, 0x8, 0xff, 0xff,
    0xff, 0xff, 0x10, 0x0, 0x0, 0x0, 0x0, 0x0,
    0x0, 0x0, 0xe, 0xff, 0xff, 0xff, 0xfa, 0x0,
    0x0, 0x0, 0x0, 0x0, 0x0, 0x0, 0x0, 0x4f,
    0xff, 0xff, 0xff, 0xf4, 0x0, 0x0, 0x0, 0x0,
    0x0, 0x0, 0x0, 0x0, 0xaf, 0xff, 0xff, 0xff,
    0xe0, 0x0, 0x0, 0x0, 0x0, 0x0, 0x0, 0x0,
    0x1, 0xff, 0xff, 0xff, 0xff, 0x80, 0x0, 0x0,
    0x0, 0x0, 0x0, 0x0, 0x0, 0x6, 0xff, 0xff,
    0xff, 0xff, 0x20, 0x7, 0xdd, 0xdd, 0xdd, 0xd2,
    0x0, 0x0, 0xc, 0xff, 0xff, 0xff, 0xfb, 0x0,
    0xb, 0xff, 0xff, 0xff, 0xf4, 0x0, 0x0, 0x3f,
    0xff, 0xff, 0xff, 0xf5, 0x0, 0xb, 0xff, 0xff,
    0xff, 0xf4, 0x0, 0x0, 0x9f, 0xff, 0xff, 0xff,
    0xf0, 0x0, 0xb, 0xff, 0xff, 0xff, 0xf4, 0x0,
    0x0, 0xef, 0xff, 0xff, 0xff, 0x90, 0x0, 0xb,
    0xff, 0xff, 0xff, 0xf4, 0x0, 0x5, 0xff, 0xff,
    0xff, 0xff, 0x51, 0x11, 0x1b, 0xff, 0xff, 0xff,
    0xf6, 0x10, 0xb, 0xff, 0xff, 0xff, 0xff, 0xff,
    0xff, 0xff, 0xff, 0xff, 0xff, 0xff, 0xfd, 0xf,
    0xff, 0xff, 0xff, 0xff, 0xff, 0xff, 0xff, 0xff,
    0xff, 0xff, 0xff, 0xfe, 0x1f, 0xff, 0xff, 0xff,
    0xff, 0xff, 0xff, 0xff, 0xff, 0xff, 0xff, 0xff,
    0xfe, 0x1f, 0xff, 0xff, 0xff, 0xff, 0xff, 0xff,
    0xff, 0xff, 0xff, 0xff, 0xff, 0xfe, 0x1f, 0xff,
    0xff, 0xff, 0xff, 0xff, 0xff, 0xff, 0xff, 0xff,
    0xff, 0xff, 0xfe, 0x1f, 0xff, 0xff, 0xff, 0xff,
    0xff, 0xff, 0xff, 0xff, 0xff, 0xff, 0xff, 0xfe,
    0xf, 0xff, 0xff, 0xff, 0xff, 0xff, 0xff, 0xff,
    0xff, 0xff, 0xff, 0xff, 0xfd, 0x0, 0x0, 0x0,
    0x0, 0x0, 0x0, 0x0, 0xb, 0xff, 0xff, 0xff,
    0xf4, 0x0, 0x0, 0x0, 0x0, 0x0, 0x0, 0x0,
    0x0, 0xb, 0xff, 0xff, 0xff, 0xf4, 0x0, 0x0,
    0x0, 0x0, 0x0, 0x0, 0x0, 0x0, 0xb, 0xff,
    0xff, 0xff, 0xf4, 0x0, 0x0, 0x0, 0x0, 0x0,
    0x0, 0x0, 0x0, 0xb, 0xff, 0xff, 0xff, 0xf4,
    0x0, 0x0, 0x0, 0x0, 0x0, 0x0, 0x0, 0x0,
    0xb, 0xff, 0xff, 0xff, 0xf4, 0x0, 0x0, 0x0,
    0x0, 0x0, 0x0, 0x0, 0x0, 0xb, 0xff, 0xff,
    0xff, 0xf4, 0x0, 0x0, 0x0, 0x0, 0x0, 0x0,
    0x0, 0x0, 0xb, 0xff, 0xff, 0xff, 0xf4, 0x0,
    0x0, 0x0, 0x0, 0x0, 0x0, 0x0, 0x0, 0x9,
    0xff, 0xff, 0xff, 0xf3, 0x0,

    /* U+0035 "5" */
    0x7f, 0xff, 0xff, 0xff, 0xff, 0xff, 0xff, 0xff,
    0xff, 0xff, 0xf1, 0x9f, 0xff, 0xff, 0xff, 0xff,
    0xff, 0xff, 0xff, 0xff, 0xff, 0xf2, 0x9f, 0xff,
    0xff, 0xff, 0xff, 0xff, 0xff, 0xff, 0xff, 0xff,
    0xf2, 0x9f, 0xff, 0xff, 0xff, 0xff, 0xff, 0xff,
    0xff, 0xff, 0xff, 0xf2, 0x9f, 0xff, 0xff, 0xff,
    0xff, 0xff, 0xff, 0xff, 0xff, 0xff, 0xf2, 0x9f,
    0xff, 0xff, 0xff, 0xff, 0xff, 0xff, 0xff, 0xff,
    0xff, 0xf2, 0x9f, 0xff, 0xff, 0xff, 0xec, 0xcc,
    0xcc, 0xcc, 0xcc, 0xcc, 0xb1, 0x9f, 0xff, 0xff,
    0xff, 0x60, 0x0, 0x0, 0x0, 0x0, 0x0, 0x0,
    0x9f, 0xff, 0xff, 0xff, 0x60, 0x0, 0x0, 0x0,
    0x0, 0x0, 0x0, 0x9f, 0xff, 0xff, 0xff, 0x60,
    0x0, 0x0, 0x0, 0x0, 0x0, 0x0, 0x9f, 0xff,
    0xff, 0xff, 0x60, 0x0, 0x0, 0x0, 0x0, 0x0,
    0x0, 0x9f, 0xff, 0xff, 0xff, 0x61, 0x7b, 0xdd,
    0xb8, 0x30, 0x0, 0x0, 0x9f, 0xff, 0xff, 0xff,
    0xcf, 0xff, 0xff, 0xff, 0xfb, 0x10, 0x0, 0x9f,
    0xff, 0xff, 0xff, 0xff, 0xff, 0xff, 0xff, 0xff,
    0xe2, 0x0, 0x9f, 0xff, 0xff, 0xff, 0xff, 0xff,
    0xff, 0xff, 0xff, 0xfd, 0x0, 0x9f, 0xff, 0xff,
    0xff, 0xff, 0xff, 0xff, 0xff, 0xff, 0xff, 0x70,
    0x9f, 0xff, 0xff, 0xff, 0xff, 0xff, 0xff, 0xff,
    0xff, 0xff, 0xe0, 0x9f, 0xff, 0xff, 0xff, 0xff,
    0xff, 0xff, 0xff, 0xff, 0xff, 0xf3, 0x9f, 0xff,
    0xff, 0xff, 0xf7, 0x10, 0x7f, 0xff, 0xff, 0xff,
    0xf7, 0x5c, 0xcc, 0xcc, 0xcc, 0x70, 0x0, 0xa,
    0xff, 0xff, 0xff, 0xfa, 0x0, 0x0, 0x0, 0x0,
    0x0, 0x0, 0x5, 0xff, 0xff, 0xff, 0xfb, 0x0,
    0x0, 0x0, 0x0, 0x0, 0x0, 0x4, 0xff, 0xff,
    0xff, 0xfc, 0x0, 0x0, 0x0, 0x0, 0x0, 0x0,
    0x4, 0xff, 0xff, 0xff, 0xfc, 0x7e, 0xff, 0xff,
    0xfe, 0x70, 0x0, 0x6, 0xff, 0xff, 0xff, 0xfb,
    0x6f, 0xff, 0xff, 0xff, 0xd0, 0x0, 0xa, 0xff,
    0xff, 0xff, 0xf9, 0x2f, 0xff, 0xff, 0xff, 0xf6,
    0x0, 0x4f, 0xff, 0xff, 0xff, 0xf6, 0xe, 0xff,
    0xff, 0xff, 0xff, 0xdd, 0xff, 0xff, 0xff, 0xff,
    0xf2, 0x8, 0xff, 0xff, 0xff, 0xff, 0xff, 0xff,
    0xff, 0xff, 0xff, 0xb0, 0x1, 0xef, 0xff, 0xff,
    0xff, 0xff, 0xff, 0xff, 0xff, 0xff, 0x30, 0x0,
    0x4f, 0xff, 0xff, 0xff, 0xff, 0xff, 0xff, 0xff,
    0xf8, 0x0, 0x0, 0x5, 0xff, 0xff, 0xff, 0xff,
    0xff, 0xff, 0xff, 0x90, 0x0, 0x0, 0x0, 0x2b,
    0xff, 0xff, 0xff, 0xff, 0xff, 0xd5, 0x0, 0x0,
    0x0, 0x0, 0x0, 0x38, 0xbe, 0xff, 0xec, 0x94,
    0x0, 0x0, 0x0,

    /* U+0036 "6" */
    0x0, 0x0, 0x0, 0x59, 0xde, 0xff, 0xdc, 0x83,
    0x0, 0x0, 0x0, 0x0, 0x0, 0x8f, 0xff, 0xff,
    0xff, 0xff, 0xff, 0xd5, 0x0, 0x0, 0x0, 0x1d,
    0xff, 0xff, 0xff, 0xff, 0xff, 0xff, 0xff, 0xa0,
    0x0, 0x1, 0xdf, 0xff, 0xff, 0xff, 0xff, 0xff,
    0xff, 0xff, 0xfa, 0x0, 0x9, 0xff, 0xff, 0xff,
    0xff, 0xff, 0xff, 0xff, 0xff, 0xff, 0x40, 0x1f,
    0xff, 0xff, 0xff, 0xff, 0xff, 0xff, 0xff, 0xff,
    0xff, 0xc0, 0x6f, 0xff, 0xff, 0xff, 0xff, 0xef,
    0xff, 0xff, 0xff, 0xff, 0xf0, 0x8f, 0xff, 0xff,
    0xff, 0xe3, 0x0, 0x7f, 0xff, 0xff, 0xff, 0xf2,
    0x9f, 0xff, 0xff, 0xff, 0x80, 0x0, 0xd, 0xff,
    0xff, 0xff, 0xf2, 0x9f, 0xff, 0xff, 0xff, 0x60,
    0x0, 0x9, 0xee, 0xee, 0xee, 0xd1, 0x9f, 0xff,
    0xff, 0xff, 0x60, 0x0, 0x0, 0x0, 0x0, 0x0,
    0x0, 0x9f, 0xff, 0xff, 0xff, 0x62, 0x9d, 0xff,
    0xd9, 0x30, 0x0, 0x0, 0x9f, 0xff, 0xff, 0xff,
    0xcf, 0xff, 0xff, 0xff, 0xf9, 0x0, 0x0, 0x9f,
    0xff, 0xff, 0xff, 0xff, 0xff, 0xff, 0xff, 0xff,
    0xc0, 0x0, 0x9f, 0xff, 0xff, 0xff, 0xff, 0xff,
    0xff, 0xff, 0xff, 0xfa, 0x0, 0x9f, 0xff, 0xff,
    0xff, 0xff, 0xff, 0xff, 0xff, 0xff, 0xff, 0x40,
    0x9f, 0xff, 0xff, 0xff, 0xff, 0xff, 0xff, 0xff,
    0xff, 0xff, 0xc0, 0x9f, 0xff, 0xff, 0xff, 0xfd,
    0x54, 0xbf, 0xff, 0xff, 0xff, 0xf2, 0x9f, 0xff,
    0xff, 0xff, 0xf1, 0x0, 0xd, 0xff, 0xff, 0xff,
    0xf6, 0x9f, 0xff, 0xff, 0xff, 0xa0, 0x0, 0x7,
    0xff, 0xff, 0xff, 0xfa, 0x9f, 0xff, 0xff, 0xff,
    0x70, 0x0, 0x4, 0xff, 0xff, 0xff, 0xfc, 0x9f,
    0xff, 0xff, 0xff, 0x60, 0x0, 0x3, 0xff, 0xff,
    0xff, 0xfd, 0x8f, 0xff, 0xff, 0xff, 0x70, 0x0,
    0x4, 0xff, 0xff, 0xff, 0xfc, 0x8f, 0xff, 0xff,
    0xff, 0x90, 0x0, 0x6, 0xff, 0xff, 0xff, 0xfb,
    0x6f, 0xff, 0xff, 0xff, 0xd0, 0x0, 0xa, 0xff,
    0xff, 0xff, 0xf9, 0x3f, 0xff, 0xff, 0xff, 0xf6,
    0x0, 0x4f, 0xff, 0xff, 0xff, 0xf5, 0xe, 0xff,
    0xff, 0xff, 0xff, 0xdd, 0xff, 0xff, 0xff, 0xff,
    0xf1, 0x7, 0xff, 0xff, 0xff, 0xff, 0xff, 0xff,
    0xff, 0xff, 0xff, 0xb0, 0x0, 0xdf, 0xff, 0xff,
    0xff, 0xff, 0xff, 0xff, 0xff, 0xff, 0x30, 0x0,
    0x2e, 0xff, 0xff, 0xff, 0xff, 0xff, 0xff, 0xff,
    0xf8, 0x0, 0x0, 0x3, 0xef, 0xff, 0xff, 0xff,
    0xff, 0xff, 0xff, 0x80, 0x0, 0x0, 0x0, 0x1a,
    0xff, 0xff, 0xff, 0xff, 0xff, 0xd4, 0x0, 0x0,
    0x0, 0x0, 0x0, 0x28, 0xbe, 0xff, 0xec, 0x94,
    0x0, 0x0, 0x0,

    /* U+0037 "7" */
    0x4f, 0xff, 0xff, 0xff, 0xff, 0xff, 0xff, 0xff,
    0xff, 0xff, 0xfa, 0x6f, 0xff, 0xff, 0xff, 0xff,
    0xff, 0xff, 0xff, 0xff, 0xff, 0xfc, 0x6f, 0xff,
    0xff, 0xff, 0xff, 0xff, 0xff, 0xff, 0xff, 0xff,
    0xfc, 0x6f, 0xff, 0xff, 0xff, 0xff, 0xff, 0xff,
    0xff, 0xff, 0xff, 0xfc, 0x6f, 0xff, 0xff, 0xff,
    0xff, 0xff, 0xff, 0xff, 0xff, 0xff, 0xfc, 0x6f,
    0xff, 0xff, 0xff, 0xff, 0xff, 0xff, 0xff, 0xff,
    0xff, 0xfc, 0x6f, 0xff, 0xff, 0xfc, 0xcc, 0xcc,
    0xcf, 0xff, 0xff, 0xff, 0xfb, 0x6f, 0xff, 0xff,
    0xf0, 0x0, 0x0, 0xe, 0xff, 0xff, 0xff, 0xf7,
    0x6f, 0xff, 0xff, 0xf0, 0x0, 0x0, 0x4f, 0xff,
    0xff, 0xff, 0xf2, 0x16, 0x77, 0x77, 0x50, 0x0,
    0x0, 0x9f, 0xff, 0xff, 0xff, 0xc0, 0x0, 0x0,
    0x0, 0x0, 0x0, 0x0, 0xff, 0xff, 0xff, 0xff,
    0x60, 0x0, 0x0, 0x0, 0x0, 0x0, 0x5, 0xff,
    0xff, 0xff, 0xff, 0x10, 0x0, 0x0, 0x0, 0x0,
    0x0, 0xa, 0xff, 0xff, 0xff, 0xfb, 0x0, 0x0,
    0x0, 0x0, 0x0, 0x0, 0xf, 0xff, 0xff, 0xff,
    0xf5, 0x0, 0x0, 0x0, 0x0, 0x0, 0x0, 0x6f,
    0xff, 0xff, 0xff, 0xf0, 0x0, 0x0, 0x0, 0x0,
    0x0, 0x0, 0xbf, 0xff, 0xff, 0xff, 0xa0, 0x0,
    0x0, 0x0, 0x0, 0x0, 0x1, 0xff, 0xff, 0xff,
    0xff, 0x40, 0x0, 0x0, 0x0, 0x0, 0x0, 0x7,
    0xff, 0xff, 0xff, 0xfe, 0x0, 0x0, 0x0, 0x0,
    0x0, 0x0, 0xc, 0xff, 0xff, 0xff, 0xf9, 0x0,
    0x0, 0x0, 0x0, 0x0, 0x0, 0x2f, 0xff, 0xff,
    0xff, 0xf3, 0x0, 0x0, 0x0, 0x0, 0x0, 0x0,
    0x8f, 0xff, 0xff, 0xff, 0xd0, 0x0, 0x0, 0x0,
    0x0, 0x0, 0x0, 0xdf, 0xff, 0xff, 0xff, 0x80,
    0x0, 0x0, 0x0, 0x0, 0x0, 0x3, 0xff, 0xff,
    0xff, 0xff, 0x20, 0x0, 0x0, 0x0, 0x0, 0x0,
    0x9, 0xff, 0xff, 0xff, 0xfd, 0x0, 0x0, 0x0,
    0x0, 0x0, 0x0, 0xe, 0xff, 0xff, 0xff, 0xf7,
    0x0, 0x0, 0x0, 0x0, 0x0, 0x0, 0x4f, 0xff,
    0xff, 0xff, 0xf1, 0x0, 0x0, 0x0, 0x0, 0x0,
    0x0, 0xaf, 0xff, 0xff, 0xff, 0xc0, 0x0, 0x0,
    0x0, 0x0, 0x0, 0x0, 0xff, 0xff, 0xff, 0xff,
    0x60, 0x0, 0x0, 0x0, 0x0, 0x0, 0x5, 0xff,
    0xff, 0xff, 0xff, 0x10, 0x0, 0x0, 0x0, 0x0,
    0x0, 0xa, 0xff, 0xff, 0xff, 0xfb, 0x0, 0x0,
    0x0, 0x0, 0x0, 0x0, 0x1f, 0xff, 0xff, 0xff,
    0xf5, 0x0, 0x0, 0x0, 0x0, 0x0, 0x0, 0x6f,
    0xff, 0xff, 0xff, 0xf0, 0x0, 0x0, 0x0, 0x0,
    0x0, 0x0, 0x9f, 0xff, 0xff, 0xff, 0x90, 0x0,
    0x0, 0x0, 0x0,

    /* U+0038 "8" */
    0x0, 0x0, 0x0, 0x49, 0xce, 0xff, 0xec, 0x83,
    0x0, 0x0, 0x0, 0x0, 0x0, 0x5d, 0xff, 0xff,
    0xff, 0xff, 0xff, 0xd4, 0x0, 0x0, 0x0, 0x9,
    0xff, 0xff, 0xff, 0xff, 0xff, 0xff, 0xff, 0x80,
    0x0, 0x0, 0x9f, 0xff, 0xff, 0xff, 0xff, 0xff,
    0xff, 0xff, 0xf8, 0x0, 0x5, 0xff, 0xff, 0xff,
    0xff, 0xff, 0xff, 0xff, 0xff, 0xff, 0x30, 0xd,
    0xff, 0xff, 0xff, 0xff, 0xff, 0xff, 0xff, 0xff,
    0xff, 0xc0, 0x3f, 0xff, 0xff, 0xff, 0xff, 0xdd,
    0xff, 0xff, 0xff, 0xff, 0xf2, 0x7f, 0xff, 0xff,
    0xff, 0xf3, 0x0, 0x4f, 0xff, 0xff, 0xff, 0xf5,
    0x8f, 0xff, 0xff, 0xff, 0x80, 0x0, 0x9, 0xff,
    0xff, 0xff, 0xf7, 0x7f, 0xff, 0xff, 0xff, 0x50,
    0x0, 0x6, 0xff, 0xff, 0xff, 0xf6, 0x5f, 0xff,
    0xff, 0xff, 0x70, 0x0, 0x8, 0xff, 0xff, 0xff,
    0xf4, 0x1f, 0xff, 0xff, 0xff, 0xe1, 0x0, 0x2e,
    0xff, 0xff, 0xff, 0xf0, 0xb, 0xff, 0xff, 0xff,
    0xfe, 0xaa, 0xff, 0xff, 0xff, 0xff, 0x80, 0x2,
    0xff, 0xff, 0xff, 0xff, 0xff, 0xff, 0xff, 0xff,
    0xfd, 0x0, 0x0, 0x4e, 0xff, 0xff, 0xff, 0xff,
    0xff, 0xff, 0xff, 0xc1, 0x0, 0x0, 0xb, 0xff,
    0xff, 0xff, 0xff, 0xff, 0xff, 0xff, 0x90, 0x0,
    0x0, 0xbf, 0xff, 0xff, 0xff, 0xff, 0xff, 0xff,
    0xff, 0xfa, 0x0, 0x7, 0xff, 0xff, 0xff, 0xff,
    0xff, 0xff, 0xff, 0xff, 0xff, 0x40, 0xe, 0xff,
    0xff, 0xff, 0xf8, 0x11, 0x9f, 0xff, 0xff, 0xff,
    0xd0, 0x4f, 0xff, 0xff, 0xff, 0xc0, 0x0, 0xd,
    0xff, 0xff, 0xff, 0xf2, 0x8f, 0xff, 0xff, 0xff,
    0x70, 0x0, 0x8, 0xff, 0xff, 0xff, 0xf6, 0xaf,
    0xff, 0xff, 0xff, 0x40, 0x0, 0x5, 0xff, 0xff,
    0xff, 0xf8, 0xbf, 0xff, 0xff, 0xff, 0x40, 0x0,
    0x5, 0xff, 0xff, 0xff, 0xf9, 0xaf, 0xff, 0xff,
    0xff, 0x60, 0x0, 0x7, 0xff, 0xff, 0xff, 0xf8,
    0x9f, 0xff, 0xff, 0xff, 0xb0, 0x0, 0xc, 0xff,
    0xff, 0xff, 0xf7, 0x6f, 0xff, 0xff, 0xff, 0xf5,
    0x0, 0x6f, 0xff, 0xff, 0xff, 0xf4, 0x1f, 0xff,
    0xff, 0xff, 0xff, 0xdd, 0xff, 0xff, 0xff, 0xff,
    0xe0, 0xb, 0xff, 0xff, 0xff, 0xff, 0xff, 0xff,
    0xff, 0xff, 0xff, 0x90, 0x2, 0xff, 0xff, 0xff,
    0xff, 0xff, 0xff, 0xff, 0xff, 0xfe, 0x10, 0x0,
    0x6f, 0xff, 0xff, 0xff, 0xff, 0xff, 0xff, 0xff,
    0xf4, 0x0, 0x0, 0x6, 0xff, 0xff, 0xff, 0xff,
    0xff, 0xff, 0xff, 0x40, 0x0, 0x0, 0x0, 0x3c,
    0xff, 0xff, 0xff, 0xff, 0xff, 0xa1, 0x0, 0x0,
    0x0, 0x0, 0x0, 0x38, 0xce, 0xff, 0xeb, 0x82,
    0x0, 0x0, 0x0,

    /* U+0039 "9" */
    0x0, 0x0, 0x0, 0x27, 0xbd, 0xff, 0xfd, 0xa5,
    0x0, 0x0, 0x0, 0x0, 0x0, 0x1, 0xaf, 0xff,
    0xff, 0xff, 0xff, 0xfe, 0x50, 0x0, 0x0, 0x0,
    0x3, 0xef, 0xff, 0xff, 0xff, 0xff, 0xff, 0xff,
    0xa0, 0x0, 0x0, 0x2, 0xef, 0xff, 0xff, 0xff,
    0xff, 0xff, 0xff, 0xff, 0x90, 0x0, 0x0, 0xcf,
    0xff, 0xff, 0xff, 0xff, 0xff, 0xff, 0xff, 0xff,
    0x50, 0x0, 0x4f, 0xff, 0xff, 0xff, 0xff, 0xff,
    0xff, 0xff, 0xff, 0xfe, 0x0, 0xa, 0xff, 0xff,
    0xff, 0xff, 0xec, 0xff, 0xff, 0xff, 0xff, 0xf6,
    0x0, 0xef, 0xff, 0xff, 0xff, 0xb0, 0x0, 0xcf,
    0xff, 0xff, 0xff, 0xc0, 0x1f, 0xff, 0xff, 0xff,
    0xf2, 0x0, 0x3, 0xff, 0xff, 0xff, 0xff, 0x3,
    0xff, 0xff, 0xff, 0xfd, 0x0, 0x0, 0xf, 0xff,
    0xff, 0xff, 0xf1, 0x4f, 0xff, 0xff, 0xff, 0xc0,
    0x0, 0x0, 0xdf, 0xff, 0xff, 0xff, 0x13, 0xff,
    0xff, 0xff, 0xfc, 0x0, 0x0, 0xe, 0xff, 0xff,
    0xff, 0xf2, 0x2f, 0xff, 0xff, 0xff, 0xe0, 0x0,
    0x1, 0xff, 0xff, 0xff, 0xff, 0x20, 0xff, 0xff,
    0xff, 0xff, 0x50, 0x0, 0x7f, 0xff, 0xff, 0xff,
    0xf2, 0xb, 0xff, 0xff, 0xff, 0xfe, 0x64, 0x7f,
    0xff, 0xff, 0xff, 0xff, 0x20, 0x5f, 0xff, 0xff,
    0xff, 0xff, 0xff, 0xff, 0xff, 0xff, 0xff, 0xf2,
    0x0, 0xdf, 0xff, 0xff, 0xff, 0xff, 0xff, 0xff,
    0xff, 0xff, 0xff, 0x20, 0x3, 0xff, 0xff, 0xff,
    0xff, 0xff, 0xff, 0xff, 0xff, 0xff, 0xf2, 0x0,
    0x6, 0xff, 0xff, 0xff, 0xff, 0xff, 0xff, 0xff,
    0xff, 0xff, 0x20, 0x0, 0x4, 0xef, 0xff, 0xff,
    0xff, 0xdf, 0xff, 0xff, 0xff, 0xf2, 0x0, 0x0,
    0x0, 0x6b, 0xef, 0xeb, 0x60, 0xdf, 0xff, 0xff,
    0xff, 0x20, 0x0, 0x0, 0x0, 0x0, 0x0, 0x0,
    0xd, 0xff, 0xff, 0xff, 0xf2, 0x5, 0xaa, 0xaa,
    0xaa, 0xa2, 0x0, 0x0, 0xdf, 0xff, 0xff, 0xff,
    0x20, 0xaf, 0xff, 0xff, 0xff, 0x50, 0x0, 0xd,
    0xff, 0xff, 0xff, 0xf2, 0xa, 0xff, 0xff, 0xff,
    0xf7, 0x0, 0x0, 0xff, 0xff, 0xff, 0xff, 0x10,
    0x9f, 0xff, 0xff, 0xff, 0xe3, 0x0, 0xaf, 0xff,
    0xff, 0xff, 0xf0, 0x6, 0xff, 0xff, 0xff, 0xff,
    0xfe, 0xff, 0xff, 0xff, 0xff, 0xfe, 0x0, 0x1f,
    0xff, 0xff, 0xff, 0xff, 0xff, 0xff, 0xff, 0xff,
    0xff, 0x90, 0x0, 0xaf, 0xff, 0xff, 0xff, 0xff,
    0xff, 0xff, 0xff, 0xff, 0xf2, 0x0, 0x1, 0xef,
    0xff, 0xff, 0xff, 0xff, 0xff, 0xff, 0xff, 0xf7,
    0x0, 0x0, 0x2, 0xdf, 0xff, 0xff, 0xff, 0xff,
    0xff, 0xff, 0xf7, 0x0, 0x0, 0x0, 0x0, 0x8f,
    0xff, 0xff, 0xff, 0xff, 0xff, 0xc3, 0x0, 0x0,
    0x0, 0x0, 0x0, 0x16, 0xad, 0xff, 0xfe, 0xb8,
    0x30, 0x0, 0x0, 0x0,

    /* U+003A ":" */
    0x0, 0x3b, 0xff, 0xb3, 0x0, 0x4, 0xff, 0xff,
    0xff, 0x40, 0xd, 0xff, 0xff, 0xff, 0xd0, 0x1f,
    0xff, 0xff, 0xff, 0xf1, 0x2f, 0xff, 0xff, 0xff,
    0xf1, 0xe, 0xff, 0xff, 0xff, 0xe0, 0x7, 0xff,
    0xff, 0xff, 0x70, 0x0, 0x8f, 0xff, 0xf7, 0x0,
    0x0, 0x0, 0x44, 0x10, 0x0, 0x0, 0x0, 0x0,
    0x0, 0x0, 0x0, 0x0, 0x0, 0x0, 0x0, 0x0,
    0x0, 0x0, 0x0, 0x0, 0x0, 0x0, 0x0, 0x0,
    0x0, 0x0, 0x0, 0x0, 0x0, 0x0, 0x0, 0x0,
    0x0, 0x0, 0x0, 0x0, 0x0, 0x33, 0x0, 0x0,
    0x0, 0x8f, 0xff, 0xf8, 0x0, 0x7, 0xff, 0xff,
    0xff, 0x70, 0xe, 0xff, 0xff, 0xff, 0xe0, 0x2f,
    0xff, 0xff, 0xff, 0xf1, 0x1f, 0xff, 0xff, 0xff,
    0xf1, 0xd, 0xff, 0xff, 0xff, 0xd0, 0x4, 0xff,
    0xff, 0xff, 0x40, 0x0, 0x3b, 0xff, 0xb3, 0x0,

    /* U+003B ";" */
    0x0, 0x0, 0x21, 0x0, 0x0, 0x0, 0x8f, 0xff,
    0xd4, 0x0, 0xc, 0xff, 0xff, 0xff, 0x50, 0x7f,
    0xff, 0xff, 0xff, 0xf1, 0xdf, 0xff, 0xff, 0xff,
    0xf6, 0xef, 0xff, 0xff, 0xff, 0xf7, 0xcf, 0xff,
    0xff, 0xff, 0xf5, 0x6f, 0xff, 0xff, 0xff, 0xe0,
    0xb, 0xff, 0xff, 0xff, 0x40, 0x0, 0x7d, 0xfe,
    0xb3, 0x0, 0x0, 0x0, 0x0, 0x0, 0x0, 0x0,
    0x0, 0x0, 0x0, 0x0, 0x0, 0x0, 0x0, 0x0,
    0x0, 0x0, 0x0, 0x0, 0x0, 0x0, 0x0, 0x0,
    0x0, 0x0, 0x0, 0x0, 0x0, 0x0, 0x0, 0x0,
    0x3, 0x77, 0x77, 0x77, 0x20, 0xa, 0xff, 0xff,
    0xff, 0x50, 0xc, 0xff, 0xff, 0xff, 0x10, 0xd,
    0xff, 0xff, 0xfd, 0x0, 0xe, 0xff, 0xff, 0xfa,
    0x0, 0xf, 0xff, 0xff, 0xf6, 0x0, 0x1f, 0xff,
    0xff, 0xf2, 0x0, 0x2f, 0xff, 0xff, 0xe0, 0x0,
    0x3f, 0xff, 0xff, 0xa0, 0x0, 0x5f, 0xff, 0xff,
    0x70, 0x0, 0x6f, 0xff, 0xff, 0x30, 0x0, 0x7f,
    0xff, 0xff, 0x0, 0x0, 0x7f, 0xff, 0xfa, 0x0,
    0x0,

    /* U+003C "<" */
    0x0, 0x0, 0x0, 0x0, 0x0, 0x0, 0x0, 0x0,
    0x0, 0x3, 0x0, 0x0, 0x0, 0x0, 0x0, 0x0,
    0x0, 0x0, 0x18, 0xee, 0x0, 0x0, 0x0, 0x0,
    0x0, 0x0, 0x0, 0x3a, 0xff, 0xfe, 0x0, 0x0,
    0x0, 0x0, 0x0, 0x0, 0x5c, 0xff, 0xff, 0xfe,
    0x0, 0x0, 0x0, 0x0, 0x1, 0x7e, 0xff, 0xff,
    0xff, 0xfe, 0x0, 0x0, 0x0, 0x2, 0x9f, 0xff,
    0xff, 0xff, 0xff, 0xfe, 0x0, 0x0, 0x4, 0xbf,
    0xff, 0xff, 0xff, 0xff, 0xff, 0xfe, 0x0, 0x6,
    0xdf, 0xff, 0xff, 0xff, 0xff, 0xff, 0xff, 0xfd,
    0x18, 0xef, 0xff, 0xff, 0xff, 0xff, 0xff, 0xff,
    0xfd, 0x71, 0xdf, 0xff, 0xff, 0xff, 0xff, 0xff,
    0xff, 0xf9, 0x30, 0x0, 0xef, 0xff, 0xff, 0xff,
    0xff, 0xff, 0xc6, 0x0, 0x0, 0x0, 0xef, 0xff,
    0xff, 0xff, 0xfe, 0x82, 0x0, 0x0, 0x0, 0x0,
    0xef, 0xff, 0xff, 0xff, 0xa0, 0x0, 0x0, 0x0,
    0x0, 0x0, 0xef, 0xff, 0xff, 0xff, 0xfe, 0x93,
    0x0, 0x0, 0x0, 0x0, 0xef, 0xff, 0xff, 0xff,
    0xff, 0xff, 0xd7, 0x10, 0x0, 0x0, 0xdf, 0xff,
    0xff, 0xff, 0xff, 0xff, 0xff, 0xfb, 0x50, 0x0,
    0x17, 0xef, 0xff, 0xff, 0xff, 0xff, 0xff, 0xff,
    0xfe, 0x92, 0x0, 0x5, 0xcf, 0xff, 0xff, 0xff,
    0xff, 0xff, 0xff, 0xfe, 0x0, 0x0, 0x3, 0xaf,
    0xff, 0xff, 0xff, 0xff, 0xff, 0xfe, 0x0, 0x0,
    0x0, 0x1, 0x8e, 0xff, 0xff, 0xff, 0xff, 0xfe,
    0x0, 0x0, 0x0, 0x0, 0x0, 0x6d, 0xff, 0xff,
    0xff, 0xfe, 0x0, 0x0, 0x0, 0x0, 0x0, 0x0,
    0x4b, 0xff, 0xff, 0xfe, 0x0, 0x0, 0x0, 0x0,
    0x0, 0x0, 0x0, 0x29, 0xff, 0xfe, 0x0, 0x0,
    0x0, 0x0, 0x0, 0x0, 0x0, 0x0, 0x17, 0xee,
    0x0, 0x0, 0x0, 0x0, 0x0, 0x0, 0x0, 0x0,
    0x0, 0x2,

    /* U+003D "=" */
    0xcf, 0xff, 0xff, 0xff, 0xff, 0xff, 0xff, 0xff,
    0xff, 0xfd, 0xef, 0xff, 0xff, 0xff, 0xff, 0xff,
    0xff, 0xff, 0xff, 0xfe, 0xef, 0xff, 0xff, 0xff,
    0xff, 0xff, 0xff, 0xff, 0xff, 0xfe, 0xef, 0xff,
    0xff, 0xff, 0xff, 0xff, 0xff, 0xff, 0xff, 0xfe,
    0xef, 0xff, 0xff, 0xff, 0xff, 0xff, 0xff, 0xff,
    0xff, 0xfe, 0xef, 0xff, 0xff, 0xff, 0xff, 0xff,
    0xff, 0xff, 0xff, 0xfe, 0x35, 0x55, 0x55, 0x55,
    0x55, 0x55, 0x55, 0x55, 0x55, 0x53, 0x0, 0x0,
    0x0, 0x0, 0x0, 0x0, 0x0, 0x0, 0x0, 0x0,
    0x35, 0x55, 0x55, 0x55, 0x55, 0x55, 0x55, 0x55,
    0x55, 0x53, 0xef, 0xff, 0xff, 0xff, 0xff, 0xff,
    0xff, 0xff, 0xff, 0xfe, 0xef, 0xff, 0xff, 0xff,
    0xff, 0xff, 0xff, 0xff, 0xff, 0xfe, 0xef, 0xff,
    0xff, 0xff, 0xff, 0xff, 0xff, 0xff, 0xff, 0xfe,
    0xef, 0xff, 0xff, 0xff, 0xff, 0xff, 0xff, 0xff,
    0xff, 0xfe, 0xef, 0xff, 0xff, 0xff, 0xff, 0xff,
    0xff, 0xff, 0xff, 0xfe, 0xcf, 0xff, 0xff, 0xff,
    0xff, 0xff, 0xff, 0xff, 0xff, 0xfd,

    /* U+003E ">" */
    0x30, 0x0, 0x0, 0x0, 0x0, 0x0, 0x0, 0x0,
    0x0, 0x0, 0xee, 0x81, 0x0, 0x0, 0x0, 0x0,
    0x0, 0x0, 0x0, 0x0, 0xef, 0xff, 0xa3, 0x0,
    0x0, 0x0, 0x0, 0x0, 0x0, 0x0, 0xef, 0xff,
    0xff, 0xc5, 0x0, 0x0, 0x0, 0x0, 0x0, 0x0,
    0xef, 0xff, 0xff, 0xff, 0xe7, 0x10, 0x0, 0x0,
    0x0, 0x0, 0xef, 0xff, 0xff, 0xff, 0xff, 0xf9,
    0x20, 0x0, 0x0, 0x0, 0xef, 0xff, 0xff, 0xff,
    0xff, 0xff, 0xfb, 0x40, 0x0, 0x0, 0xdf, 0xff,
    0xff, 0xff, 0xff, 0xff, 0xff, 0xfd, 0x60, 0x0,
    0x17, 0xdf, 0xff, 0xff, 0xff, 0xff, 0xff, 0xff,
    0xfe, 0x81, 0x0, 0x3, 0x9f, 0xff, 0xff, 0xff,
    0xff, 0xff, 0xff, 0xfd, 0x0, 0x0, 0x0, 0x6c,
    0xff, 0xff, 0xff, 0xff, 0xff, 0xfe, 0x0, 0x0,
    0x0, 0x0, 0x28, 0xef, 0xff, 0xff, 0xff, 0xfe,
    0x0, 0x0, 0x0, 0x0, 0x0, 0xa, 0xff, 0xff,
    0xff, 0xfe, 0x0, 0x0, 0x0, 0x0, 0x39, 0xef,
    0xff, 0xff, 0xff, 0xfe, 0x0, 0x0, 0x1, 0x7d,
    0xff, 0xff, 0xff, 0xff, 0xff, 0xfe, 0x0, 0x4,
    0xaf, 0xff, 0xff, 0xff, 0xff, 0xff, 0xff, 0xfd,
    0x28, 0xef, 0xff, 0xff, 0xff, 0xff, 0xff, 0xff,
    0xfe, 0x71, 0xdf, 0xff, 0xff, 0xff, 0xff, 0xff,
    0xff, 0xfc, 0x50, 0x0, 0xef, 0xff, 0xff, 0xff,
    0xff, 0xff, 0xfa, 0x30, 0x0, 0x0, 0xef, 0xff,
    0xff, 0xff, 0xff, 0xe8, 0x10, 0x0, 0x0, 0x0,
    0xef, 0xff, 0xff, 0xff, 0xd6, 0x0, 0x0, 0x0,
    0x0, 0x0, 0xef, 0xff, 0xff, 0xb4, 0x0, 0x0,
    0x0, 0x0, 0x0, 0x0, 0xef, 0xff, 0x92, 0x0,
    0x0, 0x0, 0x0, 0x0, 0x0, 0x0, 0xee, 0x71,
    0x0, 0x0, 0x0, 0x0, 0x0, 0x0, 0x0, 0x0,
    0x30, 0x0, 0x0, 0x0, 0x0, 0x0, 0x0, 0x0,
    0x0, 0x0,

    /* U+003F "?" */
    0x0, 0x0, 0x0, 0x2, 0x7b, 0xef, 0xff, 0xda,
    0x61, 0x0, 0x0, 0x0, 0x0, 0x0, 0x3, 0xcf,
    0xff, 0xff, 0xff, 0xff, 0xff, 0x91, 0x0, 0x0,
    0x0, 0x0, 0x8f, 0xff, 0xff, 0xff, 0xff, 0xff,
    0xff, 0xfe, 0x30, 0x0, 0x0, 0x9, 0xff, 0xff,
    0xff, 0xff, 0xff, 0xff, 0xff, 0xff, 0xf3, 0x0,
    0x0, 0x6f, 0xff, 0xff, 0xff, 0xff, 0xff, 0xff,
    0xff, 0xff, 0xfd, 0x0, 0x1, 0xef, 0xff, 0xff,
    0xff, 0xff, 0xff, 0xff, 0xff, 0xff, 0xff, 0x60,
    0x7, 0xff, 0xff, 0xff, 0xff, 0xff, 0xff, 0xff,
    0xff, 0xff, 0xff, 0xc0, 0xc, 0xff, 0xff, 0xff,
    0xff, 0x84, 0x47, 0xef, 0xff, 0xff, 0xff, 0xf0,
    0xf, 0xff, 0xff, 0xff, 0xf5, 0x0, 0x0, 0x4f,
    0xff, 0xff, 0xff, 0xf2, 0xf, 0xff, 0xff, 0xff,
    0xf0, 0x0, 0x0, 0xe, 0xff, 0xff, 0xff, 0xf2,
    0xd, 0xee, 0xee, 0xee, 0xb0, 0x0, 0x0, 0xf,
    0xff, 0xff, 0xff, 0xf1, 0x0, 0x0, 0x0, 0x0,
    0x0, 0x0, 0x0, 0x8f, 0xff, 0xff, 0xff, 0xe0,
    0x0, 0x0, 0x0, 0x0, 0x0, 0x0, 0x8, 0xff,
    0xff, 0xff, 0xff, 0x80, 0x0, 0x0, 0x0, 0x0,
    0x0, 0x1, 0xbf, 0xff, 0xff, 0xff, 0xff, 0x10,
    0x0, 0x0, 0x0, 0x0, 0x0, 0x4e, 0xff, 0xff,
    0xff, 0xff, 0xf5, 0x0, 0x0, 0x0, 0x0, 0x0,
    0x7, 0xff, 0xff, 0xff, 0xff, 0xff, 0x50, 0x0,
    0x0, 0x0, 0x0, 0x0, 0x5f, 0xff, 0xff, 0xff,
    0xff, 0xd3, 0x0, 0x0, 0x0, 0x0, 0x0, 0x0,
    0xef, 0xff, 0xff, 0xff, 0xf9, 0x0, 0x0, 0x0,
    0x0, 0x0, 0x0, 0x5, 0xff, 0xff, 0xff, 0xff,
    0x60, 0x0, 0x0, 0x0, 0x0, 0x0, 0x0, 0x9,
    0xff, 0xff, 0xff, 0xfa, 0x0, 0x0, 0x0, 0x0,
    0x0, 0x0, 0x0, 0xa, 0xff, 0xff, 0xff, 0xf5,
    0x0, 0x0, 0x0, 0x0, 0x0, 0x0, 0x0, 0x9,
    0xff, 0xff, 0xff, 0xf3, 0x0, 0x0, 0x0, 0x0,
    0x0, 0x0, 0x0, 0x0, 0x11, 0x11, 0x11, 0x0,
    0x0, 0x0, 0x0, 0x0, 0x0, 0x0, 0x0, 0x0,
    0x0, 0x0, 0x0, 0x0, 0x0, 0x0, 0x0, 0x0,
    0x0, 0x0, 0x0, 0x0, 0x0, 0x34, 0x10, 0x0,
    0x0, 0x0, 0x0, 0x0, 0x0, 0x0, 0x0, 0x0,
    0x6e, 0xff, 0xfa, 0x0, 0x0, 0x0, 0x0, 0x0,
    0x0, 0x0, 0x0, 0x4, 0xff, 0xff, 0xff, 0xa0,
    0x0, 0x0, 0x0, 0x0, 0x0, 0x0, 0x0, 0xc,
    0xff, 0xff, 0xff, 0xf2, 0x0, 0x0, 0x0, 0x0,
    0x0, 0x0, 0x0, 0xf, 0xff, 0xff, 0xff, 0xf5,
    0x0, 0x0, 0x0, 0x0, 0x0, 0x0, 0x0, 0xe,
    0xff, 0xff, 0xff, 0xf4, 0x0, 0x0, 0x0, 0x0,
    0x0, 0x0, 0x0, 0xa, 0xff, 0xff, 0xff, 0xf1,
    0x0, 0x0, 0x0, 0x0, 0x0, 0x0, 0x0, 0x2,
    0xef, 0xff, 0xff, 0x60, 0x0, 0x0, 0x0, 0x0,
    0x0, 0x0, 0x0, 0x0, 0x2a, 0xef, 0xc5, 0x0,
    0x0, 0x0, 0x0, 0x0,

    /* U+0040 "@" */
    0x0, 0x0, 0x0, 0x0, 0x0, 0x0, 0x0, 0x4,
    0x7a, 0xbc, 0xcb, 0xa7, 0x40, 0x0, 0x0, 0x0,
    0x0, 0x0, 0x0, 0x0, 0x0, 0x0, 0x0, 0x0,
    0x4a, 0xff, 0xff, 0xff, 0xff, 0xff, 0xff, 0xa3,
    0x0, 0x0, 0x0, 0x0, 0x0, 0x0, 0x0, 0x0,
    0x0, 0x4d, 0xff, 0xff, 0xff, 0xff, 0xff, 0xff,
    0xff, 0xff, 0xa1, 0x0, 0x0, 0x0, 0x0, 0x0,
    0x0, 0x0, 0x1a, 0xff, 0xff, 0xff, 0xff, 0xff,
    0xff, 0xff, 0xff, 0xff, 0xfe, 0x40, 0x0, 0x0,
    0x0, 0x0, 0x0, 0x3, 0xef, 0xff, 0xff, 0xff,
    0xff, 0xff, 0xff, 0xff, 0xff, 0xff, 0xff, 0xf5,
    0x0, 0x0, 0x0, 0x0, 0x0, 0x4f, 0xff, 0xff,
    0xff, 0xfa, 0x62, 0x10, 0x12, 0x59, 0xff, 0xff,
    0xff, 0xff, 0x40, 0x0, 0x0, 0x0, 0x4, 0xff,
    0xff, 0xff, 0xf8, 0x10, 0x0, 0x0, 0x0, 0x0,
    0x18, 0xff, 0xff, 0xff, 0xe1, 0x0, 0x0, 0x0,
    0x2f, 0xff, 0xff, 0xfd, 0x20, 0x0, 0x0, 0x0,
    0x0, 0x0, 0x0, 0x4f, 0xff, 0xff, 0xf8, 0x0,
    0x0, 0x0, 0xcf, 0xff, 0xff, 0xb0, 0x0, 0x0,
    0x0, 0x0, 0x0, 0x0, 0x0, 0x5, 0xff, 0xff,
    0xff, 0x10, 0x0, 0x7, 0xff, 0xff, 0xfb, 0x0,
    0x0, 0x26, 0x76, 0x20, 0x23, 0x33, 0x30, 0x0,
    0xaf, 0xff, 0xff, 0x60, 0x0, 0x1f, 0xff, 0xff,
    0xe1, 0x0, 0x1a, 0xff, 0xff, 0xfa, 0xff, 0xff,
    0xf4, 0x0, 0x2f, 0xff, 0xff, 0xb0, 0x0, 0x9f,
    0xff, 0xff, 0x30, 0x0, 0xdf, 0xff, 0xff, 0xff,
    0xff, 0xff, 0xf2, 0x0, 0xc, 0xff, 0xff, 0xf0,
    0x0, 0xff, 0xff, 0xfa, 0x0, 0x8, 0xff, 0xff,
    0xff, 0xff, 0xff, 0xff, 0xf0, 0x0, 0x8, 0xff,
    0xff, 0xf2, 0x6, 0xff, 0xff, 0xf2, 0x0, 0x1f,
    0xff, 0xff, 0xff, 0xff, 0xff, 0xff, 0xe0, 0x0,
    0x6, 0xff, 0xff, 0xf3, 0xb, 0xff, 0xff, 0xb0,
    0x0, 0x6f, 0xff, 0xff, 0x50, 0x6f, 0xff, 0xff,
    0xb0, 0x0, 0x5, 0xff, 0xff, 0xf4, 0xf, 0xff,
    0xff, 0x60, 0x0, 0xbf, 0xff, 0xfa, 0x0, 0xf,
    0xff, 0xff, 0x90, 0x0, 0x4, 0xff, 0xff, 0xf3,
    0x3f, 0xff, 0xff, 0x10, 0x0, 0xff, 0xff, 0xf5,
    0x0, 0xf, 0xff, 0xff, 0x70, 0x0, 0x5, 0xff,
    0xff, 0xf2, 0x6f, 0xff, 0xfe, 0x0, 0x2, 0xff,
    0xff, 0xf2, 0x0, 0xf, 0xff, 0xff, 0x50, 0x0,
    0x7, 0xff, 0xff, 0xf1, 0x8f, 0xff, 0xfc, 0x0,
    0x4, 0xff, 0xff, 0xf0, 0x0, 0x1f, 0xff, 0xff,
    0x30, 0x0, 0xa, 0xff, 0xff, 0xe0, 0x9f, 0xff,
    0xfb, 0x0, 0x5, 0xff, 0xff, 0xe0, 0x0, 0x4f,
    0xff, 0xff, 0x20, 0x0, 0xe, 0xff, 0xff, 0xb0,
    0xaf, 0xff, 0xfa, 0x0, 0x7, 0xff, 0xff, 0xd0,
    0x0, 0x7f, 0xff, 0xff, 0x40, 0x0, 0x5f, 0xff,
    0xff, 0x60, 0xaf, 0xff, 0xfa, 0x0, 0x7, 0xff,
    0xff, 0xe0, 0x0, 0xbf, 0xff, 0xff, 0xa0, 0x1,
    0xdf, 0xff, 0xff, 0x10, 0x9f, 0xff, 0xfc, 0x0,
    0x6, 0xff, 0xff, 0xf5, 0x6, 0xff, 0xff, 0xff,
    0xfb, 0x9e, 0xff, 0xff, 0xf8, 0x0, 0x8f, 0xff,
    0xff, 0x0, 0x3, 0xff, 0xff, 0xff, 0xff, 0xff,
    0xff, 0xff, 0xff, 0xff, 0xff, 0xff, 0xe1, 0x0,
    0x5f, 0xff, 0xff, 0x30, 0x0, 0xdf, 0xff, 0xff,
    0xff, 0xff, 0xff, 0xff, 0xff, 0xff, 0xff, 0xff,
    0x30, 0x0, 0x1f, 0xff, 0xff, 0xa0, 0x0, 0x4f,
    0xff, 0xff, 0xff, 0xfe, 0xaf, 0xff, 0xff, 0xff,
    0xff, 0xe3, 0x0, 0x0, 0xc, 0xff, 0xff, 0xf2,
    0x0, 0x4, 0xef, 0xff, 0xff, 0xa2, 0x5, 0xdf,
    0xff, 0xff, 0xe8, 0x10, 0x0, 0x0, 0x6, 0xff,
    0xff, 0xfd, 0x0, 0x0, 0x3, 0x55, 0x30, 0x0,
    0x0, 0x2, 0x45, 0x42, 0x0, 0x0, 0x0, 0x0,
    0x0, 0xef, 0xff, 0xff, 0xc1, 0x0, 0x0, 0x0,
    0x0, 0x0, 0x0, 0x0, 0x0, 0x0, 0x0, 0x0,
    0x0, 0x0, 0x0, 0x5f, 0xff, 0xff, 0xfd, 0x40,
    0x0, 0x0, 0x0, 0x0, 0x8, 0xc0, 0x0, 0x0,
    0x0, 0x0, 0x0, 0x0, 0x0, 0xa, 0xff, 0xff,
    0xff, 0xfc, 0x73, 0x10, 0x2, 0x5a, 0xff, 0xf9,
    0x0, 0x0, 0x0, 0x0, 0x0, 0x0, 0x0, 0x0,
    0xcf, 0xff, 0xff, 0xff, 0xff, 0xff, 0xff, 0xff,
    0xff, 0xff, 0x40, 0x0, 0x0, 0x0, 0x0, 0x0,
    0x0, 0x0, 0xb, 0xff, 0xff, 0xff, 0xff, 0xff,
    0xff, 0xff, 0xff, 0xff, 0xd0, 0x0, 0x0, 0x0,
    0x0, 0x0, 0x0, 0x0, 0x0, 0x8f, 0xff, 0xff,
    0xff, 0xff, 0xff, 0xff, 0xff, 0xfb, 0x20, 0x0,
    0x0, 0x0, 0x0, 0x0, 0x0, 0x0, 0x0, 0x2,
    0xaf, 0xff, 0xff, 0xff, 0xff, 0xff, 0xfa, 0x40,
    0x0, 0x0, 0x0, 0x0, 0x0, 0x0, 0x0, 0x0,
    0x0, 0x0, 0x1, 0x6a, 0xde, 0xff, 0xdc, 0x95,
    0x10, 0x0, 0x0, 0x0, 0x0, 0x0, 0x0, 0x0,

    /* U+0041 "A" */
    0x0, 0x0, 0x0, 0x0, 0x6, 0xff, 0xff, 0xff,
    0xff, 0xf4, 0x0, 0x0, 0x0, 0x0, 0x0, 0x0,
    0x0, 0x0, 0xb, 0xff, 0xff, 0xff, 0xff, 0xf9,
    0x0, 0x0, 0x0, 0x0, 0x0, 0x0, 0x0, 0x0,
    0xf, 0xff, 0xff, 0xff, 0xff, 0xfd, 0x0, 0x0,
    0x0, 0x0, 0x0, 0x0, 0x0, 0x0, 0x4f, 0xff,
    0xff, 0xff, 0xff, 0xff, 0x10, 0x0, 0x0, 0x0,
    0x0, 0x0, 0x0, 0x0, 0x8f, 0xff, 0xff, 0xff,
    0xff, 0xff, 0x60, 0x0, 0x0, 0x0, 0x0, 0x0,
    0x0, 0x0, 0xcf, 0xff, 0xff, 0xff, 0xff, 0xff,
    0xa0, 0x0, 0x0, 0x0, 0x0, 0x0, 0x0, 0x1,
    0xff, 0xff, 0xff, 0xff, 0xff, 0xff, 0xe0, 0x0,
    0x0, 0x0, 0x0, 0x0, 0x0, 0x5, 0xff, 0xff,
    0xff, 0xff, 0xff, 0xff, 0xf3, 0x0, 0x0, 0x0,
    0x0, 0x0, 0x0, 0x9, 0xff, 0xff, 0xff, 0xff,
    0xff, 0xff, 0xf7, 0x0, 0x0, 0x0, 0x0, 0x0,
    0x0, 0xe, 0xff, 0xff, 0xff, 0xff, 0xff, 0xff,
    0xfb, 0x0, 0x0, 0x0, 0x0, 0x0, 0x0, 0x2f,
    0xff, 0xff, 0xff, 0x7f, 0xff, 0xff, 0xff, 0x0,
    0x0, 0x0, 0x0, 0x0, 0x0, 0x6f, 0xff, 0xff,
    0xfc, 0x3f, 0xff, 0xff, 0xff, 0x40, 0x0, 0x0,
    0x0, 0x0, 0x0, 0xbf, 0xff, 0xff, 0xf9, 0xf,
    0xff, 0xff, 0xff, 0x80, 0x0, 0x0, 0x0, 0x0,
    0x0, 0xff, 0xff, 0xff, 0xf5, 0xb, 0xff, 0xff,
    0xff, 0xc0, 0x0, 0x0, 0x0, 0x0, 0x3, 0xff,
    0xff, 0xff, 0xf2, 0x8, 0xff, 0xff, 0xff, 0xf1,
    0x0, 0x0, 0x0, 0x0, 0x8, 0xff, 0xff, 0xff,
    0xe0, 0x4, 0xff, 0xff, 0xff, 0xf5, 0x0, 0x0,
    0x0, 0x0, 0xc, 0xff, 0xff, 0xff, 0xa0, 0x0,
    0xff, 0xff, 0xff, 0xf9, 0x0, 0x0, 0x0, 0x0,
    0xf, 0xff, 0xff, 0xff, 0x70, 0x0, 0xdf, 0xff,
    0xff, 0xfe, 0x0, 0x0, 0x0, 0x0, 0x4f, 0xff,
    0xff, 0xff, 0x30, 0x0, 0x9f, 0xff, 0xff, 0xff,
    0x20, 0x0, 0x0, 0x0, 0x9f, 0xff, 0xff, 0xff,
    0x0, 0x0, 0x5f, 0xff, 0xff, 0xff, 0x60, 0x0,
    0x0, 0x0, 0xdf, 0xff, 0xff, 0xfc, 0x0, 0x0,
    0x2f, 0xff, 0xff, 0xff, 0xb0, 0x0, 0x0, 0x1,
    0xff, 0xff, 0xff, 0xf9, 0x0, 0x0, 0xe, 0xff,
    0xff, 0xff, 0xf0, 0x0, 0x0, 0x6, 0xff, 0xff,
    0xff, 0xff, 0xff, 0xff, 0xff, 0xff, 0xff, 0xff,
    0xf3, 0x0, 0x0, 0xa, 0xff, 0xff, 0xff, 0xff,
    0xff, 0xff, 0xff, 0xff, 0xff, 0xff, 0xf7, 0x0,
    0x0, 0xe, 0xff, 0xff, 0xff, 0xff, 0xff, 0xff,
    0xff, 0xff, 0xff, 0xff, 0xfc, 0x0, 0x0, 0x3f,
    0xff, 0xff, 0xff, 0xff, 0xff, 0xff, 0xff, 0xff,
    0xff, 0xff, 0xff, 0x0, 0x0, 0x7f, 0xff, 0xff,
    0xff, 0xff, 0xff, 0xff, 0xff, 0xff, 0xff, 0xff,
    0xff, 0x40, 0x0, 0xbf, 0xff, 0xff, 0xff, 0xff,
    0xff, 0xff, 0xff, 0xff, 0xff, 0xff, 0xff, 0x90,
    0x0, 0xff, 0xff, 0xff, 0xff, 0x21, 0x11, 0x11,
    0x11, 0x5f, 0xff, 0xff, 0xff, 0xd0, 0x4, 0xff,
    0xff, 0xff, 0xfc, 0x0, 0x0, 0x0, 0x0, 0xf,
    0xff, 0xff, 0xff, 0xf1, 0x8, 0xff, 0xff, 0xff,
    0xf9, 0x0, 0x0, 0x0, 0x0, 0xd, 0xff, 0xff,
    0xff, 0xf6, 0xd, 0xff, 0xff, 0xff, 0xf5, 0x0,
    0x0, 0x0, 0x0, 0x9, 0xff, 0xff, 0xff, 0xfa,
    0xf, 0xff, 0xff, 0xff, 0xf1, 0x0, 0x0, 0x0,
    0x0, 0x5, 0xff, 0xff, 0xff, 0xfd,

    /* U+0042 "B" */
    0xef, 0xff, 0xff, 0xff, 0xff, 0xff, 0xed, 0xa7,
    0x30, 0x0, 0x0, 0xf, 0xff, 0xff, 0xff, 0xff,
    0xff, 0xff, 0xff, 0xff, 0xd4, 0x0, 0x0, 0xff,
    0xff, 0xff, 0xff, 0xff, 0xff, 0xff, 0xff, 0xff,
    0xf9, 0x0, 0xf, 0xff, 0xff, 0xff, 0xff, 0xff,
    0xff, 0xff, 0xff, 0xff, 0xf9, 0x0, 0xff, 0xff,
    0xff, 0xff, 0xff, 0xff, 0xff, 0xff, 0xff, 0xff,
    0xf3, 0xf, 0xff, 0xff, 0xff, 0xff, 0xff, 0xff,
    0xff, 0xff, 0xff, 0xff, 0xa0, 0xff, 0xff, 0xff,
    0xff, 0xcc, 0xcd, 0xff, 0xff, 0xff, 0xff, 0xff,
    0xf, 0xff, 0xff, 0xff, 0xf0, 0x0, 0x0, 0x9f,
    0xff, 0xff, 0xff, 0xf2, 0xff, 0xff, 0xff, 0xff,
    0x0, 0x0, 0x0, 0xcf, 0xff, 0xff, 0xff, 0x3f,
    0xff, 0xff, 0xff, 0xf0, 0x0, 0x0, 0x8, 0xff,
    0xff, 0xff, 0xf3, 0xff, 0xff, 0xff, 0xff, 0x0,
    0x0, 0x0, 0x9f, 0xff, 0xff, 0xff, 0x2f, 0xff,
    0xff, 0xff, 0xf0, 0x0, 0x0, 0xd, 0xff, 0xff,
    0xff, 0xf0, 0xff, 0xff, 0xff, 0xff, 0x0, 0x0,
    0x3c, 0xff, 0xff, 0xff, 0xfa, 0xf, 0xff, 0xff,
    0xff, 0xff, 0xff, 0xff, 0xff, 0xff, 0xff, 0xff,
    0x30, 0xff, 0xff, 0xff, 0xff, 0xff, 0xff, 0xff,
    0xff, 0xff, 0xff, 0x60, 0xf, 0xff, 0xff, 0xff,
    0xff, 0xff, 0xff, 0xff, 0xff, 0xff, 0x50, 0x0,
    0xff, 0xff, 0xff, 0xff, 0xff, 0xff, 0xff, 0xff,
    0xff, 0xf6, 0x0, 0xf, 0xff, 0xff, 0xff, 0xff,
    0xff, 0xff, 0xff, 0xff, 0xff, 0xf8, 0x0, 0xff,
    0xff, 0xff, 0xff, 0xff, 0xff, 0xff, 0xff, 0xff,
    0xff, 0xf5, 0xf, 0xff, 0xff, 0xff, 0xf1, 0x11,
    0x14, 0xbf, 0xff, 0xff, 0xff, 0xe0, 0xff, 0xff,
    0xff, 0xff, 0x0, 0x0, 0x0, 0xcf, 0xff, 0xff,
    0xff, 0x4f, 0xff, 0xff, 0xff, 0xf0, 0x0, 0x0,
    0x5, 0xff, 0xff, 0xff, 0xf9, 0xff, 0xff, 0xff,
    0xff, 0x0, 0x0, 0x0, 0x3f, 0xff, 0xff, 0xff,
    0xbf, 0xff, 0xff, 0xff, 0xf0, 0x0, 0x0, 0x4,
    0xff, 0xff, 0xff, 0xfc, 0xff, 0xff, 0xff, 0xff,
    0x0, 0x0, 0x0, 0x9f, 0xff, 0xff, 0xff, 0xbf,
    0xff, 0xff, 0xff, 0xf0, 0x0, 0x0, 0x7f, 0xff,
    0xff, 0xff, 0xfa, 0xff, 0xff, 0xff, 0xff, 0xdd,
    0xdd, 0xff, 0xff, 0xff, 0xff, 0xff, 0x6f, 0xff,
    0xff, 0xff, 0xff, 0xff, 0xff, 0xff, 0xff, 0xff,
    0xff, 0xf1, 0xff, 0xff, 0xff, 0xff, 0xff, 0xff,
    0xff, 0xff, 0xff, 0xff, 0xf9, 0xf, 0xff, 0xff,
    0xff, 0xff, 0xff, 0xff, 0xff, 0xff, 0xff, 0xfd,
    0x0, 0xff, 0xff, 0xff, 0xff, 0xff, 0xff, 0xff,
    0xff, 0xff, 0xfc, 0x10, 0xf, 0xff, 0xff, 0xff,
    0xff, 0xff, 0xff, 0xff, 0xff, 0xe6, 0x0, 0x0,
    0xef, 0xff, 0xff, 0xff, 0xff, 0xff, 0xfe, 0xc9,
    0x40, 0x0, 0x0, 0x0,

    /* U+0043 "C" */
    0x0, 0x0, 0x0, 0x4, 0x9c, 0xef, 0xfe, 0xc9,
    0x50, 0x0, 0x0, 0x0, 0x0, 0x0, 0x6, 0xef,
    0xff, 0xff, 0xff, 0xff, 0xfe, 0x70, 0x0, 0x0,
    0x0, 0x1, 0xcf, 0xff, 0xff, 0xff, 0xff, 0xff,
    0xff, 0xfc, 0x20, 0x0, 0x0, 0x1d, 0xff, 0xff,
    0xff, 0xff, 0xff, 0xff, 0xff, 0xff, 0xe1, 0x0,
    0x0, 0xbf, 0xff, 0xff, 0xff, 0xff, 0xff, 0xff,
    0xff, 0xff, 0xfc, 0x0, 0x5, 0xff, 0xff, 0xff,
    0xff, 0xff, 0xff, 0xff, 0xff, 0xff, 0xff, 0x50,
    0xc, 0xff, 0xff, 0xff, 0xff, 0xfd, 0xdf, 0xff,
    0xff, 0xff, 0xff, 0xc0, 0x1f, 0xff, 0xff, 0xff,
    0xfb, 0x10, 0x1, 0xbf, 0xff, 0xff, 0xff, 0xf1,
    0x4f, 0xff, 0xff, 0xff, 0xe0, 0x0, 0x0, 0xd,
    0xff, 0xff, 0xff, 0xf5, 0x6f, 0xff, 0xff, 0xff,
    0x90, 0x0, 0x0, 0x9, 0xff, 0xff, 0xff, 0xf6,
    0x7f, 0xff, 0xff, 0xff, 0x80, 0x0, 0x0, 0x7,
    0xff, 0xff, 0xff, 0xf7, 0x7f, 0xff, 0xff, 0xff,
    0x80, 0x0, 0x0, 0x0, 0x22, 0x22, 0x22, 0x20,
    0x7f, 0xff, 0xff, 0xff, 0x80, 0x0, 0x0, 0x0,
    0x0, 0x0, 0x0, 0x0, 0x7f, 0xff, 0xff, 0xff,
    0x80, 0x0, 0x0, 0x0, 0x0, 0x0, 0x0, 0x0,
    0x7f, 0xff, 0xff, 0xff, 0x80, 0x0, 0x0, 0x0,
    0x0, 0x0, 0x0, 0x0, 0x7f, 0xff, 0xff, 0xff,
    0x80, 0x0, 0x0, 0x0, 0x0, 0x0, 0x0, 0x0,
    0x7f, 0xff, 0xff, 0xff, 0x80, 0x0, 0x0, 0x0,
    0x0, 0x0, 0x0, 0x0, 0x7f, 0xff, 0xff, 0xff,
    0x80, 0x0, 0x0, 0x0, 0x0, 0x0, 0x0, 0x0,
    0x7f, 0xff, 0xff, 0xff, 0x80, 0x0, 0x0, 0x0,
    0x0, 0x0, 0x0, 0x0, 0x7f, 0xff, 0xff, 0xff,
    0x80, 0x0, 0x0, 0x0, 0x0, 0x0, 0x0, 0x0,
    0x7f, 0xff, 0xff, 0xff, 0x80, 0x0, 0x0, 0x0,
    0x0, 0x0, 0x0, 0x0, 0x7f, 0xff, 0xff, 0xff,
    0x80, 0x0, 0x0, 0x0, 0x22, 0x22, 0x22, 0x20,
    0x7f, 0xff, 0xff, 0xff, 0x80, 0x0, 0x0, 0x7,
    0xff, 0xff, 0xff, 0xf6, 0x6f, 0xff, 0xff, 0xff,
    0x90, 0x0, 0x0, 0x9, 0xff, 0xff, 0xff, 0xf6,
    0x4f, 0xff, 0xff, 0xff, 0xe0, 0x0, 0x0, 0xd,
    0xff, 0xff, 0xff, 0xf4, 0x1f, 0xff, 0xff, 0xff,
    0xfb, 0x10, 0x1, 0xbf, 0xff, 0xff, 0xff, 0xf1,
    0xc, 0xff, 0xff, 0xff, 0xff, 0xfd, 0xdf, 0xff,
    0xff, 0xff, 0xff, 0xc0, 0x5, 0xff, 0xff, 0xff,
    0xff, 0xff, 0xff, 0xff, 0xff, 0xff, 0xff, 0x50,
    0x0, 0xbf, 0xff, 0xff, 0xff, 0xff, 0xff, 0xff,
    0xff, 0xff, 0xfb, 0x0, 0x0, 0x1d, 0xff, 0xff,
    0xff, 0xff, 0xff, 0xff, 0xff, 0xff, 0xd1, 0x0,
    0x0, 0x1, 0xcf, 0xff, 0xff, 0xff, 0xff, 0xff,
    0xff, 0xfc, 0x10, 0x0, 0x0, 0x0, 0x7, 0xef,
    0xff, 0xff, 0xff, 0xff, 0xfe, 0x70, 0x0, 0x0,
    0x0, 0x0, 0x0, 0x5, 0x9c, 0xef, 0xfe, 0xc9,
    0x50, 0x0, 0x0, 0x0,

    /* U+0044 "D" */
    0xef, 0xff, 0xff, 0xff, 0xff, 0xff, 0xfd, 0xa6,
    0x10, 0x0, 0x0, 0xf, 0xff, 0xff, 0xff, 0xff,
    0xff, 0xff, 0xff, 0xff, 0xa2, 0x0, 0x0, 0xff,
    0xff, 0xff, 0xff, 0xff, 0xff, 0xff, 0xff, 0xff,
    0xf5, 0x0, 0xf, 0xff, 0xff, 0xff, 0xff, 0xff,
    0xff, 0xff, 0xff, 0xff, 0xf6, 0x0, 0xff, 0xff,
    0xff, 0xff, 0xff, 0xff, 0xff, 0xff, 0xff, 0xff,
    0xf2, 0xf, 0xff, 0xff, 0xff, 0xff, 0xff, 0xff,
    0xff, 0xff, 0xff, 0xff, 0xb0, 0xff, 0xff, 0xff,
    0xff, 0xcc, 0xcc, 0xff, 0xff, 0xff, 0xff, 0xff,
    0x2f, 0xff, 0xff, 0xff, 0xf0, 0x0, 0x0, 0x9f,
    0xff, 0xff, 0xff, 0xf7, 0xff, 0xff, 0xff, 0xff,
    0x0, 0x0, 0x0, 0xdf, 0xff, 0xff, 0xff, 0x9f,
    0xff, 0xff, 0xff, 0xf0, 0x0, 0x0, 0x6, 0xff,
    0xff, 0xff, 0xfb, 0xff, 0xff, 0xff, 0xff, 0x0,
    0x0, 0x0, 0x4f, 0xff, 0xff, 0xff, 0xbf, 0xff,
    0xff, 0xff, 0xf0, 0x0, 0x0, 0x4, 0xff, 0xff,
    0xff, 0xfb, 0xff, 0xff, 0xff, 0xff, 0x0, 0x0,
    0x0, 0x4f, 0xff, 0xff, 0xff, 0xbf, 0xff, 0xff,
    0xff, 0xf0, 0x0, 0x0, 0x4, 0xff, 0xff, 0xff,
    0xfb, 0xff, 0xff, 0xff, 0xff, 0x0, 0x0, 0x0,
    0x4f, 0xff, 0xff, 0xff, 0xbf, 0xff, 0xff, 0xff,
    0xf0, 0x0, 0x0, 0x4, 0xff, 0xff, 0xff, 0xfb,
    0xff, 0xff, 0xff, 0xff, 0x0, 0x0, 0x0, 0x4f,
    0xff, 0xff, 0xff, 0xbf, 0xff, 0xff, 0xff, 0xf0,
    0x0, 0x0, 0x4, 0xff, 0xff, 0xff, 0xfb, 0xff,
    0xff, 0xff, 0xff, 0x0, 0x0, 0x0, 0x4f, 0xff,
    0xff, 0xff, 0xbf, 0xff, 0xff, 0xff, 0xf0, 0x0,
    0x0, 0x4, 0xff, 0xff, 0xff, 0xfb, 0xff, 0xff,
    0xff, 0xff, 0x0, 0x0, 0x0, 0x4f, 0xff, 0xff,
    0xff, 0xbf, 0xff, 0xff, 0xff, 0xf0, 0x0, 0x0,
    0x4, 0xff, 0xff, 0xff, 0xfb, 0xff, 0xff, 0xff,
    0xff, 0x0, 0x0, 0x0, 0x4f, 0xff, 0xff, 0xff,
    0xbf, 0xff, 0xff, 0xff, 0xf0, 0x0, 0x0, 0x7,
    0xff, 0xff, 0xff, 0xfb, 0xff, 0xff, 0xff, 0xff,
    0x0, 0x0, 0x0, 0xdf, 0xff, 0xff, 0xff, 0x9f,
    0xff, 0xff, 0xff, 0xf0, 0x0, 0x0, 0x9f, 0xff,
    0xff, 0xff, 0xf7, 0xff, 0xff, 0xff, 0xff, 0xcc,
    0xcc, 0xff, 0xff, 0xff, 0xff, 0xff, 0x2f, 0xff,
    0xff, 0xff, 0xff, 0xff, 0xff, 0xff, 0xff, 0xff,
    0xff, 0xb0, 0xff, 0xff, 0xff, 0xff, 0xff, 0xff,
    0xff, 0xff, 0xff, 0xff, 0xf3, 0xf, 0xff, 0xff,
    0xff, 0xff, 0xff, 0xff, 0xff, 0xff, 0xff, 0xf6,
    0x0, 0xff, 0xff, 0xff, 0xff, 0xff, 0xff, 0xff,
    0xff, 0xff, 0xf5, 0x0, 0xf, 0xff, 0xff, 0xff,
    0xff, 0xff, 0xff, 0xff, 0xff, 0xa2, 0x0, 0x0,
    0xef, 0xff, 0xff, 0xff, 0xff, 0xff, 0xfd, 0xa6,
    0x10, 0x0, 0x0, 0x0,

    /* U+0045 "E" */
    0xef, 0xff, 0xff, 0xff, 0xff, 0xff, 0xff, 0xff,
    0xff, 0xff, 0xf1, 0xff, 0xff, 0xff, 0xff, 0xff,
    0xff, 0xff, 0xff, 0xff, 0xff, 0xf3, 0xff, 0xff,
    0xff, 0xff, 0xff, 0xff, 0xff, 0xff, 0xff, 0xff,
    0xf3, 0xff, 0xff, 0xff, 0xff, 0xff, 0xff, 0xff,
    0xff, 0xff, 0xff, 0xf3, 0xff, 0xff, 0xff, 0xff,
    0xff, 0xff, 0xff, 0xff, 0xff, 0xff, 0xf3, 0xff,
    0xff, 0xff, 0xff, 0xff, 0xff, 0xff, 0xff, 0xff,
    0xff, 0xf3, 0xff, 0xff, 0xff, 0xff, 0xcc, 0xcc,
    0xcc, 0xcc, 0xcc, 0xcc, 0xb1, 0xff, 0xff, 0xff,
    0xff, 0x0, 0x0, 0x0, 0x0, 0x0, 0x0, 0x0,
    0xff, 0xff, 0xff, 0xff, 0x0, 0x0, 0x0, 0x0,
    0x0, 0x0, 0x0, 0xff, 0xff, 0xff, 0xff, 0x0,
    0x0, 0x0, 0x0, 0x0, 0x0, 0x0, 0xff, 0xff,
    0xff, 0xff, 0x0, 0x0, 0x0, 0x0, 0x0, 0x0,
    0x0, 0xff, 0xff, 0xff, 0xff, 0x0, 0x0, 0x0,
    0x0, 0x0, 0x0, 0x0, 0xff, 0xff, 0xff, 0xff,
    0x0, 0x0, 0x0, 0x0, 0x0, 0x0, 0x0, 0xff,
    0xff, 0xff, 0xff, 0xff, 0xff, 0xff, 0xff, 0x30,
    0x0, 0x0, 0xff, 0xff, 0xff, 0xff, 0xff, 0xff,
    0xff, 0xff, 0x40, 0x0, 0x0, 0xff, 0xff, 0xff,
    0xff, 0xff, 0xff, 0xff, 0xff, 0x40, 0x0, 0x0,
    0xff, 0xff, 0xff, 0xff, 0xff, 0xff, 0xff, 0xff,
    0x40, 0x0, 0x0, 0xff, 0xff, 0xff, 0xff, 0xff,
    0xff, 0xff, 0xff, 0x40, 0x0, 0x0, 0xff, 0xff,
    0xff, 0xff, 0xff, 0xff, 0xff, 0xff, 0x40, 0x0,
    0x0, 0xff, 0xff, 0xff, 0xff, 0xcc, 0xcc, 0xcc,
    0xcb, 0x20, 0x0, 0x0, 0xff, 0xff, 0xff, 0xff,
    0x0, 0x0, 0x0, 0x0, 0x0, 0x0, 0x0, 0xff,
    0xff, 0xff, 0xff, 0x0, 0x0, 0x0, 0x0, 0x0,
    0x0, 0x0, 0xff, 0xff, 0xff, 0xff, 0x0, 0x0,
    0x0, 0x0, 0x0, 0x0, 0x0, 0xff, 0xff, 0xff,
    0xff, 0x0, 0x0, 0x0, 0x0, 0x0, 0x0, 0x0,
    0xff, 0xff, 0xff, 0xff, 0x0, 0x0, 0x0, 0x0,
    0x0, 0x0, 0x0, 0xff, 0xff, 0xff, 0xff, 0x0,
    0x0, 0x0, 0x0, 0x0, 0x0, 0x0, 0xff, 0xff,
    0xff, 0xff, 0xcc, 0xcc, 0xcc, 0xcc, 0xcc, 0xcc,
    0xb1, 0xff, 0xff, 0xff, 0xff, 0xff, 0xff, 0xff,
    0xff, 0xff, 0xff, 0xf3, 0xff, 0xff, 0xff, 0xff,
    0xff, 0xff, 0xff, 0xff, 0xff, 0xff, 0xf3, 0xff,
    0xff, 0xff, 0xff, 0xff, 0xff, 0xff, 0xff, 0xff,
    0xff, 0xf3, 0xff, 0xff, 0xff, 0xff, 0xff, 0xff,
    0xff, 0xff, 0xff, 0xff, 0xf3, 0xff, 0xff, 0xff,
    0xff, 0xff, 0xff, 0xff, 0xff, 0xff, 0xff, 0xf3,
    0xef, 0xff, 0xff, 0xff, 0xff, 0xff, 0xff, 0xff,
    0xff, 0xff, 0xf1,

    /* U+0046 "F" */
    0xef, 0xff, 0xff, 0xff, 0xff, 0xff, 0xff, 0xff,
    0xff, 0xff, 0xf1, 0xff, 0xff, 0xff, 0xff, 0xff,
    0xff, 0xff, 0xff, 0xff, 0xff, 0xf2, 0xff, 0xff,
    0xff, 0xff, 0xff, 0xff, 0xff, 0xff, 0xff, 0xff,
    0xf2, 0xff, 0xff, 0xff, 0xff, 0xff, 0xff, 0xff,
    0xff, 0xff, 0xff, 0xf2, 0xff, 0xff, 0xff, 0xff,
    0xff, 0xff, 0xff, 0xff, 0xff, 0xff, 0xf2, 0xff,
    0xff, 0xff, 0xff, 0xff, 0xff, 0xff, 0xff, 0xff,
    0xff, 0xf2, 0xff, 0xff, 0xff, 0xff, 0xcc, 0xcc,
    0xcc, 0xcc, 0xcc, 0xcc, 0xb0, 0xff, 0xff, 0xff,
    0xff, 0x0, 0x0, 0x0, 0x0, 0x0, 0x0, 0x0,
    0xff, 0xff, 0xff, 0xff, 0x0, 0x0, 0x0, 0x0,
    0x0, 0x0, 0x0, 0xff, 0xff, 0xff, 0xff, 0x0,
    0x0, 0x0, 0x0, 0x0, 0x0, 0x0, 0xff, 0xff,
    0xff, 0xff, 0x0, 0x0, 0x0, 0x0, 0x0, 0x0,
    0x0, 0xff, 0xff, 0xff, 0xff, 0x0, 0x0, 0x0,
    0x0, 0x0, 0x0, 0x0, 0xff, 0xff, 0xff, 0xff,
    0x0, 0x0, 0x0, 0x0, 0x0, 0x0, 0x0, 0xff,
    0xff, 0xff, 0xff, 0xff, 0xff, 0xff, 0xff, 0x20,
    0x0, 0x0, 0xff, 0xff, 0xff, 0xff, 0xff, 0xff,
    0xff, 0xff, 0x30, 0x0, 0x0, 0xff, 0xff, 0xff,
    0xff, 0xff, 0xff, 0xff, 0xff, 0x30, 0x0, 0x0,
    0xff, 0xff, 0xff, 0xff, 0xff, 0xff, 0xff, 0xff,
    0x30, 0x0, 0x0, 0xff, 0xff, 0xff, 0xff, 0xff,
    0xff, 0xff, 0xff, 0x30, 0x0, 0x0, 0xff, 0xff,
    0xff, 0xff, 0xff, 0xff, 0xff, 0xff, 0x30, 0x0,
    0x0, 0xff, 0xff, 0xff, 0xff, 0xcc, 0xcc, 0xcc,
    0xcb, 0x10, 0x0, 0x0, 0xff, 0xff, 0xff, 0xff,
    0x0, 0x0, 0x0, 0x0, 0x0, 0x0, 0x0, 0xff,
    0xff, 0xff, 0xff, 0x0, 0x0, 0x0, 0x0, 0x0,
    0x0, 0x0, 0xff, 0xff, 0xff, 0xff, 0x0, 0x0,
    0x0, 0x0, 0x0, 0x0, 0x0, 0xff, 0xff, 0xff,
    0xff, 0x0, 0x0, 0x0, 0x0, 0x0, 0x0, 0x0,
    0xff, 0xff, 0xff, 0xff, 0x0, 0x0, 0x0, 0x0,
    0x0, 0x0, 0x0, 0xff, 0xff, 0xff, 0xff, 0x0,
    0x0, 0x0, 0x0, 0x0, 0x0, 0x0, 0xff, 0xff,
    0xff, 0xff, 0x0, 0x0, 0x0, 0x0, 0x0, 0x0,
    0x0, 0xff, 0xff, 0xff, 0xff, 0x0, 0x0, 0x0,
    0x0, 0x0, 0x0, 0x0, 0xff, 0xff, 0xff, 0xff,
    0x0, 0x0, 0x0, 0x0, 0x0, 0x0, 0x0, 0xff,
    0xff, 0xff, 0xff, 0x0, 0x0, 0x0, 0x0, 0x0,
    0x0, 0x0, 0xff, 0xff, 0xff, 0xff, 0x0, 0x0,
    0x0, 0x0, 0x0, 0x0, 0x0, 0xff, 0xff, 0xff,
    0xff, 0x0, 0x0, 0x0, 0x0, 0x0, 0x0, 0x0,
    0xef, 0xff, 0xff, 0xfe, 0x0, 0x0, 0x0, 0x0,
    0x0, 0x0, 0x0,

    /* U+0047 "G" */
    0x0, 0x0, 0x0, 0x4, 0x9c, 0xef, 0xfe, 0xc9,
    0x50, 0x0, 0x0, 0x0, 0x0, 0x0, 0x6, 0xef,
    0xff, 0xff, 0xff, 0xff, 0xfe, 0x70, 0x0, 0x0,
    0x0, 0x1, 0xcf, 0xff, 0xff, 0xff, 0xff, 0xff,
    0xff, 0xfd, 0x20, 0x0, 0x0, 0x1d, 0xff, 0xff,
    0xff, 0xff, 0xff, 0xff, 0xff, 0xff, 0xe2, 0x0,
    0x0, 0xbf, 0xff, 0xff, 0xff, 0xff, 0xff, 0xff,
    0xff, 0xff, 0xfd, 0x0, 0x5, 0xff, 0xff, 0xff,
    0xff, 0xff, 0xff, 0xff, 0xff, 0xff, 0xff, 0x80,
    0xc, 0xff, 0xff, 0xff, 0xff, 0xfc, 0xdf, 0xff,
    0xff, 0xff, 0xff, 0xe0, 0x1f, 0xff, 0xff, 0xff,
    0xfb, 0x10, 0x1, 0x9f, 0xff, 0xff, 0xff, 0xf3,
    0x4f, 0xff, 0xff, 0xff, 0xe1, 0x0, 0x0, 0xc,
    0xff, 0xff, 0xff, 0xf6, 0x6f, 0xff, 0xff, 0xff,
    0xa0, 0x0, 0x0, 0x8, 0xff, 0xff, 0xff, 0xf7,
    0x7f, 0xff, 0xff, 0xff, 0x80, 0x0, 0x0, 0x6,
    0xff, 0xff, 0xff, 0xf6, 0x7f, 0xff, 0xff, 0xff,
    0x80, 0x0, 0x0, 0x0, 0x0, 0x0, 0x0, 0x0,
    0x7f, 0xff, 0xff, 0xff, 0x80, 0x0, 0x0, 0x0,
    0x0, 0x0, 0x0, 0x0, 0x7f, 0xff, 0xff, 0xff,
    0x80, 0x0, 0x0, 0x0, 0x0, 0x0, 0x0, 0x0,
    0x7f, 0xff, 0xff, 0xff, 0x80, 0x3, 0xff, 0xff,
    0xff, 0xff, 0xff, 0xf6, 0x7f, 0xff, 0xff, 0xff,
    0x80, 0x4, 0xff, 0xff, 0xff, 0xff, 0xff, 0xf7,
    0x7f, 0xff, 0xff, 0xff, 0x80, 0x4, 0xff, 0xff,
    0xff, 0xff, 0xff, 0xf7, 0x7f, 0xff, 0xff, 0xff,
    0x80, 0x4, 0xff, 0xff, 0xff, 0xff, 0xff, 0xf7,
    0x7f, 0xff, 0xff, 0xff, 0x80, 0x4, 0xff, 0xff,
    0xff, 0xff, 0xff, 0xf7, 0x7f, 0xff, 0xff, 0xff,
    0x80, 0x4, 0xff, 0xff, 0xff, 0xff, 0xff, 0xf7,
    0x7f, 0xff, 0xff, 0xff, 0x80, 0x0, 0x44, 0x49,
    0xff, 0xff, 0xff, 0xf7, 0x7f, 0xff, 0xff, 0xff,
    0x80, 0x0, 0x0, 0x6, 0xff, 0xff, 0xff, 0xf7,
    0x7f, 0xff, 0xff, 0xff, 0x80, 0x0, 0x0, 0x6,
    0xff, 0xff, 0xff, 0xf7, 0x6f, 0xff, 0xff, 0xff,
    0x90, 0x0, 0x0, 0x8, 0xff, 0xff, 0xff, 0xf6,
    0x4f, 0xff, 0xff, 0xff, 0xe1, 0x0, 0x0, 0xc,
    0xff, 0xff, 0xff, 0xf4, 0x1f, 0xff, 0xff, 0xff,
    0xfc, 0x20, 0x0, 0x9f, 0xff, 0xff, 0xff, 0xf1,
    0xc, 0xff, 0xff, 0xff, 0xff, 0xfd, 0xcf, 0xff,
    0xff, 0xff, 0xff, 0xb0, 0x5, 0xff, 0xff, 0xff,
    0xff, 0xff, 0xff, 0xff, 0xff, 0xff, 0xff, 0x30,
    0x0, 0xbf, 0xff, 0xff, 0xff, 0xff, 0xff, 0xff,
    0xff, 0xff, 0xfa, 0x0, 0x0, 0x1d, 0xff, 0xff,
    0xff, 0xff, 0xff, 0xff, 0xff, 0xff, 0xc0, 0x0,
    0x0, 0x1, 0xcf, 0xff, 0xff, 0xff, 0xff, 0xff,
    0xff, 0xfb, 0x10, 0x0, 0x0, 0x0, 0x6, 0xef,
    0xff, 0xff, 0xff, 0xff, 0xfe, 0x60, 0x0, 0x0,
    0x0, 0x0, 0x0, 0x5, 0x9c, 0xef, 0xfe, 0xc9,
    0x40, 0x0, 0x0, 0x0,

    /* U+0048 "H" */
    0xef, 0xff, 0xff, 0xfe, 0x0, 0x0, 0x0, 0x4f,
    0xff, 0xff, 0xff, 0x8f, 0xff, 0xff, 0xff, 0xf0,
    0x0, 0x0, 0x5, 0xff, 0xff, 0xff, 0xfa, 0xff,
    0xff, 0xff, 0xff, 0x0, 0x0, 0x0, 0x5f, 0xff,
    0xff, 0xff, 0xaf, 0xff, 0xff, 0xff, 0xf0, 0x0,
    0x0, 0x5, 0xff, 0xff, 0xff, 0xfa, 0xff, 0xff,
    0xff, 0xff, 0x0, 0x0, 0x0, 0x5f, 0xff, 0xff,
    0xff, 0xaf, 0xff, 0xff, 0xff, 0xf0, 0x0, 0x0,
    0x5, 0xff, 0xff, 0xff, 0xfa, 0xff, 0xff, 0xff,
    0xff, 0x0, 0x0, 0x0, 0x5f, 0xff, 0xff, 0xff,
    0xaf, 0xff, 0xff, 0xff, 0xf0, 0x0, 0x0, 0x5,
    0xff, 0xff, 0xff, 0xfa, 0xff, 0xff, 0xff, 0xff,
    0x0, 0x0, 0x0, 0x5f, 0xff, 0xff, 0xff, 0xaf,
    0xff, 0xff, 0xff, 0xf0, 0x0, 0x0, 0x5, 0xff,
    0xff, 0xff, 0xfa, 0xff, 0xff, 0xff, 0xff, 0x0,
    0x0, 0x0, 0x5f, 0xff, 0xff, 0xff, 0xaf, 0xff,
    0xff, 0xff, 0xf0, 0x0, 0x0, 0x5, 0xff, 0xff,
    0xff, 0xfa, 0xff, 0xff, 0xff, 0xff, 0x0, 0x0,
    0x0, 0x5f, 0xff, 0xff, 0xff, 0xaf, 0xff, 0xff,
    0xff, 0xff, 0xff, 0xff, 0xff, 0xff, 0xff, 0xff,
    0xfa, 0xff, 0xff, 0xff, 0xff, 0xff, 0xff, 0xff,
    0xff, 0xff, 0xff, 0xff, 0xaf, 0xff, 0xff, 0xff,
    0xff, 0xff, 0xff, 0xff, 0xff, 0xff, 0xff, 0xfa,
    0xff, 0xff, 0xff, 0xff, 0xff, 0xff, 0xff, 0xff,
    0xff, 0xff, 0xff, 0xaf, 0xff, 0xff, 0xff, 0xff,
    0xff, 0xff, 0xff, 0xff, 0xff, 0xff, 0xfa, 0xff,
    0xff, 0xff, 0xff, 0xff, 0xff, 0xff, 0xff, 0xff,
    0xff, 0xff, 0xaf, 0xff, 0xff, 0xff, 0xfc, 0xcc,
    0xcc, 0xcd, 0xff, 0xff, 0xff, 0xfa, 0xff, 0xff,
    0xff, 0xff, 0x0, 0x0, 0x0, 0x5f, 0xff, 0xff,
    0xff, 0xaf, 0xff, 0xff, 0xff, 0xf0, 0x0, 0x0,
    0x5, 0xff, 0xff, 0xff, 0xfa, 0xff, 0xff, 0xff,
    0xff, 0x0, 0x0, 0x0, 0x5f, 0xff, 0xff, 0xff,
    0xaf, 0xff, 0xff, 0xff, 0xf0, 0x0, 0x0, 0x5,
    0xff, 0xff, 0xff, 0xfa, 0xff, 0xff, 0xff, 0xff,
    0x0, 0x0, 0x0, 0x5f, 0xff, 0xff, 0xff, 0xaf,
    0xff, 0xff, 0xff, 0xf0, 0x0, 0x0, 0x5, 0xff,
    0xff, 0xff, 0xfa, 0xff, 0xff, 0xff, 0xff, 0x0,
    0x0, 0x0, 0x5f, 0xff, 0xff, 0xff, 0xaf, 0xff,
    0xff, 0xff, 0xf0, 0x0, 0x0, 0x5, 0xff, 0xff,
    0xff, 0xfa, 0xff, 0xff, 0xff, 0xff, 0x0, 0x0,
    0x0, 0x5f, 0xff, 0xff, 0xff, 0xaf, 0xff, 0xff,
    0xff, 0xf0, 0x0, 0x0, 0x5, 0xff, 0xff, 0xff,
    0xfa, 0xff, 0xff, 0xff, 0xff, 0x0, 0x0, 0x0,
    0x5f, 0xff, 0xff, 0xff, 0xaf, 0xff, 0xff, 0xff,
    0xf0, 0x0, 0x0, 0x5, 0xff, 0xff, 0xff, 0xfa,
    0xef, 0xff, 0xff, 0xfe, 0x0, 0x0, 0x0, 0x4f,
    0xff, 0xff, 0xff, 0x80,

    /* U+0049 "I" */
    0xef, 0xff, 0xff, 0xfe, 0xff, 0xff, 0xff, 0xff,
    0xff, 0xff, 0xff, 0xff, 0xff, 0xff, 0xff, 0xff,
    0xff, 0xff, 0xff, 0xff, 0xff, 0xff, 0xff, 0xff,
    0xff, 0xff, 0xff, 0xff, 0xff, 0xff, 0xff, 0xff,
    0xff, 0xff, 0xff, 0xff, 0xff, 0xff, 0xff, 0xff,
    0xff, 0xff, 0xff, 0xff, 0xff, 0xff, 0xff, 0xff,
    0xff, 0xff, 0xff, 0xff, 0xff, 0xff, 0xff, 0xff,
    0xff, 0xff, 0xff, 0xff, 0xff, 0xff, 0xff, 0xff,
    0xff, 0xff, 0xff, 0xff, 0xff, 0xff, 0xff, 0xff,
    0xff, 0xff, 0xff, 0xff, 0xff, 0xff, 0xff, 0xff,
    0xff, 0xff, 0xff, 0xff, 0xff, 0xff, 0xff, 0xff,
    0xff, 0xff, 0xff, 0xff, 0xff, 0xff, 0xff, 0xff,
    0xff, 0xff, 0xff, 0xff, 0xff, 0xff, 0xff, 0xff,
    0xff, 0xff, 0xff, 0xff, 0xff, 0xff, 0xff, 0xff,
    0xff, 0xff, 0xff, 0xff, 0xff, 0xff, 0xff, 0xff,
    0xff, 0xff, 0xff, 0xff, 0xff, 0xff, 0xff, 0xff,
    0xef, 0xff, 0xff, 0xfe,

    /* U+004A "J" */
    0x0, 0x0, 0x0, 0x0, 0x0, 0x0, 0x0, 0xb,
    0xff, 0xff, 0xff, 0xf0, 0x0, 0x0, 0x0, 0x0,
    0x0, 0x0, 0x0, 0xd, 0xff, 0xff, 0xff, 0xf1,
    0x0, 0x0, 0x0, 0x0, 0x0, 0x0, 0x0, 0xd,
    0xff, 0xff, 0xff, 0xf1, 0x0, 0x0, 0x0, 0x0,
    0x0, 0x0, 0x0, 0xd, 0xff, 0xff, 0xff, 0xf1,
    0x0, 0x0, 0x0, 0x0, 0x0, 0x0, 0x0, 0xd,
    0xff, 0xff, 0xff, 0xf1, 0x0, 0x0, 0x0, 0x0,
    0x0, 0x0, 0x0, 0xd, 0xff, 0xff, 0xff, 0xf1,
    0x0, 0x0, 0x0, 0x0, 0x0, 0x0, 0x0, 0xd,
    0xff, 0xff, 0xff, 0xf1, 0x0, 0x0, 0x0, 0x0,
    0x0, 0x0, 0x0, 0xd, 0xff, 0xff, 0xff, 0xf1,
    0x0, 0x0, 0x0, 0x0, 0x0, 0x0, 0x0, 0xd,
    0xff, 0xff, 0xff, 0xf1, 0x0, 0x0, 0x0, 0x0,
    0x0, 0x0, 0x0, 0xd, 0xff, 0xff, 0xff, 0xf1,
    0x0, 0x0, 0x0, 0x0, 0x0, 0x0, 0x0, 0xd,
    0xff, 0xff, 0xff, 0xf1, 0x0, 0x0, 0x0, 0x0,
    0x0, 0x0, 0x0, 0xd, 0xff, 0xff, 0xff, 0xf1,
    0x0, 0x0, 0x0, 0x0, 0x0, 0x0, 0x0, 0xd,
    0xff, 0xff, 0xff, 0xf1, 0x0, 0x0, 0x0, 0x0,
    0x0, 0x0, 0x0, 0xd, 0xff, 0xff, 0xff, 0xf1,
    0x0, 0x0, 0x0, 0x0, 0x0, 0x0, 0x0, 0xd,
    0xff, 0xff, 0xff, 0xf1, 0x0, 0x0, 0x0, 0x0,
    0x0, 0x0, 0x0, 0xd, 0xff, 0xff, 0xff, 0xf1,
    0x0, 0x0, 0x0, 0x0, 0x0, 0x0, 0x0, 0xd,
    0xff, 0xff, 0xff, 0xf1, 0x0, 0x0, 0x0, 0x0,
    0x0, 0x0, 0x0, 0xd, 0xff, 0xff, 0xff, 0xf1,
    0x0, 0x0, 0x0, 0x0, 0x0, 0x0, 0x0, 0xd,
    0xff, 0xff, 0xff, 0xf1, 0x18, 0x88, 0x88, 0x88,
    0x30, 0x0, 0x0, 0xd, 0xff, 0xff, 0xff, 0xf1,
    0x5f, 0xff, 0xff, 0xff, 0x90, 0x0, 0x0, 0xd,
    0xff, 0xff, 0xff, 0xf1, 0x6f, 0xff, 0xff, 0xff,
    0x90, 0x0, 0x0, 0xd, 0xff, 0xff, 0xff, 0xf1,
    0x6f, 0xff, 0xff, 0xff, 0x90, 0x0, 0x0, 0xd,
    0xff, 0xff, 0xff, 0xf1, 0x5f, 0xff, 0xff, 0xff,
    0xa0, 0x0, 0x0, 0xe, 0xff, 0xff, 0xff, 0xf1,
    0x4f, 0xff, 0xff, 0xff, 0xe0, 0x0, 0x0, 0x3f,
    0xff, 0xff, 0xff, 0xf0, 0x1f, 0xff, 0xff, 0xff,
    0xfa, 0x10, 0x3, 0xdf, 0xff, 0xff, 0xff, 0xc0,
    0xc, 0xff, 0xff, 0xff, 0xff, 0xfc, 0xdf, 0xff,
    0xff, 0xff, 0xff, 0x70, 0x5, 0xff, 0xff, 0xff,
    0xff, 0xff, 0xff, 0xff, 0xff, 0xff, 0xff, 0x10,
    0x0, 0xcf, 0xff, 0xff, 0xff, 0xff, 0xff, 0xff,
    0xff, 0xff, 0xf7, 0x0, 0x0, 0x1e, 0xff, 0xff,
    0xff, 0xff, 0xff, 0xff, 0xff, 0xff, 0xa0, 0x0,
    0x0, 0x2, 0xdf, 0xff, 0xff, 0xff, 0xff, 0xff,
    0xff, 0xf9, 0x0, 0x0, 0x0, 0x0, 0x8, 0xff,
    0xff, 0xff, 0xff, 0xff, 0xfd, 0x40, 0x0, 0x0,
    0x0, 0x0, 0x0, 0x6, 0xad, 0xff, 0xfe, 0xc8,
    0x30, 0x0, 0x0, 0x0,

    /* U+004B "K" */
    0xef, 0xff, 0xff, 0xfe, 0x0, 0x0, 0x0, 0x7,
    0xff, 0xff, 0xff, 0xff, 0x2f, 0xff, 0xff, 0xff,
    0xf0, 0x0, 0x0, 0x2, 0xff, 0xff, 0xff, 0xff,
    0xa0, 0xff, 0xff, 0xff, 0xff, 0x0, 0x0, 0x0,
    0xbf, 0xff, 0xff, 0xff, 0xe1, 0xf, 0xff, 0xff,
    0xff, 0xf0, 0x0, 0x0, 0x5f, 0xff, 0xff, 0xff,
    0xf6, 0x0, 0xff, 0xff, 0xff, 0xff, 0x0, 0x0,
    0x1e, 0xff, 0xff, 0xff, 0xfb, 0x0, 0xf, 0xff,
    0xff, 0xff, 0xf0, 0x0, 0x9, 0xff, 0xff, 0xff,
    0xff, 0x20, 0x0, 0xff, 0xff, 0xff, 0xff, 0x0,
    0x3, 0xff, 0xff, 0xff, 0xff, 0x70, 0x0, 0xf,
    0xff, 0xff, 0xff, 0xf0, 0x0, 0xdf, 0xff, 0xff,
    0xff, 0xd0, 0x0, 0x0, 0xff, 0xff, 0xff, 0xff,
    0x0, 0x7f, 0xff, 0xff, 0xff, 0xf3, 0x0, 0x0,
    0xf, 0xff, 0xff, 0xff, 0xf0, 0x2f, 0xff, 0xff,
    0xff, 0xf9, 0x0, 0x0, 0x0, 0xff, 0xff, 0xff,
    0xff, 0xb, 0xff, 0xff, 0xff, 0xfe, 0x10, 0x0,
    0x0, 0xf, 0xff, 0xff, 0xff, 0xf5, 0xff, 0xff,
    0xff, 0xff, 0x50, 0x0, 0x0, 0x0, 0xff, 0xff,
    0xff, 0xff, 0xff, 0xff, 0xff, 0xff, 0xb0, 0x0,
    0x0, 0x0, 0xf, 0xff, 0xff, 0xff, 0xff, 0xff,
    0xff, 0xff, 0xf2, 0x0, 0x0, 0x0, 0x0, 0xff,
    0xff, 0xff, 0xff, 0xff, 0xff, 0xff, 0xf9, 0x0,
    0x0, 0x0, 0x0, 0xf, 0xff, 0xff, 0xff, 0xff,
    0xff, 0xff, 0xff, 0xd0, 0x0, 0x0, 0x0, 0x0,
    0xff, 0xff, 0xff, 0xff, 0xff, 0xff, 0xff, 0xff,
    0x60, 0x0, 0x0, 0x0, 0xf, 0xff, 0xff, 0xff,
    0xff, 0xff, 0xff, 0xff, 0xfe, 0x0, 0x0, 0x0,
    0x0, 0xff, 0xff, 0xff, 0xff, 0xff, 0xff, 0xff,
    0xff, 0xf7, 0x0, 0x0, 0x0, 0xf, 0xff, 0xff,
    0xff, 0xff, 0xff, 0xff, 0xff, 0xff, 0xe0, 0x0,
    0x0, 0x0, 0xff, 0xff, 0xff, 0xff, 0xfe, 0xff,
    0xff, 0xff, 0xff, 0x70, 0x0, 0x0, 0xf, 0xff,
    0xff, 0xff, 0xff, 0x49, 0xff, 0xff, 0xff, 0xfe,
    0x0, 0x0, 0x0, 0xff, 0xff, 0xff, 0xff, 0x90,
    0x1f, 0xff, 0xff, 0xff, 0xf8, 0x0, 0x0, 0xf,
    0xff, 0xff, 0xff, 0xf1, 0x0, 0x9f, 0xff, 0xff,
    0xff, 0xf1, 0x0, 0x0, 0xff, 0xff, 0xff, 0xff,
    0x0, 0x1, 0xff, 0xff, 0xff, 0xff, 0x80, 0x0,
    0xf, 0xff, 0xff, 0xff, 0xf0, 0x0, 0x8, 0xff,
    0xff, 0xff, 0xff, 0x10, 0x0, 0xff, 0xff, 0xff,
    0xff, 0x0, 0x0, 0x1f, 0xff, 0xff, 0xff, 0xf9,
    0x0, 0xf, 0xff, 0xff, 0xff, 0xf0, 0x0, 0x0,
    0x8f, 0xff, 0xff, 0xff, 0xf1, 0x0, 0xff, 0xff,
    0xff, 0xff, 0x0, 0x0, 0x1, 0xff, 0xff, 0xff,
    0xff, 0x90, 0xf, 0xff, 0xff, 0xff, 0xf0, 0x0,
    0x0, 0x8, 0xff, 0xff, 0xff, 0xff, 0x20, 0xff,
    0xff, 0xff, 0xff, 0x0, 0x0, 0x0, 0x1f, 0xff,
    0xff, 0xff, 0xfa, 0xf, 0xff, 0xff, 0xff, 0xf0,
    0x0, 0x0, 0x0, 0x8f, 0xff, 0xff, 0xff, 0xf2,
    0xef, 0xff, 0xff, 0xfe, 0x0, 0x0, 0x0, 0x0,
    0xef, 0xff, 0xff, 0xff, 0x90,

    /* U+004C "L" */
    0xef, 0xff, 0xff, 0xfe, 0x0, 0x0, 0x0, 0x0,
    0x0, 0x0, 0x0, 0xff, 0xff, 0xff, 0xff, 0x0,
    0x0, 0x0, 0x0, 0x0, 0x0, 0x0, 0xff, 0xff,
    0xff, 0xff, 0x0, 0x0, 0x0, 0x0, 0x0, 0x0,
    0x0, 0xff, 0xff, 0xff, 0xff, 0x0, 0x0, 0x0,
    0x0, 0x0, 0x0, 0x0, 0xff, 0xff, 0xff, 0xff,
    0x0, 0x0, 0x0, 0x0, 0x0, 0x0, 0x0, 0xff,
    0xff, 0xff, 0xff, 0x0, 0x0, 0x0, 0x0, 0x0,
    0x0, 0x0, 0xff, 0xff, 0xff, 0xff, 0x0, 0x0,
    0x0, 0x0, 0x0, 0x0, 0x0, 0xff, 0xff, 0xff,
    0xff, 0x0, 0x0, 0x0, 0x0, 0x0, 0x0, 0x0,
    0xff, 0xff, 0xff, 0xff, 0x0, 0x0, 0x0, 0x0,
    0x0, 0x0, 0x0, 0xff, 0xff, 0xff, 0xff, 0x0,
    0x0, 0x0, 0x0, 0x0, 0x0, 0x0, 0xff, 0xff,
    0xff, 0xff, 0x0, 0x0, 0x0, 0x0, 0x0, 0x0,
    0x0, 0xff, 0xff, 0xff, 0xff, 0x0, 0x0, 0x0,
    0x0, 0x0, 0x0, 0x0, 0xff, 0xff, 0xff, 0xff,
    0x0, 0x0, 0x0, 0x0, 0x0, 0x0, 0x0, 0xff,
    0xff, 0xff, 0xff, 0x0, 0x0, 0x0, 0x0, 0x0,
    0x0, 0x0, 0xff, 0xff, 0xff, 0xff, 0x0, 0x0,
    0x0, 0x0, 0x0, 0x0, 0x0, 0xff, 0xff, 0xff,
    0xff, 0x0, 0x0, 0x0, 0x0, 0x0, 0x0, 0x0,
    0xff, 0xff, 0xff, 0xff, 0x0, 0x0, 0x0, 0x0,
    0x0, 0x0, 0x0, 0xff, 0xff, 0xff, 0xff, 0x0,
    0x0, 0x0, 0x0, 0x0, 0x0, 0x0, 0xff, 0xff,
    0xff, 0xff, 0x0, 0x0, 0x0, 0x0, 0x0, 0x0,
    0x0, 0xff, 0xff, 0xff, 0xff, 0x0, 0x0, 0x0,
    0x0, 0x0, 0x0, 0x0, 0xff, 0xff, 0xff, 0xff,
    0x0, 0x0, 0x0, 0x0, 0x0, 0x0, 0x0, 0xff,
    0xff, 0xff, 0xff, 0x0, 0x0, 0x0, 0x0, 0x0,
    0x0, 0x0, 0xff, 0xff, 0xff, 0xff, 0x0, 0x0,
    0x0, 0x0, 0x0, 0x0, 0x0, 0xff, 0xff, 0xff,
    0xff, 0x0, 0x0, 0x0, 0x0, 0x0, 0x0, 0x0,
    0xff, 0xff, 0xff, 0xff, 0x0, 0x0, 0x0, 0x0,
    0x0, 0x0, 0x0, 0xff, 0xff, 0xff, 0xff, 0x0,
    0x0, 0x0, 0x0, 0x0, 0x0, 0x0, 0xff, 0xff,
    0xff, 0xff, 0xcc, 0xcc, 0xcc, 0xcc, 0xcc, 0xcc,
    0xc3, 0xff, 0xff, 0xff, 0xff, 0xff, 0xff, 0xff,
    0xff, 0xff, 0xff, 0xf6, 0xff, 0xff, 0xff, 0xff,
    0xff, 0xff, 0xff, 0xff, 0xff, 0xff, 0xf6, 0xff,
    0xff, 0xff, 0xff, 0xff, 0xff, 0xff, 0xff, 0xff,
    0xff, 0xf6, 0xff, 0xff, 0xff, 0xff, 0xff, 0xff,
    0xff, 0xff, 0xff, 0xff, 0xf6, 0xff, 0xff, 0xff,
    0xff, 0xff, 0xff, 0xff, 0xff, 0xff, 0xff, 0xf6,
    0xef, 0xff, 0xff, 0xff, 0xff, 0xff, 0xff, 0xff,
    0xff, 0xff, 0xf4,

    /* U+004D "M" */
    0xf, 0xff, 0xff, 0xff, 0xe1, 0x0, 0x0, 0x0,
    0x0, 0x7, 0xff, 0xff, 0xff, 0xf8, 0x1f, 0xff,
    0xff, 0xff, 0xf9, 0x0, 0x0, 0x0, 0x0, 0x1f,
    0xff, 0xff, 0xff, 0xf9, 0x1f, 0xff, 0xff, 0xff,
    0xff, 0x30, 0x0, 0x0, 0x0, 0xaf, 0xff, 0xff,
    0xff, 0xf9, 0x1f, 0xff, 0xff, 0xff, 0xff, 0xc0,
    0x0, 0x0, 0x4, 0xff, 0xff, 0xff, 0xff, 0xf9,
    0x1f, 0xff, 0xff, 0xff, 0xff, 0xf6, 0x0, 0x0,
    0xd, 0xff, 0xff, 0xff, 0xff, 0xf9, 0x1f, 0xff,
    0xff, 0xff, 0xff, 0xfe, 0x10, 0x0, 0x7f, 0xff,
    0xff, 0xff, 0xff, 0xf9, 0x1f, 0xff, 0xff, 0xff,
    0xff, 0xff, 0x90, 0x1, 0xff, 0xff, 0xff, 0xff,
    0xff, 0xf9, 0x1f, 0xff, 0xff, 0xff, 0xff, 0xff,
    0xf3, 0xa, 0xff, 0xff, 0xff, 0xff, 0xff, 0xf9,
    0x1f, 0xff, 0xff, 0xff, 0xff, 0xff, 0xfc, 0x4f,
    0xff, 0xff, 0xff, 0xff, 0xff, 0xf9, 0x1f, 0xff,
    0xff, 0xff, 0xff, 0xff, 0xff, 0xff, 0xff, 0xff,
    0xff, 0xff, 0xff, 0xf9, 0x1f, 0xff, 0xff, 0xff,
    0xff, 0xff, 0xff, 0xff, 0xff, 0xff, 0xff, 0xff,
    0xff, 0xf9, 0x1f, 0xff, 0xff, 0xff, 0xff, 0xff,
    0xff, 0xff, 0xff, 0xff, 0xff, 0xff, 0xff, 0xf9,
    0x1f, 0xff, 0xff, 0xff, 0xff, 0xff, 0xff, 0xff,
    0xff, 0xfe, 0xff, 0xff, 0xff, 0xf9, 0x1f, 0xff,
    0xff, 0xff, 0xe6, 0xff, 0xff, 0xff, 0xff, 0xe6,
    0xff, 0xff, 0xff, 0xf9, 0x1f, 0xff, 0xff, 0xff,
    0xe0, 0xcf, 0xff, 0xff, 0xff, 0x45, 0xff, 0xff,
    0xff, 0xf9, 0x1f, 0xff, 0xff, 0xff, 0xe0, 0x2f,
    0xff, 0xff, 0xfb, 0x5, 0xff, 0xff, 0xff, 0xf9,
    0x1f, 0xff, 0xff, 0xff, 0xe0, 0x8, 0xff, 0xff,
    0xf1, 0x5, 0xff, 0xff, 0xff, 0xf9, 0x1f, 0xff,
    0xff, 0xff, 0xe0, 0x0, 0xef, 0xff, 0x70, 0x5,
    0xff, 0xff, 0xff, 0xf9, 0x1f, 0xff, 0xff, 0xff,
    0xe0, 0x0, 0x5f, 0xfd, 0x0, 0x5, 0xff, 0xff,
    0xff, 0xf9, 0x1f, 0xff, 0xff, 0xff, 0xe0, 0x0,
    0x3, 0x41, 0x0, 0x5, 0xff, 0xff, 0xff, 0xf9,
    0x1f, 0xff, 0xff, 0xff, 0xe0, 0x0, 0x0, 0x0,
    0x0, 0x5, 0xff, 0xff, 0xff, 0xf9, 0x1f, 0xff,
    0xff, 0xff, 0xe0, 0x0, 0x0, 0x0, 0x0, 0x5,
    0xff, 0xff, 0xff, 0xf9, 0x1f, 0xff, 0xff, 0xff,
    0xe0, 0x0, 0x0, 0x0, 0x0, 0x5, 0xff, 0xff,
    0xff, 0xf9, 0x1f, 0xff, 0xff, 0xff, 0xe0, 0x0,
    0x0, 0x0, 0x0, 0x5, 0xff, 0xff, 0xff, 0xf9,
    0x1f, 0xff, 0xff, 0xff, 0xe0, 0x0, 0x0, 0x0,
    0x0, 0x5, 0xff, 0xff, 0xff, 0xf9, 0x1f, 0xff,
    0xff, 0xff, 0xe0, 0x0, 0x0, 0x0, 0x0, 0x5,
    0xff, 0xff, 0xff, 0xf9, 0x1f, 0xff, 0xff, 0xff,
    0xe0, 0x0, 0x0, 0x0, 0x0, 0x5, 0xff, 0xff,
    0xff, 0xf9, 0x1f, 0xff, 0xff, 0xff, 0xe0, 0x0,
    0x0, 0x0, 0x0, 0x5, 0xff, 0xff, 0xff, 0xf9,
    0x1f, 0xff, 0xff, 0xff, 0xe0, 0x0, 0x0, 0x0,
    0x0, 0x5, 0xff, 0xff, 0xff, 0xf9, 0x1f, 0xff,
    0xff, 0xff, 0xe0, 0x0, 0x0, 0x0, 0x0, 0x5,
    0xff, 0xff, 0xff, 0xf9, 0x1f, 0xff, 0xff, 0xff,
    0xe0, 0x0, 0x0, 0x0, 0x0, 0x5, 0xff, 0xff,
    0xff, 0xf9, 0x1f, 0xff, 0xff, 0xff, 0xe0, 0x0,
    0x0, 0x0, 0x0, 0x5, 0xff, 0xff, 0xff, 0xf9,
    0xf, 0xff, 0xff, 0xff, 0xc0, 0x0, 0x0, 0x0,
    0x0, 0x4, 0xff, 0xff, 0xff, 0xf8,

    /* U+004E "N" */
    0xef, 0xff, 0xff, 0xff, 0x50, 0x0, 0x0, 0x0,
    0x7f, 0xff, 0xff, 0xff, 0x5f, 0xff, 0xff, 0xff,
    0xfc, 0x0, 0x0, 0x0, 0x9, 0xff, 0xff, 0xff,
    0xf6, 0xff, 0xff, 0xff, 0xff, 0xf3, 0x0, 0x0,
    0x0, 0x8f, 0xff, 0xff, 0xff, 0x6f, 0xff, 0xff,
    0xff, 0xff, 0xb0, 0x0, 0x0, 0x8, 0xff, 0xff,
    0xff, 0xf6, 0xff, 0xff, 0xff, 0xff, 0xff, 0x20,
    0x0, 0x0, 0x8f, 0xff, 0xff, 0xff, 0x6f, 0xff,
    0xff, 0xff, 0xff, 0xf9, 0x0, 0x0, 0x8, 0xff,
    0xff, 0xff, 0xf6, 0xff, 0xff, 0xff, 0xff, 0xff,
    0xf1, 0x0, 0x0, 0x8f, 0xff, 0xff, 0xff, 0x6f,
    0xff, 0xff, 0xff, 0xff, 0xff, 0x70, 0x0, 0x8,
    0xff, 0xff, 0xff, 0xf6, 0xff, 0xff, 0xff, 0xff,
    0xff, 0xfe, 0x0, 0x0, 0x8f, 0xff, 0xff, 0xff,
    0x6f, 0xff, 0xff, 0xff, 0xff, 0xff, 0xf6, 0x0,
    0x8, 0xff, 0xff, 0xff, 0xf6, 0xff, 0xff, 0xff,
    0xff, 0xff, 0xff, 0xd0, 0x0, 0x8f, 0xff, 0xff,
    0xff, 0x6f, 0xff, 0xff, 0xff, 0xff, 0xff, 0xff,
    0x40, 0x8, 0xff, 0xff, 0xff, 0xf6, 0xff, 0xff,
    0xff, 0xff, 0xff, 0xff, 0xfb, 0x0, 0x8f, 0xff,
    0xff, 0xff, 0x6f, 0xff, 0xff, 0xff, 0xff, 0xff,
    0xff, 0xf2, 0x8, 0xff, 0xff, 0xff, 0xf6, 0xff,
    0xff, 0xff, 0xff, 0xff, 0xff, 0xff, 0xa0, 0x8f,
    0xff, 0xff, 0xff, 0x6f, 0xff, 0xff, 0xff, 0xdb,
    0xff, 0xff, 0xff, 0x18, 0xff, 0xff, 0xff, 0xf6,
    0xff, 0xff, 0xff, 0xfd, 0x4f, 0xff, 0xff, 0xf8,
    0x8f, 0xff, 0xff, 0xff, 0x6f, 0xff, 0xff, 0xff,
    0xd0, 0xcf, 0xff, 0xff, 0xe9, 0xff, 0xff, 0xff,
    0xf6, 0xff, 0xff, 0xff, 0xfd, 0x5, 0xff, 0xff,
    0xff, 0xff, 0xff, 0xff, 0xff, 0x6f, 0xff, 0xff,
    0xff, 0xd0, 0xe, 0xff, 0xff, 0xff, 0xff, 0xff,
    0xff, 0xf6, 0xff, 0xff, 0xff, 0xfd, 0x0, 0x7f,
    0xff, 0xff, 0xff, 0xff, 0xff, 0xff, 0x6f, 0xff,
    0xff, 0xff, 0xe0, 0x0, 0xef, 0xff, 0xff, 0xff,
    0xff, 0xff, 0xf6, 0xff, 0xff, 0xff, 0xfe, 0x0,
    0x8, 0xff, 0xff, 0xff, 0xff, 0xff, 0xff, 0x6f,
    0xff, 0xff, 0xff, 0xe0, 0x0, 0x1f, 0xff, 0xff,
    0xff, 0xff, 0xff, 0xf6, 0xff, 0xff, 0xff, 0xfe,
    0x0, 0x0, 0xaf, 0xff, 0xff, 0xff, 0xff, 0xff,
    0x6f, 0xff, 0xff, 0xff, 0xe0, 0x0, 0x2, 0xff,
    0xff, 0xff, 0xff, 0xff, 0xf6, 0xff, 0xff, 0xff,
    0xfe, 0x0, 0x0, 0xb, 0xff, 0xff, 0xff, 0xff,
    0xff, 0x6f, 0xff, 0xff, 0xff, 0xe0, 0x0, 0x0,
    0x4f, 0xff, 0xff, 0xff, 0xff, 0xf6, 0xff, 0xff,
    0xff, 0xfe, 0x0, 0x0, 0x0, 0xcf, 0xff, 0xff,
    0xff, 0xff, 0x6f, 0xff, 0xff, 0xff, 0xe0, 0x0,
    0x0, 0x5, 0xff, 0xff, 0xff, 0xff, 0xf6, 0xff,
    0xff, 0xff, 0xfe, 0x0, 0x0, 0x0, 0xe, 0xff,
    0xff, 0xff, 0xff, 0x6f, 0xff, 0xff, 0xff, 0xe0,
    0x0, 0x0, 0x0, 0x7f, 0xff, 0xff, 0xff, 0xf6,
    0xef, 0xff, 0xff, 0xfd, 0x0, 0x0, 0x0, 0x0,
    0xef, 0xff, 0xff, 0xff, 0x50,

    /* U+004F "O" */
    0x0, 0x0, 0x0, 0x3, 0x8c, 0xef, 0xfe, 0xda,
    0x50, 0x0, 0x0, 0x0, 0x0, 0x0, 0x5, 0xdf,
    0xff, 0xff, 0xff, 0xff, 0xff, 0x80, 0x0, 0x0,
    0x0, 0x0, 0xaf, 0xff, 0xff, 0xff, 0xff, 0xff,
    0xff, 0xfe, 0x30, 0x0, 0x0, 0xb, 0xff, 0xff,
    0xff, 0xff, 0xff, 0xff, 0xff, 0xff, 0xf3, 0x0,
    0x0, 0x9f, 0xff, 0xff, 0xff, 0xff, 0xff, 0xff,
    0xff, 0xff, 0xfe, 0x10, 0x3, 0xff, 0xff, 0xff,
    0xff, 0xff, 0xff, 0xff, 0xff, 0xff, 0xff, 0x90,
    0xb, 0xff, 0xff, 0xff, 0xff, 0xfd, 0xcf, 0xff,
    0xff, 0xff, 0xff, 0xf1, 0xf, 0xff, 0xff, 0xff,
    0xfc, 0x20, 0x0, 0x8f, 0xff, 0xff, 0xff, 0xf6,
    0x4f, 0xff, 0xff, 0xff, 0xf1, 0x0, 0x0, 0xa,
    0xff, 0xff, 0xff, 0xfa, 0x6f, 0xff, 0xff, 0xff,
    0xa0, 0x0, 0x0, 0x4, 0xff, 0xff, 0xff, 0xfc,
    0x7f, 0xff, 0xff, 0xff, 0x80, 0x0, 0x0, 0x1,
    0xff, 0xff, 0xff, 0xfd, 0x7f, 0xff, 0xff, 0xff,
    0x80, 0x0, 0x0, 0x1, 0xff, 0xff, 0xff, 0xfd,
    0x7f, 0xff, 0xff, 0xff, 0x80, 0x0, 0x0, 0x1,
    0xff, 0xff, 0xff, 0xfd, 0x7f, 0xff, 0xff, 0xff,
    0x80, 0x0, 0x0, 0x1, 0xff, 0xff, 0xff, 0xfd,
    0x7f, 0xff, 0xff, 0xff, 0x80, 0x0, 0x0, 0x1,
    0xff, 0xff, 0xff, 0xfd, 0x7f, 0xff, 0xff, 0xff,
    0x80, 0x0, 0x0, 0x1, 0xff, 0xff, 0xff, 0xfd,
    0x7f, 0xff, 0xff, 0xff, 0x80, 0x0, 0x0, 0x1,
    0xff, 0xff, 0xff, 0xfd, 0x7f, 0xff, 0xff, 0xff,
    0x80, 0x0, 0x0, 0x1, 0xff, 0xff, 0xff, 0xfd,
    0x7f, 0xff, 0xff, 0xff, 0x80, 0x0, 0x0, 0x1,
    0xff, 0xff, 0xff, 0xfd, 0x7f, 0xff, 0xff, 0xff,
    0x80, 0x0, 0x0, 0x1, 0xff, 0xff, 0xff, 0xfd,
    0x7f, 0xff, 0xff, 0xff, 0x80, 0x0, 0x0, 0x1,
    0xff, 0xff, 0xff, 0xfd, 0x7f, 0xff, 0xff, 0xff,
    0x80, 0x0, 0x0, 0x1, 0xff, 0xff, 0xff, 0xfd,
    0x7f, 0xff, 0xff, 0xff, 0x80, 0x0, 0x0, 0x1,
    0xff, 0xff, 0xff, 0xfd, 0x6f, 0xff, 0xff, 0xff,
    0xa0, 0x0, 0x0, 0x4, 0xff, 0xff, 0xff, 0xfc,
    0x4f, 0xff, 0xff, 0xff, 0xf2, 0x0, 0x0, 0xa,
    0xff, 0xff, 0xff, 0xfa, 0xf, 0xff, 0xff, 0xff,
    0xfd, 0x20, 0x0, 0x8f, 0xff, 0xff, 0xff, 0xf6,
    0xa, 0xff, 0xff, 0xff, 0xff, 0xfd, 0xdf, 0xff,
    0xff, 0xff, 0xff, 0xf1, 0x3, 0xff, 0xff, 0xff,
    0xff, 0xff, 0xff, 0xff, 0xff, 0xff, 0xff, 0x90,
    0x0, 0x9f, 0xff, 0xff, 0xff, 0xff, 0xff, 0xff,
    0xff, 0xff, 0xfe, 0x10, 0x0, 0xb, 0xff, 0xff,
    0xff, 0xff, 0xff, 0xff, 0xff, 0xff, 0xf3, 0x0,
    0x0, 0x0, 0xaf, 0xff, 0xff, 0xff, 0xff, 0xff,
    0xff, 0xfe, 0x30, 0x0, 0x0, 0x0, 0x5, 0xdf,
    0xff, 0xff, 0xff, 0xff, 0xff, 0x80, 0x0, 0x0,
    0x0, 0x0, 0x0, 0x3, 0x8c, 0xef, 0xff, 0xda,
    0x50, 0x0, 0x0, 0x0,

    /* U+0050 "P" */
    0x1f, 0xff, 0xff, 0xff, 0xff, 0xff, 0xff, 0xfd,
    0xa5, 0x0, 0x0, 0x0, 0x2f, 0xff, 0xff, 0xff,
    0xff, 0xff, 0xff, 0xff, 0xff, 0xe5, 0x0, 0x0,
    0x2f, 0xff, 0xff, 0xff, 0xff, 0xff, 0xff, 0xff,
    0xff, 0xff, 0x90, 0x0, 0x2f, 0xff, 0xff, 0xff,
    0xff, 0xff, 0xff, 0xff, 0xff, 0xff, 0xf9, 0x0,
    0x2f, 0xff, 0xff, 0xff, 0xff, 0xff, 0xff, 0xff,
    0xff, 0xff, 0xff, 0x40, 0x2f, 0xff, 0xff, 0xff,
    0xff, 0xff, 0xff, 0xff, 0xff, 0xff, 0xff, 0xc0,
    0x2f, 0xff, 0xff, 0xff, 0xfc, 0xcc, 0xdf, 0xff,
    0xff, 0xff, 0xff, 0xf3, 0x2f, 0xff, 0xff, 0xff,
    0xd0, 0x0, 0x0, 0x8f, 0xff, 0xff, 0xff, 0xf7,
    0x2f, 0xff, 0xff, 0xff, 0xd0, 0x0, 0x0, 0x9,
    0xff, 0xff, 0xff, 0xfa, 0x2f, 0xff, 0xff, 0xff,
    0xd0, 0x0, 0x0, 0x3, 0xff, 0xff, 0xff, 0xfc,
    0x2f, 0xff, 0xff, 0xff, 0xd0, 0x0, 0x0, 0x2,
    0xff, 0xff, 0xff, 0xfc, 0x2f, 0xff, 0xff, 0xff,
    0xd0, 0x0, 0x0, 0x4, 0xff, 0xff, 0xff, 0xfb,
    0x2f, 0xff, 0xff, 0xff, 0xd0, 0x0, 0x0, 0xb,
    0xff, 0xff, 0xff, 0xf9, 0x2f, 0xff, 0xff, 0xff,
    0xd0, 0x0, 0x3, 0xbf, 0xff, 0xff, 0xff, 0xf5,
    0x2f, 0xff, 0xff, 0xff, 0xff, 0xff, 0xff, 0xff,
    0xff, 0xff, 0xff, 0xf0, 0x2f, 0xff, 0xff, 0xff,
    0xff, 0xff, 0xff, 0xff, 0xff, 0xff, 0xff, 0x80,
    0x2f, 0xff, 0xff, 0xff, 0xff, 0xff, 0xff, 0xff,
    0xff, 0xff, 0xfd, 0x0, 0x2f, 0xff, 0xff, 0xff,
    0xff, 0xff, 0xff, 0xff, 0xff, 0xff, 0xd1, 0x0,
    0x2f, 0xff, 0xff, 0xff, 0xff, 0xff, 0xff, 0xff,
    0xff, 0xfa, 0x10, 0x0, 0x2f, 0xff, 0xff, 0xff,
    0xff, 0xff, 0xff, 0xff, 0xe9, 0x30, 0x0, 0x0,
    0x2f, 0xff, 0xff, 0xff, 0xe4, 0x44, 0x43, 0x31,
    0x0, 0x0, 0x0, 0x0, 0x2f, 0xff, 0xff, 0xff,
    0xd0, 0x0, 0x0, 0x0, 0x0, 0x0, 0x0, 0x0,
    0x2f, 0xff, 0xff, 0xff, 0xd0, 0x0, 0x0, 0x0,
    0x0, 0x0, 0x0, 0x0, 0x2f, 0xff, 0xff, 0xff,
    0xd0, 0x0, 0x0, 0x0, 0x0, 0x0, 0x0, 0x0,
    0x2f, 0xff, 0xff, 0xff, 0xd0, 0x0, 0x0, 0x0,
    0x0, 0x0, 0x0, 0x0, 0x2f, 0xff, 0xff, 0xff,
    0xd0, 0x0, 0x0, 0x0, 0x0, 0x0, 0x0, 0x0,
    0x2f, 0xff, 0xff, 0xff, 0xd0, 0x0, 0x0, 0x0,
    0x0, 0x0, 0x0, 0x0, 0x2f, 0xff, 0xff, 0xff,
    0xd0, 0x0, 0x0, 0x0, 0x0, 0x0, 0x0, 0x0,
    0x2f, 0xff, 0xff, 0xff, 0xd0, 0x0, 0x0, 0x0,
    0x0, 0x0, 0x0, 0x0, 0x2f, 0xff, 0xff, 0xff,
    0xd0, 0x0, 0x0, 0x0, 0x0, 0x0, 0x0, 0x0,
    0x2f, 0xff, 0xff, 0xff, 0xd0, 0x0, 0x0, 0x0,
    0x0, 0x0, 0x0, 0x0, 0x2f, 0xff, 0xff, 0xff,
    0xd0, 0x0, 0x0, 0x0, 0x0, 0x0, 0x0, 0x0,
    0x1f, 0xff, 0xff, 0xff, 0xb0, 0x0, 0x0, 0x0,
    0x0, 0x0, 0x0, 0x0,

    /* U+0051 "Q" */
    0x0, 0x0, 0x0, 0x4, 0x9c, 0xef, 0xfe, 0xb7,
    0x20, 0x0, 0x0, 0x0, 0x0, 0x0, 0x5, 0xdf,
    0xff, 0xff, 0xff, 0xff, 0xfa, 0x20, 0x0, 0x0,
    0x0, 0x0, 0xaf, 0xff, 0xff, 0xff, 0xff, 0xff,
    0xff, 0xf5, 0x0, 0x0, 0x0, 0xb, 0xff, 0xff,
    0xff, 0xff, 0xff, 0xff, 0xff, 0xff, 0x60, 0x0,
    0x0, 0x8f, 0xff, 0xff, 0xff, 0xff, 0xff, 0xff,
    0xff, 0xff, 0xf2, 0x0, 0x2, 0xff, 0xff, 0xff,
    0xff, 0xff, 0xff, 0xff, 0xff, 0xff, 0xfc, 0x0,
    0xa, 0xff, 0xff, 0xff, 0xff, 0xfc, 0xdf, 0xff,
    0xff, 0xff, 0xff, 0x30, 0xf, 0xff, 0xff, 0xff,
    0xfa, 0x0, 0x3, 0xef, 0xff, 0xff, 0xff, 0x90,
    0x3f, 0xff, 0xff, 0xff, 0xe0, 0x0, 0x0, 0x6f,
    0xff, 0xff, 0xff, 0xd0, 0x6f, 0xff, 0xff, 0xff,
    0x90, 0x0, 0x0, 0xf, 0xff, 0xff, 0xff, 0xf0,
    0x7f, 0xff, 0xff, 0xff, 0x70, 0x0, 0x0, 0xd,
    0xff, 0xff, 0xff, 0xf1, 0x8f, 0xff, 0xff, 0xff,
    0x70, 0x0, 0x0, 0xd, 0xff, 0xff, 0xff, 0xf2,
    0x8f, 0xff, 0xff, 0xff, 0x70, 0x0, 0x0, 0xd,
    0xff, 0xff, 0xff, 0xf2, 0x8f, 0xff, 0xff, 0xff,
    0x70, 0x0, 0x0, 0xd, 0xff, 0xff, 0xff, 0xf2,
    0x8f, 0xff, 0xff, 0xff, 0x70, 0x0, 0x0, 0xd,
    0xff, 0xff, 0xff, 0xf2, 0x8f, 0xff, 0xff, 0xff,
    0x70, 0x0, 0x0, 0xd, 0xff, 0xff, 0xff, 0xf2,
    0x8f, 0xff, 0xff, 0xff, 0x70, 0x0, 0x0, 0xd,
    0xff, 0xff, 0xff, 0xf2, 0x8f, 0xff, 0xff, 0xff,
    0x70, 0x0, 0x0, 0xd, 0xff, 0xff, 0xff, 0xf2,
    0x8f, 0xff, 0xff, 0xff, 0x70, 0x0, 0x0, 0xd,
    0xff, 0xff, 0xff, 0xf2, 0x8f, 0xff, 0xff, 0xff,
    0x70, 0x0, 0x0, 0xd, 0xff, 0xff, 0xff, 0xf2,
    0x8f, 0xff, 0xff, 0xff, 0x70, 0x0, 0x0, 0xd,
    0xff, 0xff, 0xff, 0xf2, 0x8f, 0xff, 0xff, 0xff,
    0x70, 0x0, 0x0, 0xd, 0xff, 0xff, 0xff, 0xf2,
    0x8f, 0xff, 0xff, 0xff, 0x70, 0x0, 0x0, 0xd,
    0xff, 0xff, 0xff, 0xf2, 0x7f, 0xff, 0xff, 0xff,
    0x70, 0x0, 0x0, 0xd, 0xff, 0xff, 0xff, 0xf1,
    0x6f, 0xff, 0xff, 0xff, 0x90, 0x0, 0x0, 0xf,
    0xff, 0xff, 0xff, 0xf0, 0x4f, 0xff, 0xff, 0xff,
    0xe0, 0x0, 0x0, 0x6f, 0xff, 0xff, 0xff, 0xe0,
    0xf, 0xff, 0xff, 0xff, 0xfa, 0x0, 0x3, 0xef,
    0xff, 0xff, 0xff, 0xa0, 0xb, 0xff, 0xff, 0xff,
    0xff, 0xfc, 0xdf, 0xff, 0xff, 0xff, 0xff, 0x40,
    0x3, 0xff, 0xff, 0xff, 0xff, 0xff, 0xff, 0xff,
    0xff, 0xff, 0xfd, 0x0, 0x0, 0xaf, 0xff, 0xff,
    0xff, 0xff, 0xff, 0xff, 0xff, 0xff, 0xf3, 0x0,
    0x0, 0xc, 0xff, 0xff, 0xff, 0xff, 0xff, 0xff,
    0xff, 0xff, 0x60, 0x0, 0x0, 0x1, 0xbf, 0xff,
    0xff, 0xff, 0xff, 0xff, 0xff, 0xf6, 0x0, 0x0,
    0x0, 0x0, 0x6, 0xef, 0xff, 0xff, 0xff, 0xff,
    0xfb, 0x20, 0x0, 0x0, 0x0, 0x0, 0x0, 0x6,
    0xff, 0xff, 0xff, 0xfe, 0x20, 0x0, 0x0, 0x0,
    0x0, 0x0, 0x0, 0x2, 0xff, 0xff, 0xff, 0xfc,
    0x0, 0x0, 0x0, 0x0, 0x0, 0x0, 0x0, 0x2,
    0xff, 0xff, 0xff, 0xfc, 0x0, 0x0, 0x0, 0x0,
    0x0, 0x0, 0x0, 0x2, 0xff, 0xff, 0xff, 0xfc,
    0x0, 0x0, 0x0, 0x0, 0x0, 0x0, 0x0, 0x1,
    0xff, 0xff, 0xff, 0xfb, 0x0, 0x0, 0x0, 0x0,

    /* U+0052 "R" */
    0xef, 0xff, 0xff, 0xff, 0xff, 0xff, 0xff, 0xeb,
    0x60, 0x0, 0x0, 0x0, 0xff, 0xff, 0xff, 0xff,
    0xff, 0xff, 0xff, 0xff, 0xff, 0x70, 0x0, 0x0,
    0xff, 0xff, 0xff, 0xff, 0xff, 0xff, 0xff, 0xff,
    0xff, 0xfb, 0x0, 0x0, 0xff, 0xff, 0xff, 0xff,
    0xff, 0xff, 0xff, 0xff, 0xff, 0xff, 0xa0, 0x0,
    0xff, 0xff, 0xff, 0xff, 0xff, 0xff, 0xff, 0xff,
    0xff, 0xff, 0xf5, 0x0, 0xff, 0xff, 0xff, 0xff,
    0xff, 0xff, 0xff, 0xff, 0xff, 0xff, 0xfe, 0x0,
    0xff, 0xff, 0xff, 0xff, 0xcc, 0xcc, 0xef, 0xff,
    0xff, 0xff, 0xff, 0x40, 0xff, 0xff, 0xff, 0xff,
    0x0, 0x0, 0x5, 0xff, 0xff, 0xff, 0xff, 0x90,
    0xff, 0xff, 0xff, 0xff, 0x0, 0x0, 0x0, 0x7f,
    0xff, 0xff, 0xff, 0xc0, 0xff, 0xff, 0xff, 0xff,
    0x0, 0x0, 0x0, 0x2f, 0xff, 0xff, 0xff, 0xd0,
    0xff, 0xff, 0xff, 0xff, 0x0, 0x0, 0x0, 0xf,
    0xff, 0xff, 0xff, 0xe0, 0xff, 0xff, 0xff, 0xff,
    0x0, 0x0, 0x0, 0x3f, 0xff, 0xff, 0xff, 0xd0,
    0xff, 0xff, 0xff, 0xff, 0x0, 0x0, 0x0, 0xaf,
    0xff, 0xff, 0xff, 0xb0, 0xff, 0xff, 0xff, 0xff,
    0x10, 0x0, 0x3a, 0xff, 0xff, 0xff, 0xff, 0x70,
    0xff, 0xff, 0xff, 0xff, 0xff, 0xff, 0xff, 0xff,
    0xff, 0xff, 0xff, 0x10, 0xff, 0xff, 0xff, 0xff,
    0xff, 0xff, 0xff, 0xff, 0xff, 0xff, 0xf9, 0x0,
    0xff, 0xff, 0xff, 0xff, 0xff, 0xff, 0xff, 0xff,
    0xff, 0xff, 0xd1, 0x0, 0xff, 0xff, 0xff, 0xff,
    0xff, 0xff, 0xff, 0xff, 0xff, 0xfd, 0x20, 0x0,
    0xff, 0xff, 0xff, 0xff, 0xff, 0xff, 0xff, 0xff,
    0xff, 0x91, 0x0, 0x0, 0xff, 0xff, 0xff, 0xff,
    0xff, 0xff, 0xff, 0xff, 0xff, 0x10, 0x0, 0x0,
    0xff, 0xff, 0xff, 0xff, 0x0, 0x8f, 0xff, 0xff,
    0xff, 0x70, 0x0, 0x0, 0xff, 0xff, 0xff, 0xff,
    0x0, 0x2f, 0xff, 0xff, 0xff, 0xd0, 0x0, 0x0,
    0xff, 0xff, 0xff, 0xff, 0x0, 0xc, 0xff, 0xff,
    0xff, 0xf3, 0x0, 0x0, 0xff, 0xff, 0xff, 0xff,
    0x0, 0x6, 0xff, 0xff, 0xff, 0xfa, 0x0, 0x0,
    0xff, 0xff, 0xff, 0xff, 0x0, 0x1, 0xff, 0xff,
    0xff, 0xff, 0x10, 0x0, 0xff, 0xff, 0xff, 0xff,
    0x0, 0x0, 0xaf, 0xff, 0xff, 0xff, 0x60, 0x0,
    0xff, 0xff, 0xff, 0xff, 0x0, 0x0, 0x5f, 0xff,
    0xff, 0xff, 0xd0, 0x0, 0xff, 0xff, 0xff, 0xff,
    0x0, 0x0, 0xe, 0xff, 0xff, 0xff, 0xf3, 0x0,
    0xff, 0xff, 0xff, 0xff, 0x0, 0x0, 0x9, 0xff,
    0xff, 0xff, 0xfa, 0x0, 0xff, 0xff, 0xff, 0xff,
    0x0, 0x0, 0x3, 0xff, 0xff, 0xff, 0xff, 0x0,
    0xff, 0xff, 0xff, 0xff, 0x0, 0x0, 0x0, 0xdf,
    0xff, 0xff, 0xff, 0x60, 0xff, 0xff, 0xff, 0xff,
    0x0, 0x0, 0x0, 0x7f, 0xff, 0xff, 0xff, 0xd0,
    0xef, 0xff, 0xff, 0xfe, 0x0, 0x0, 0x0, 0x1f,
    0xff, 0xff, 0xff, 0xf1,

    /* U+0053 "S" */
    0x0, 0x0, 0x0, 0x27, 0xbe, 0xff, 0xfd, 0xb6,
    0x10, 0x0, 0x0, 0x0, 0x0, 0x0, 0x3c, 0xff,
    0xff, 0xff, 0xff, 0xff, 0xfa, 0x20, 0x0, 0x0,
    0x0, 0x7, 0xff, 0xff, 0xff, 0xff, 0xff, 0xff,
    0xff, 0xf5, 0x0, 0x0, 0x0, 0x8f, 0xff, 0xff,
    0xff, 0xff, 0xff, 0xff, 0xff, 0xff, 0x60, 0x0,
    0x4, 0xff, 0xff, 0xff, 0xff, 0xff, 0xff, 0xff,
    0xff, 0xff, 0xf3, 0x0, 0xd, 0xff, 0xff, 0xff,
    0xff, 0xff, 0xff, 0xff, 0xff, 0xff, 0xfd, 0x0,
    0x3f, 0xff, 0xff, 0xff, 0xff, 0xdc, 0xff, 0xff,
    0xff, 0xff, 0xff, 0x40, 0x6f, 0xff, 0xff, 0xff,
    0xe3, 0x0, 0x6, 0xff, 0xff, 0xff, 0xff, 0x90,
    0x8f, 0xff, 0xff, 0xff, 0x70, 0x0, 0x0, 0x6f,
    0xff, 0xff, 0xff, 0xc0, 0x8f, 0xff, 0xff, 0xff,
    0x50, 0x0, 0x0, 0x1f, 0xff, 0xff, 0xff, 0xd0,
    0x7f, 0xff, 0xff, 0xff, 0xa0, 0x0, 0x0, 0xf,
    0xff, 0xff, 0xff, 0xd0, 0x3f, 0xff, 0xff, 0xff,
    0xf8, 0x0, 0x0, 0x2, 0x33, 0x33, 0x33, 0x10,
    0xe, 0xff, 0xff, 0xff, 0xff, 0xd5, 0x0, 0x0,
    0x0, 0x0, 0x0, 0x0, 0x6, 0xff, 0xff, 0xff,
    0xff, 0xff, 0xc5, 0x0, 0x0, 0x0, 0x0, 0x0,
    0x0, 0x9f, 0xff, 0xff, 0xff, 0xff, 0xff, 0xc4,
    0x0, 0x0, 0x0, 0x0, 0x0, 0xb, 0xff, 0xff,
    0xff, 0xff, 0xff, 0xff, 0xb2, 0x0, 0x0, 0x0,
    0x0, 0x0, 0x8f, 0xff, 0xff, 0xff, 0xff, 0xff,
    0xff, 0x80, 0x0, 0x0, 0x0, 0x0, 0x3, 0xcf,
    0xff, 0xff, 0xff, 0xff, 0xff, 0xfd, 0x20, 0x0,
    0x0, 0x0, 0x0, 0x5, 0xdf, 0xff, 0xff, 0xff,
    0xff, 0xff, 0xe1, 0x0, 0x0, 0x0, 0x0, 0x0,
    0x5, 0xdf, 0xff, 0xff, 0xff, 0xff, 0xfc, 0x0,
    0x0, 0x0, 0x0, 0x0, 0x0, 0x5, 0xdf, 0xff,
    0xff, 0xff, 0xff, 0x60, 0x2, 0x22, 0x22, 0x21,
    0x0, 0x0, 0x6, 0xff, 0xff, 0xff, 0xff, 0xc0,
    0x9f, 0xff, 0xff, 0xff, 0x20, 0x0, 0x0, 0x4f,
    0xff, 0xff, 0xff, 0xf0, 0xaf, 0xff, 0xff, 0xff,
    0x40, 0x0, 0x0, 0xe, 0xff, 0xff, 0xff, 0xf0,
    0x9f, 0xff, 0xff, 0xff, 0x90, 0x0, 0x0, 0xf,
    0xff, 0xff, 0xff, 0xf0, 0x7f, 0xff, 0xff, 0xff,
    0xf8, 0x0, 0x1, 0xaf, 0xff, 0xff, 0xff, 0xd0,
    0x3f, 0xff, 0xff, 0xff, 0xff, 0xfd, 0xcf, 0xff,
    0xff, 0xff, 0xff, 0x90, 0xd, 0xff, 0xff, 0xff,
    0xff, 0xff, 0xff, 0xff, 0xff, 0xff, 0xff, 0x40,
    0x4, 0xff, 0xff, 0xff, 0xff, 0xff, 0xff, 0xff,
    0xff, 0xff, 0xfb, 0x0, 0x0, 0x7f, 0xff, 0xff,
    0xff, 0xff, 0xff, 0xff, 0xff, 0xff, 0xd1, 0x0,
    0x0, 0x7, 0xff, 0xff, 0xff, 0xff, 0xff, 0xff,
    0xff, 0xfc, 0x10, 0x0, 0x0, 0x0, 0x2b, 0xff,
    0xff, 0xff, 0xff, 0xff, 0xfe, 0x70, 0x0, 0x0,
    0x0, 0x0, 0x0, 0x27, 0xbd, 0xff, 0xfe, 0xc9,
    0x40, 0x0, 0x0, 0x0,

    /* U+0054 "T" */
    0xdf, 0xff, 0xff, 0xff, 0xff, 0xff, 0xff, 0xff,
    0xff, 0xff, 0xff, 0xfa, 0xff, 0xff, 0xff, 0xff,
    0xff, 0xff, 0xff, 0xff, 0xff, 0xff, 0xff, 0xfc,
    0xff, 0xff, 0xff, 0xff, 0xff, 0xff, 0xff, 0xff,
    0xff, 0xff, 0xff, 0xfc, 0xff, 0xff, 0xff, 0xff,
    0xff, 0xff, 0xff, 0xff, 0xff, 0xff, 0xff, 0xfc,
    0xff, 0xff, 0xff, 0xff, 0xff, 0xff, 0xff, 0xff,
    0xff, 0xff, 0xff, 0xfc, 0xff, 0xff, 0xff, 0xff,
    0xff, 0xff, 0xff, 0xff, 0xff, 0xff, 0xff, 0xfc,
    0xad, 0xdd, 0xdd, 0xde, 0xff, 0xff, 0xff, 0xff,
    0xdd, 0xdd, 0xdd, 0xd8, 0x0, 0x0, 0x0, 0x3,
    0xff, 0xff, 0xff, 0xfc, 0x0, 0x0, 0x0, 0x0,
    0x0, 0x0, 0x0, 0x3, 0xff, 0xff, 0xff, 0xfc,
    0x0, 0x0, 0x0, 0x0, 0x0, 0x0, 0x0, 0x3,
    0xff, 0xff, 0xff, 0xfc, 0x0, 0x0, 0x0, 0x0,
    0x0, 0x0, 0x0, 0x3, 0xff, 0xff, 0xff, 0xfc,
    0x0, 0x0, 0x0, 0x0, 0x0, 0x0, 0x0, 0x3,
    0xff, 0xff, 0xff, 0xfc, 0x0, 0x0, 0x0, 0x0,
    0x0, 0x0, 0x0, 0x3, 0xff, 0xff, 0xff, 0xfc,
    0x0, 0x0, 0x0, 0x0, 0x0, 0x0, 0x0, 0x3,
    0xff, 0xff, 0xff, 0xfc, 0x0, 0x0, 0x0, 0x0,
    0x0, 0x0, 0x0, 0x3, 0xff, 0xff, 0xff, 0xfc,
    0x0, 0x0, 0x0, 0x0, 0x0, 0x0, 0x0, 0x3,
    0xff, 0xff, 0xff, 0xfc, 0x0, 0x0, 0x0, 0x0,
    0x0, 0x0, 0x0, 0x3, 0xff, 0xff, 0xff, 0xfc,
    0x0, 0x0, 0x0, 0x0, 0x0, 0x0, 0x0, 0x3,
    0xff, 0xff, 0xff, 0xfc, 0x0, 0x0, 0x0, 0x0,
    0x0, 0x0, 0x0, 0x3, 0xff, 0xff, 0xff, 0xfc,
    0x0, 0x0, 0x0, 0x0, 0x0, 0x0, 0x0, 0x3,
    0xff, 0xff, 0xff, 0xfc, 0x0, 0x0, 0x0, 0x0,
    0x0, 0x0, 0x0, 0x3, 0xff, 0xff, 0xff, 0xfc,
    0x0, 0x0, 0x0, 0x0, 0x0, 0x0, 0x0, 0x3,
    0xff, 0xff, 0xff, 0xfc, 0x0, 0x0, 0x0, 0x0,
    0x0, 0x0, 0x0, 0x3, 0xff, 0xff, 0xff, 0xfc,
    0x0, 0x0, 0x0, 0x0, 0x0, 0x0, 0x0, 0x3,
    0xff, 0xff, 0xff, 0xfc, 0x0, 0x0, 0x0, 0x0,
    0x0, 0x0, 0x0, 0x3, 0xff, 0xff, 0xff, 0xfc,
    0x0, 0x0, 0x0, 0x0, 0x0, 0x0, 0x0, 0x3,
    0xff, 0xff, 0xff, 0xfc, 0x0, 0x0, 0x0, 0x0,
    0x0, 0x0, 0x0, 0x3, 0xff, 0xff, 0xff, 0xfc,
    0x0, 0x0, 0x0, 0x0, 0x0, 0x0, 0x0, 0x3,
    0xff, 0xff, 0xff, 0xfc, 0x0, 0x0, 0x0, 0x0,
    0x0, 0x0, 0x0, 0x3, 0xff, 0xff, 0xff, 0xfc,
    0x0, 0x0, 0x0, 0x0, 0x0, 0x0, 0x0, 0x3,
    0xff, 0xff, 0xff, 0xfc, 0x0, 0x0, 0x0, 0x0,
    0x0, 0x0, 0x0, 0x3, 0xff, 0xff, 0xff, 0xfc,
    0x0, 0x0, 0x0, 0x0, 0x0, 0x0, 0x0, 0x3,
    0xff, 0xff, 0xff, 0xfc, 0x0, 0x0, 0x0, 0x0,
    0x0, 0x0, 0x0, 0x2, 0xff, 0xff, 0xff, 0xfa,
    0x0, 0x0, 0x0, 0x0,

    /* U+0055 "U" */
    0x1f, 0xff, 0xff, 0xff, 0xb0, 0x0, 0x0, 0x4,
    0xff, 0xff, 0xff, 0xf8, 0x2f, 0xff, 0xff, 0xff,
    0xc0, 0x0, 0x0, 0x5, 0xff, 0xff, 0xff, 0xfa,
    0x2f, 0xff, 0xff, 0xff, 0xc0, 0x0, 0x0, 0x5,
    0xff, 0xff, 0xff, 0xfa, 0x2f, 0xff, 0xff, 0xff,
    0xc0, 0x0, 0x0, 0x5, 0xff, 0xff, 0xff, 0xfa,
    0x2f, 0xff, 0xff, 0xff, 0xc0, 0x0, 0x0, 0x5,
    0xff, 0xff, 0xff, 0xfa, 0x2f, 0xff, 0xff, 0xff,
    0xc0, 0x0, 0x0, 0x5, 0xff, 0xff, 0xff, 0xfa,
    0x2f, 0xff, 0xff, 0xff, 0xc0, 0x0, 0x0, 0x5,
    0xff, 0xff, 0xff, 0xfa, 0x2f, 0xff, 0xff, 0xff,
    0xc0, 0x0, 0x0, 0x5, 0xff, 0xff, 0xff, 0xfa,
    0x2f, 0xff, 0xff, 0xff, 0xc0, 0x0, 0x0, 0x5,
    0xff, 0xff, 0xff, 0xfa, 0x2f, 0xff, 0xff, 0xff,
    0xc0, 0x0, 0x0, 0x5, 0xff, 0xff, 0xff, 0xfa,
    0x2f, 0xff, 0xff, 0xff, 0xc0, 0x0, 0x0, 0x5,
    0xff, 0xff, 0xff, 0xfa, 0x2f, 0xff, 0xff, 0xff,
    0xc0, 0x0, 0x0, 0x5, 0xff, 0xff, 0xff, 0xfa,
    0x2f, 0xff, 0xff, 0xff, 0xc0, 0x0, 0x0, 0x5,
    0xff, 0xff, 0xff, 0xfa, 0x2f, 0xff, 0xff, 0xff,
    0xc0, 0x0, 0x0, 0x5, 0xff, 0xff, 0xff, 0xfa,
    0x2f, 0xff, 0xff, 0xff, 0xc0, 0x0, 0x0, 0x5,
    0xff, 0xff, 0xff, 0xfa, 0x2f, 0xff, 0xff, 0xff,
    0xc0, 0x0, 0x0, 0x5, 0xff, 0xff, 0xff, 0xfa,
    0x2f, 0xff, 0xff, 0xff, 0xc0, 0x0, 0x0, 0x5,
    0xff, 0xff, 0xff, 0xfa, 0x2f, 0xff, 0xff, 0xff,
    0xc0, 0x0, 0x0, 0x5, 0xff, 0xff, 0xff, 0xfa,
    0x2f, 0xff, 0xff, 0xff, 0xc0, 0x0, 0x0, 0x5,
    0xff, 0xff, 0xff, 0xfa, 0x2f, 0xff, 0xff, 0xff,
    0xc0, 0x0, 0x0, 0x5, 0xff, 0xff, 0xff, 0xfa,
    0x2f, 0xff, 0xff, 0xff, 0xc0, 0x0, 0x0, 0x5,
    0xff, 0xff, 0xff, 0xfa, 0x2f, 0xff, 0xff, 0xff,
    0xc0, 0x0, 0x0, 0x5, 0xff, 0xff, 0xff, 0xfa,
    0x2f, 0xff, 0xff, 0xff, 0xc0, 0x0, 0x0, 0x5,
    0xff, 0xff, 0xff, 0xf9, 0x1f, 0xff, 0xff, 0xff,
    0xf0, 0x0, 0x0, 0x7, 0xff, 0xff, 0xff, 0xf8,
    0xf, 0xff, 0xff, 0xff, 0xf4, 0x0, 0x0, 0xd,
    0xff, 0xff, 0xff, 0xf6, 0xc, 0xff, 0xff, 0xff,
    0xfe, 0x30, 0x0, 0x9f, 0xff, 0xff, 0xff, 0xf3,
    0x6, 0xff, 0xff, 0xff, 0xff, 0xfd, 0xcf, 0xff,
    0xff, 0xff, 0xff, 0xd0, 0x0, 0xef, 0xff, 0xff,
    0xff, 0xff, 0xff, 0xff, 0xff, 0xff, 0xff, 0x60,
    0x0, 0x6f, 0xff, 0xff, 0xff, 0xff, 0xff, 0xff,
    0xff, 0xff, 0xfc, 0x0, 0x0, 0x9, 0xff, 0xff,
    0xff, 0xff, 0xff, 0xff, 0xff, 0xff, 0xe2, 0x0,
    0x0, 0x0, 0x8f, 0xff, 0xff, 0xff, 0xff, 0xff,
    0xff, 0xfd, 0x20, 0x0, 0x0, 0x0, 0x3, 0xcf,
    0xff, 0xff, 0xff, 0xff, 0xff, 0x80, 0x0, 0x0,
    0x0, 0x0, 0x0, 0x3, 0x8b, 0xef, 0xff, 0xda,
    0x50, 0x0, 0x0, 0x0,

    /* U+0056 "V" */
    0xef, 0xff, 0xff, 0xff, 0x70, 0x0, 0x0, 0x0,
    0xe, 0xff, 0xff, 0xff, 0xf4, 0xcf, 0xff, 0xff,
    0xff, 0xb0, 0x0, 0x0, 0x0, 0x3f, 0xff, 0xff,
    0xff, 0xf2, 0x7f, 0xff, 0xff, 0xff, 0xf0, 0x0,
    0x0, 0x0, 0x6f, 0xff, 0xff, 0xff, 0xd0, 0x3f,
    0xff, 0xff, 0xff, 0xf2, 0x0, 0x0, 0x0, 0x9f,
    0xff, 0xff, 0xff, 0x90, 0xf, 0xff, 0xff, 0xff,
    0xf5, 0x0, 0x0, 0x0, 0xcf, 0xff, 0xff, 0xff,
    0x50, 0xb, 0xff, 0xff, 0xff, 0xf9, 0x0, 0x0,
    0x0, 0xff, 0xff, 0xff, 0xff, 0x10, 0x7, 0xff,
    0xff, 0xff, 0xfc, 0x0, 0x0, 0x3, 0xff, 0xff,
    0xff, 0xfd, 0x0, 0x3, 0xff, 0xff, 0xff, 0xff,
    0x0, 0x0, 0x6, 0xff, 0xff, 0xff, 0xf8, 0x0,
    0x0, 0xef, 0xff, 0xff, 0xff, 0x20, 0x0, 0x9,
    0xff, 0xff, 0xff, 0xf4, 0x0, 0x0, 0xbf, 0xff,
    0xff, 0xff, 0x60, 0x0, 0xc, 0xff, 0xff, 0xff,
    0xf0, 0x0, 0x0, 0x6f, 0xff, 0xff, 0xff, 0x90,
    0x0, 0xf, 0xff, 0xff, 0xff, 0xc0, 0x0, 0x0,
    0x2f, 0xff, 0xff, 0xff, 0xc0, 0x0, 0x3f, 0xff,
    0xff, 0xff, 0x80, 0x0, 0x0, 0xe, 0xff, 0xff,
    0xff, 0xf0, 0x0, 0x6f, 0xff, 0xff, 0xff, 0x30,
    0x0, 0x0, 0xa, 0xff, 0xff, 0xff, 0xf3, 0x0,
    0x9f, 0xff, 0xff, 0xff, 0x0, 0x0, 0x0, 0x6,
    0xff, 0xff, 0xff, 0xf6, 0x0, 0xcf, 0xff, 0xff,
    0xfb, 0x0, 0x0, 0x0, 0x2, 0xff, 0xff, 0xff,
    0xfa, 0x0, 0xff, 0xff, 0xff, 0xf7, 0x0, 0x0,
    0x0, 0x0, 0xef, 0xff, 0xff, 0xfd, 0x3, 0xff,
    0xff, 0xff, 0xf3, 0x0, 0x0, 0x0, 0x0, 0x9f,
    0xff, 0xff, 0xff, 0x6, 0xff, 0xff, 0xff, 0xe0,
    0x0, 0x0, 0x0, 0x0, 0x5f, 0xff, 0xff, 0xff,
    0x39, 0xff, 0xff, 0xff, 0xa0, 0x0, 0x0, 0x0,
    0x0, 0x1f, 0xff, 0xff, 0xff, 0x7c, 0xff, 0xff,
    0xff, 0x60, 0x0, 0x0, 0x0, 0x0, 0xd, 0xff,
    0xff, 0xff, 0xbf, 0xff, 0xff, 0xff, 0x20, 0x0,
    0x0, 0x0, 0x0, 0x9, 0xff, 0xff, 0xff, 0xff,
    0xff, 0xff, 0xfe, 0x0, 0x0, 0x0, 0x0, 0x0,
    0x5, 0xff, 0xff, 0xff, 0xff, 0xff, 0xff, 0xfa,
    0x0, 0x0, 0x0, 0x0, 0x0, 0x1, 0xff, 0xff,
    0xff, 0xff, 0xff, 0xff, 0xf5, 0x0, 0x0, 0x0,
    0x0, 0x0, 0x0, 0xdf, 0xff, 0xff, 0xff, 0xff,
    0xff, 0xf1, 0x0, 0x0, 0x0, 0x0, 0x0, 0x0,
    0x8f, 0xff, 0xff, 0xff, 0xff, 0xff, 0xd0, 0x0,
    0x0, 0x0, 0x0, 0x0, 0x0, 0x4f, 0xff, 0xff,
    0xff, 0xff, 0xff, 0x90, 0x0, 0x0, 0x0, 0x0,
    0x0, 0x0, 0xf, 0xff, 0xff, 0xff, 0xff, 0xff,
    0x50, 0x0, 0x0, 0x0, 0x0, 0x0, 0x0, 0xc,
    0xff, 0xff, 0xff, 0xff, 0xff, 0x10, 0x0, 0x0,
    0x0, 0x0, 0x0, 0x0, 0x8, 0xff, 0xff, 0xff,
    0xff, 0xfc, 0x0, 0x0, 0x0, 0x0, 0x0, 0x0,
    0x0, 0x4, 0xff, 0xff, 0xff, 0xff, 0xf8, 0x0,
    0x0, 0x0, 0x0, 0x0, 0x0, 0x0, 0x0, 0xff,
    0xff, 0xff, 0xff, 0xf4, 0x0, 0x0, 0x0, 0x0,
    0x0, 0x0, 0x0, 0x0, 0xaf, 0xff, 0xff, 0xff,
    0xe0, 0x0, 0x0, 0x0, 0x0,

    /* U+0057 "W" */
    0xf, 0xff, 0xff, 0xff, 0xf3, 0x0, 0x0, 0x3,
    0xff, 0xff, 0xff, 0xf1, 0x0, 0x0, 0x6, 0xff,
    0xff, 0xff, 0xf8, 0xd, 0xff, 0xff, 0xff, 0xf7,
    0x0, 0x0, 0x7, 0xff, 0xff, 0xff, 0xf4, 0x0,
    0x0, 0xa, 0xff, 0xff, 0xff, 0xf6, 0x9, 0xff,
    0xff, 0xff, 0xfa, 0x0, 0x0, 0xa, 0xff, 0xff,
    0xff, 0xf7, 0x0, 0x0, 0xd, 0xff, 0xff, 0xff,
    0xf3, 0x5, 0xff, 0xff, 0xff, 0xfd, 0x0, 0x0,
    0xd, 0xff, 0xff, 0xff, 0xfb, 0x0, 0x0, 0xf,
    0xff, 0xff, 0xff, 0xf0, 0x1, 0xff, 0xff, 0xff,
    0xff, 0x0, 0x0, 0xf, 0xff, 0xff, 0xff, 0xfe,
    0x0, 0x0, 0x2f, 0xff, 0xff, 0xff, 0xc0, 0x0,
    0xdf, 0xff, 0xff, 0xff, 0x30, 0x0, 0x3f, 0xff,
    0xff, 0xff, 0xff, 0x10, 0x0, 0x5f, 0xff, 0xff,
    0xff, 0x80, 0x0, 0x9f, 0xff, 0xff, 0xff, 0x60,
    0x0, 0x6f, 0xff, 0xff, 0xff, 0xff, 0x40, 0x0,
    0x8f, 0xff, 0xff, 0xff, 0x40, 0x0, 0x5f, 0xff,
    0xff, 0xff, 0x90, 0x0, 0x9f, 0xff, 0xff, 0xff,
    0xff, 0x70, 0x0, 0xbf, 0xff, 0xff, 0xff, 0x10,
    0x0, 0x2f, 0xff, 0xff, 0xff, 0xd0, 0x0, 0xcf,
    0xff, 0xff, 0xff, 0xff, 0xa0, 0x0, 0xef, 0xff,
    0xff, 0xfd, 0x0, 0x0, 0xe, 0xff, 0xff, 0xff,
    0xf0, 0x0, 0xef, 0xff, 0xff, 0xff, 0xff, 0xe0,
    0x1, 0xff, 0xff, 0xff, 0xfa, 0x0, 0x0, 0xa,
    0xff, 0xff, 0xff, 0xf3, 0x1, 0xff, 0xff, 0xff,
    0xff, 0xff, 0xf1, 0x3, 0xff, 0xff, 0xff, 0xf6,
    0x0, 0x0, 0x6, 0xff, 0xff, 0xff, 0xf6, 0x4,
    0xff, 0xff, 0xff, 0xff, 0xff, 0xf4, 0x6, 0xff,
    0xff, 0xff, 0xf2, 0x0, 0x0, 0x2, 0xff, 0xff,
    0xff, 0xf9, 0x7, 0xff, 0xff, 0xff, 0xff, 0xff,
    0xf7, 0x9, 0xff, 0xff, 0xff, 0xf0, 0x0, 0x0,
    0x0, 0xef, 0xff, 0xff, 0xfc, 0xa, 0xff, 0xff,
    0xff, 0xff, 0xff, 0xfa, 0xc, 0xff, 0xff, 0xff,
    0xb0, 0x0, 0x0, 0x0, 0xaf, 0xff, 0xff, 0xff,
    0xd, 0xff, 0xff, 0xff, 0xff, 0xff, 0xfe, 0xf,
    0xff, 0xff, 0xff, 0x80, 0x0, 0x0, 0x0, 0x6f,
    0xff, 0xff, 0xff, 0x3f, 0xff, 0xff, 0xfa, 0xff,
    0xff, 0xff, 0x3f, 0xff, 0xff, 0xff, 0x40, 0x0,
    0x0, 0x0, 0x2f, 0xff, 0xff, 0xff, 0x9f, 0xff,
    0xff, 0xf5, 0xff, 0xff, 0xff, 0x9f, 0xff, 0xff,
    0xff, 0x10, 0x0, 0x0, 0x0, 0xe, 0xff, 0xff,
    0xff, 0xff, 0xff, 0xff, 0xc2, 0xff, 0xff, 0xff,
    0xff, 0xff, 0xff, 0xfd, 0x0, 0x0, 0x0, 0x0,
    0xb, 0xff, 0xff, 0xff, 0xff, 0xff, 0xff, 0x90,
    0xff, 0xff, 0xff, 0xff, 0xff, 0xff, 0xf9, 0x0,
    0x0, 0x0, 0x0, 0x7, 0xff, 0xff, 0xff, 0xff,
    0xff, 0xff, 0x70, 0xcf, 0xff, 0xff, 0xff, 0xff,
    0xff, 0xf6, 0x0, 0x0, 0x0, 0x0, 0x3, 0xff,
    0xff, 0xff, 0xff, 0xff, 0xff, 0x40, 0x8f, 0xff,
    0xff, 0xff, 0xff, 0xff, 0xf2, 0x0, 0x0, 0x0,
    0x0, 0x0, 0xff, 0xff, 0xff, 0xff, 0xff, 0xff,
    0x10, 0x5f, 0xff, 0xff, 0xff, 0xff, 0xff, 0xe0,
    0x0, 0x0, 0x0, 0x0, 0x0, 0xbf, 0xff, 0xff,
    0xff, 0xff, 0xff, 0x0, 0x2f, 0xff, 0xff, 0xff,
    0xff, 0xff, 0xb0, 0x0, 0x0, 0x0, 0x0, 0x0,
    0x7f, 0xff, 0xff, 0xff, 0xff, 0xfc, 0x0, 0xf,
    0xff, 0xff, 0xff, 0xff, 0xff, 0x70, 0x0, 0x0,
    0x0, 0x0, 0x0, 0x3f, 0xff, 0xff, 0xff, 0xff,
    0xf9, 0x0, 0xc, 0xff, 0xff, 0xff, 0xff, 0xff,
    0x40, 0x0, 0x0, 0x0, 0x0, 0x0, 0xf, 0xff,
    0xff, 0xff, 0xff, 0xf6, 0x0, 0x9, 0xff, 0xff,
    0xff, 0xff, 0xff, 0x0, 0x0, 0x0, 0x0, 0x0,
    0x0, 0xb, 0xff, 0xff, 0xff, 0xff, 0xf4, 0x0,
    0x6, 0xff, 0xff, 0xff, 0xff, 0xfd, 0x0, 0x0,
    0x0, 0x0, 0x0, 0x0, 0x7, 0xff, 0xff, 0xff,
    0xff, 0xf1, 0x0, 0x3, 0xff, 0xff, 0xff, 0xff,
    0xf9, 0x0, 0x0, 0x0, 0x0, 0x0, 0x0, 0x4,
    0xff, 0xff, 0xff, 0xff, 0xe0, 0x0, 0x0, 0xff,
    0xff, 0xff, 0xff, 0xf5, 0x0, 0x0, 0x0, 0x0,
    0x0, 0x0, 0x0, 0xff, 0xff, 0xff, 0xff, 0xc0,
    0x0, 0x0, 0xdf, 0xff, 0xff, 0xff, 0xf2, 0x0,
    0x0, 0x0, 0x0, 0x0, 0x0, 0x0, 0xcf, 0xff,
    0xff, 0xff, 0x90, 0x0, 0x0, 0xaf, 0xff, 0xff,
    0xff, 0xe0, 0x0, 0x0, 0x0, 0x0, 0x0, 0x0,
    0x0, 0x8f, 0xff, 0xff, 0xff, 0x60, 0x0, 0x0,
    0x7f, 0xff, 0xff, 0xff, 0xb0, 0x0, 0x0, 0x0,
    0x0, 0x0, 0x0, 0x0, 0x3f, 0xff, 0xff, 0xff,
    0x30, 0x0, 0x0, 0x3f, 0xff, 0xff, 0xff, 0x60,
    0x0, 0x0, 0x0,

    /* U+0058 "X" */
    0xcf, 0xff, 0xff, 0xff, 0x70, 0x0, 0x0, 0x0,
    0x3f, 0xff, 0xff, 0xff, 0xf0, 0x6f, 0xff, 0xff,
    0xff, 0xe0, 0x0, 0x0, 0x0, 0xaf, 0xff, 0xff,
    0xff, 0xa0, 0xe, 0xff, 0xff, 0xff, 0xf6, 0x0,
    0x0, 0x2, 0xff, 0xff, 0xff, 0xff, 0x20, 0x6,
    0xff, 0xff, 0xff, 0xfd, 0x0, 0x0, 0x9, 0xff,
    0xff, 0xff, 0xfa, 0x0, 0x0, 0xef, 0xff, 0xff,
    0xff, 0x50, 0x0, 0x1f, 0xff, 0xff, 0xff, 0xf2,
    0x0, 0x0, 0x6f, 0xff, 0xff, 0xff, 0xc0, 0x0,
    0x7f, 0xff, 0xff, 0xff, 0xa0, 0x0, 0x0, 0xe,
    0xff, 0xff, 0xff, 0xf3, 0x0, 0xef, 0xff, 0xff,
    0xff, 0x30, 0x0, 0x0, 0x7, 0xff, 0xff, 0xff,
    0xfa, 0x6, 0xff, 0xff, 0xff, 0xfb, 0x0, 0x0,
    0x0, 0x0, 0xef, 0xff, 0xff, 0xff, 0x2d, 0xff,
    0xff, 0xff, 0xf3, 0x0, 0x0, 0x0, 0x0, 0x7f,
    0xff, 0xff, 0xff, 0xdf, 0xff, 0xff, 0xff, 0xb0,
    0x0, 0x0, 0x0, 0x0, 0xe, 0xff, 0xff, 0xff,
    0xff, 0xff, 0xff, 0xff, 0x30, 0x0, 0x0, 0x0,
    0x0, 0x7, 0xff, 0xff, 0xff, 0xff, 0xff, 0xff,
    0xfb, 0x0, 0x0, 0x0, 0x0, 0x0, 0x0, 0xef,
    0xff, 0xff, 0xff, 0xff, 0xff, 0xf3, 0x0, 0x0,
    0x0, 0x0, 0x0, 0x0, 0x7f, 0xff, 0xff, 0xff,
    0xff, 0xff, 0xc0, 0x0, 0x0, 0x0, 0x0, 0x0,
    0x0, 0xe, 0xff, 0xff, 0xff, 0xff, 0xff, 0x40,
    0x0, 0x0, 0x0, 0x0, 0x0, 0x0, 0x7, 0xff,
    0xff, 0xff, 0xff, 0xfc, 0x0, 0x0, 0x0, 0x0,
    0x0, 0x0, 0x0, 0x2, 0xff, 0xff, 0xff, 0xff,
    0xf6, 0x0, 0x0, 0x0, 0x0, 0x0, 0x0, 0x0,
    0x8, 0xff, 0xff, 0xff, 0xff, 0xfc, 0x0, 0x0,
    0x0, 0x0, 0x0, 0x0, 0x0, 0xe, 0xff, 0xff,
    0xff, 0xff, 0xff, 0x40, 0x0, 0x0, 0x0, 0x0,
    0x0, 0x0, 0x7f, 0xff, 0xff, 0xff, 0xff, 0xff,
    0xb0, 0x0, 0x0, 0x0, 0x0, 0x0, 0x0, 0xef,
    0xff, 0xff, 0xff, 0xff, 0xff, 0xf3, 0x0, 0x0,
    0x0, 0x0, 0x0, 0x7, 0xff, 0xff, 0xff, 0xff,
    0xff, 0xff, 0xfb, 0x0, 0x0, 0x0, 0x0, 0x0,
    0xe, 0xff, 0xff, 0xff, 0xff, 0xff, 0xff, 0xff,
    0x30, 0x0, 0x0, 0x0, 0x0, 0x7f, 0xff, 0xff,
    0xff, 0xdf, 0xff, 0xff, 0xff, 0xb0, 0x0, 0x0,
    0x0, 0x0, 0xef, 0xff, 0xff, 0xff, 0x2d, 0xff,
    0xff, 0xff, 0xf3, 0x0, 0x0, 0x0, 0x7, 0xff,
    0xff, 0xff, 0xfa, 0x6, 0xff, 0xff, 0xff, 0xfb,
    0x0, 0x0, 0x0, 0xe, 0xff, 0xff, 0xff, 0xf3,
    0x0, 0xef, 0xff, 0xff, 0xff, 0x30, 0x0, 0x0,
    0x6f, 0xff, 0xff, 0xff, 0xc0, 0x0, 0x7f, 0xff,
    0xff, 0xff, 0xa0, 0x0, 0x0, 0xef, 0xff, 0xff,
    0xff, 0x40, 0x0, 0xf, 0xff, 0xff, 0xff, 0xf2,
    0x0, 0x6, 0xff, 0xff, 0xff, 0xfd, 0x0, 0x0,
    0x8, 0xff, 0xff, 0xff, 0xfa, 0x0, 0xe, 0xff,
    0xff, 0xff, 0xf6, 0x0, 0x0, 0x1, 0xff, 0xff,
    0xff, 0xff, 0x20, 0x6f, 0xff, 0xff, 0xff, 0xe0,
    0x0, 0x0, 0x0, 0xaf, 0xff, 0xff, 0xff, 0xa0,
    0xbf, 0xff, 0xff, 0xff, 0x70, 0x0, 0x0, 0x0,
    0x2f, 0xff, 0xff, 0xff, 0xf0,

    /* U+0059 "Y" */
    0xcf, 0xff, 0xff, 0xff, 0x80, 0x0, 0x0, 0x0,
    0x7f, 0xff, 0xff, 0xff, 0xc8, 0xff, 0xff, 0xff,
    0xfe, 0x0, 0x0, 0x0, 0xd, 0xff, 0xff, 0xff,
    0xf8, 0x1f, 0xff, 0xff, 0xff, 0xf3, 0x0, 0x0,
    0x2, 0xff, 0xff, 0xff, 0xff, 0x10, 0xaf, 0xff,
    0xff, 0xff, 0x90, 0x0, 0x0, 0x8f, 0xff, 0xff,
    0xff, 0xb0, 0x4, 0xff, 0xff, 0xff, 0xfe, 0x0,
    0x0, 0xd, 0xff, 0xff, 0xff, 0xf4, 0x0, 0xd,
    0xff, 0xff, 0xff, 0xf4, 0x0, 0x3, 0xff, 0xff,
    0xff, 0xfd, 0x0, 0x0, 0x7f, 0xff, 0xff, 0xff,
    0x90, 0x0, 0x8f, 0xff, 0xff, 0xff, 0x70, 0x0,
    0x1, 0xff, 0xff, 0xff, 0xfe, 0x0, 0xe, 0xff,
    0xff, 0xff, 0xf1, 0x0, 0x0, 0x9, 0xff, 0xff,
    0xff, 0xf4, 0x3, 0xff, 0xff, 0xff, 0xf9, 0x0,
    0x0, 0x0, 0x3f, 0xff, 0xff, 0xff, 0xa0, 0x9f,
    0xff, 0xff, 0xff, 0x30, 0x0, 0x0, 0x0, 0xcf,
    0xff, 0xff, 0xff, 0xe, 0xff, 0xff, 0xff, 0xc0,
    0x0, 0x0, 0x0, 0x5, 0xff, 0xff, 0xff, 0xf9,
    0xff, 0xff, 0xff, 0xf5, 0x0, 0x0, 0x0, 0x0,
    0xe, 0xff, 0xff, 0xff, 0xff, 0xff, 0xff, 0xfe,
    0x0, 0x0, 0x0, 0x0, 0x0, 0x8f, 0xff, 0xff,
    0xff, 0xff, 0xff, 0xff, 0x80, 0x0, 0x0, 0x0,
    0x0, 0x2, 0xff, 0xff, 0xff, 0xff, 0xff, 0xff,
    0xf2, 0x0, 0x0, 0x0, 0x0, 0x0, 0xb, 0xff,
    0xff, 0xff, 0xff, 0xff, 0xfb, 0x0, 0x0, 0x0,
    0x0, 0x0, 0x0, 0x4f, 0xff, 0xff, 0xff, 0xff,
    0xff, 0x40, 0x0, 0x0, 0x0, 0x0, 0x0, 0x0,
    0xef, 0xff, 0xff, 0xff, 0xff, 0xd0, 0x0, 0x0,
    0x0, 0x0, 0x0, 0x0, 0x7, 0xff, 0xff, 0xff,
    0xff, 0xf7, 0x0, 0x0, 0x0, 0x0, 0x0, 0x0,
    0x0, 0x1f, 0xff, 0xff, 0xff, 0xff, 0x10, 0x0,
    0x0, 0x0, 0x0, 0x0, 0x0, 0x0, 0xaf, 0xff,
    0xff, 0xff, 0xa0, 0x0, 0x0, 0x0, 0x0, 0x0,
    0x0, 0x0, 0x8, 0xff, 0xff, 0xff, 0xf7, 0x0,
    0x0, 0x0, 0x0, 0x0, 0x0, 0x0, 0x0, 0x8f,
    0xff, 0xff, 0xff, 0x70, 0x0, 0x0, 0x0, 0x0,
    0x0, 0x0, 0x0, 0x8, 0xff, 0xff, 0xff, 0xf7,
    0x0, 0x0, 0x0, 0x0, 0x0, 0x0, 0x0, 0x0,
    0x8f, 0xff, 0xff, 0xff, 0x70, 0x0, 0x0, 0x0,
    0x0, 0x0, 0x0, 0x0, 0x8, 0xff, 0xff, 0xff,
    0xf7, 0x0, 0x0, 0x0, 0x0, 0x0, 0x0, 0x0,
    0x0, 0x8f, 0xff, 0xff, 0xff, 0x70, 0x0, 0x0,
    0x0, 0x0, 0x0, 0x0, 0x0, 0x8, 0xff, 0xff,
    0xff, 0xf7, 0x0, 0x0, 0x0, 0x0, 0x0, 0x0,
    0x0, 0x0, 0x8f, 0xff, 0xff, 0xff, 0x70, 0x0,
    0x0, 0x0, 0x0, 0x0, 0x0, 0x0, 0x8, 0xff,
    0xff, 0xff, 0xf7, 0x0, 0x0, 0x0, 0x0, 0x0,
    0x0, 0x0, 0x0, 0x8f, 0xff, 0xff, 0xff, 0x70,
    0x0, 0x0, 0x0, 0x0, 0x0, 0x0, 0x0, 0x8,
    0xff, 0xff, 0xff, 0xf7, 0x0, 0x0, 0x0, 0x0,
    0x0, 0x0, 0x0, 0x0, 0x6f, 0xff, 0xff, 0xff,
    0x60, 0x0, 0x0, 0x0, 0x0,

    /* U+005A "Z" */
    0xdf, 0xff, 0xff, 0xff, 0xff, 0xff, 0xff, 0xff,
    0xff, 0xff, 0xf3, 0xff, 0xff, 0xff, 0xff, 0xff,
    0xff, 0xff, 0xff, 0xff, 0xff, 0xf4, 0xff, 0xff,
    0xff, 0xff, 0xff, 0xff, 0xff, 0xff, 0xff, 0xff,
    0xf4, 0xff, 0xff, 0xff, 0xff, 0xff, 0xff, 0xff,
    0xff, 0xff, 0xff, 0xf4, 0xff, 0xff, 0xff, 0xff,
    0xff, 0xff, 0xff, 0xff, 0xff, 0xff, 0xf4, 0xff,
    0xff, 0xff, 0xff, 0xff, 0xff, 0xff, 0xff, 0xff,
    0xff, 0xf4, 0x9c, 0xcc, 0xcc, 0xcc, 0xcc, 0xcc,
    0xef, 0xff, 0xff, 0xff, 0xf3, 0x0, 0x0, 0x0,
    0x0, 0x0, 0x0, 0xcf, 0xff, 0xff, 0xff, 0xe0,
    0x0, 0x0, 0x0, 0x0, 0x0, 0x7, 0xff, 0xff,
    0xff, 0xff, 0x40, 0x0, 0x0, 0x0, 0x0, 0x0,
    0x2f, 0xff, 0xff, 0xff, 0xf9, 0x0, 0x0, 0x0,
    0x0, 0x0, 0x0, 0xcf, 0xff, 0xff, 0xff, 0xe1,
    0x0, 0x0, 0x0, 0x0, 0x0, 0x6, 0xff, 0xff,
    0xff, 0xff, 0x40, 0x0, 0x0, 0x0, 0x0, 0x0,
    0x2f, 0xff, 0xff, 0xff, 0xfa, 0x0, 0x0, 0x0,
    0x0, 0x0, 0x0, 0xbf, 0xff, 0xff, 0xff, 0xe1,
    0x0, 0x0, 0x0, 0x0, 0x0, 0x6, 0xff, 0xff,
    0xff, 0xff, 0x50, 0x0, 0x0, 0x0, 0x0, 0x0,
    0x1f, 0xff, 0xff, 0xff, 0xfa, 0x0, 0x0, 0x0,
    0x0, 0x0, 0x0, 0xbf, 0xff, 0xff, 0xff, 0xe1,
    0x0, 0x0, 0x0, 0x0, 0x0, 0x5, 0xff, 0xff,
    0xff, 0xff, 0x50, 0x0, 0x0, 0x0, 0x0, 0x0,
    0x1e, 0xff, 0xff, 0xff, 0xfb, 0x0, 0x0, 0x0,
    0x0, 0x0, 0x0, 0xaf, 0xff, 0xff, 0xff, 0xe1,
    0x0, 0x0, 0x0, 0x0, 0x0, 0x5, 0xff, 0xff,
    0xff, 0xff, 0x60, 0x0, 0x0, 0x0, 0x0, 0x0,
    0x1e, 0xff, 0xff, 0xff, 0xfb, 0x0, 0x0, 0x0,
    0x0, 0x0, 0x0, 0xaf, 0xff, 0xff, 0xff, 0xf1,
    0x0, 0x0, 0x0, 0x0, 0x0, 0x4, 0xff, 0xff,
    0xff, 0xff, 0x60, 0x0, 0x0, 0x0, 0x0, 0x0,
    0xe, 0xff, 0xff, 0xff, 0xfb, 0x0, 0x0, 0x0,
    0x0, 0x0, 0x0, 0x9f, 0xff, 0xff, 0xff, 0xf2,
    0x0, 0x0, 0x0, 0x0, 0x0, 0x0, 0xef, 0xff,
    0xff, 0xff, 0xfc, 0xcc, 0xcc, 0xcc, 0xcc, 0xcc,
    0xb1, 0xff, 0xff, 0xff, 0xff, 0xff, 0xff, 0xff,
    0xff, 0xff, 0xff, 0xf4, 0xff, 0xff, 0xff, 0xff,
    0xff, 0xff, 0xff, 0xff, 0xff, 0xff, 0xf4, 0xff,
    0xff, 0xff, 0xff, 0xff, 0xff, 0xff, 0xff, 0xff,
    0xff, 0xf4, 0xff, 0xff, 0xff, 0xff, 0xff, 0xff,
    0xff, 0xff, 0xff, 0xff, 0xf4, 0xff, 0xff, 0xff,
    0xff, 0xff, 0xff, 0xff, 0xff, 0xff, 0xff, 0xf4,
    0xdf, 0xff, 0xff, 0xff, 0xff, 0xff, 0xff, 0xff,
    0xff, 0xff, 0xf3,

    /* U+005B "[" */
    0x5f, 0xff, 0xff, 0xff, 0xff, 0xff, 0xf1, 0x7f,
    0xff, 0xff, 0xff, 0xff, 0xff, 0xf2, 0x7f, 0xff,
    0xff, 0xff, 0xff, 0xff, 0xf2, 0x7f, 0xff, 0xff,
    0xff, 0xff, 0xff, 0xf2, 0x7f, 0xff, 0xff, 0xff,
    0xff, 0xff, 0xf2, 0x7f, 0xff, 0xff, 0xff, 0xff,
    0xff, 0xf2, 0x7f, 0xff, 0xff, 0xff, 0xec, 0xcc,
    0xc1, 0x7f, 0xff, 0xff, 0xff, 0x80, 0x0, 0x0,
    0x7f, 0xff, 0xff, 0xff, 0x80, 0x0, 0x0, 0x7f,
    0xff, 0xff, 0xff, 0x80, 0x0, 0x0, 0x7f, 0xff,
    0xff, 0xff, 0x80, 0x0, 0x0, 0x7f, 0xff, 0xff,
    0xff, 0x80, 0x0, 0x0, 0x7f, 0xff, 0xff, 0xff,
    0x80, 0x0, 0x0, 0x7f, 0xff, 0xff, 0xff, 0x80,
    0x0, 0x0, 0x7f, 0xff, 0xff, 0xff, 0x80, 0x0,
    0x0, 0x7f, 0xff, 0xff, 0xff, 0x80, 0x0, 0x0,
    0x7f, 0xff, 0xff, 0xff, 0x80, 0x0, 0x0, 0x7f,
    0xff, 0xff, 0xff, 0x80, 0x0, 0x0, 0x7f, 0xff,
    0xff, 0xff, 0x80, 0x0, 0x0, 0x7f, 0xff, 0xff,
    0xff, 0x80, 0x0, 0x0, 0x7f, 0xff, 0xff, 0xff,
    0x80, 0x0, 0x0, 0x7f, 0xff, 0xff, 0xff, 0x80,
    0x0, 0x0, 0x7f, 0xff, 0xff, 0xff, 0x80, 0x0,
    0x0, 0x7f, 0xff, 0xff, 0xff, 0x80, 0x0, 0x0,
    0x7f, 0xff, 0xff, 0xff, 0x80, 0x0, 0x0, 0x7f,
    0xff, 0xff, 0xff, 0x80, 0x0, 0x0, 0x7f, 0xff,
    0xff, 0xff, 0x80, 0x0, 0x0, 0x7f, 0xff, 0xff,
    0xff, 0x80, 0x0, 0x0, 0x7f, 0xff, 0xff, 0xff,
    0x80, 0x0, 0x0, 0x7f, 0xff, 0xff, 0xff, 0x80,
    0x0, 0x0, 0x7f, 0xff, 0xff, 0xff, 0x80, 0x0,
    0x0, 0x7f, 0xff, 0xff, 0xff, 0x80, 0x0, 0x0,
    0x7f, 0xff, 0xff, 0xff, 0x80, 0x0, 0x0, 0x7f,
    0xff, 0xff, 0xff, 0x80, 0x0, 0x0, 0x7f, 0xff,
    0xff, 0xff, 0x80, 0x0, 0x0, 0x7f, 0xff, 0xff,
    0xff, 0x80, 0x0, 0x0, 0x7f, 0xff, 0xff, 0xff,
    0x80, 0x0, 0x0, 0x7f, 0xff, 0xff, 0xff, 0x80,
    0x0, 0x0, 0x7f, 0xff, 0xff, 0xff, 0x80, 0x0,
    0x0, 0x7f, 0xff, 0xff, 0xff, 0xec, 0xcc, 0xc1,
    0x7f, 0xff, 0xff, 0xff, 0xff, 0xff, 0xf2, 0x7f,
    0xff, 0xff, 0xff, 0xff, 0xff, 0xf2, 0x7f, 0xff,
    0xff, 0xff, 0xff, 0xff, 0xf2, 0x7f, 0xff, 0xff,
    0xff, 0xff, 0xff, 0xf2, 0x7f, 0xff, 0xff, 0xff,
    0xff, 0xff, 0xf2, 0x6f, 0xff, 0xff, 0xff, 0xff,
    0xff, 0xf1,

    /* U+005C "\\" */
    0x2f, 0xff, 0xff, 0xff, 0xa0, 0x0, 0x0, 0x0,
    0x0, 0x0, 0x0, 0xef, 0xff, 0xff, 0xff, 0x10,
    0x0, 0x0, 0x0, 0x0, 0x0, 0x8, 0xff, 0xff,
    0xff, 0xf7, 0x0, 0x0, 0x0, 0x0, 0x0, 0x0,
    0x2f, 0xff, 0xff, 0xff, 0xd0, 0x0, 0x0, 0x0,
    0x0, 0x0, 0x0, 0xcf, 0xff, 0xff, 0xff, 0x30,
    0x0, 0x0, 0x0, 0x0, 0x0, 0x6, 0xff, 0xff,
    0xff, 0xf9, 0x0, 0x0, 0x0, 0x0, 0x0, 0x0,
    0xf, 0xff, 0xff, 0xff, 0xf0, 0x0, 0x0, 0x0,
    0x0, 0x0, 0x0, 0xaf, 0xff, 0xff, 0xff, 0x50,
    0x0, 0x0, 0x0, 0x0, 0x0, 0x4, 0xff, 0xff,
    0xff, 0xfb, 0x0, 0x0, 0x0, 0x0, 0x0, 0x0,
    0xe, 0xff, 0xff, 0xff, 0xf1, 0x0, 0x0, 0x0,
    0x0, 0x0, 0x0, 0x8f, 0xff, 0xff, 0xff, 0x70,
    0x0, 0x0, 0x0, 0x0, 0x0, 0x2, 0xff, 0xff,
    0xff, 0xfd, 0x0, 0x0, 0x0, 0x0, 0x0, 0x0,
    0xb, 0xff, 0xff, 0xff, 0xf4, 0x0, 0x0, 0x0,
    0x0, 0x0, 0x0, 0x5f, 0xff, 0xff, 0xff, 0xa0,
    0x0, 0x0, 0x0, 0x0, 0x0, 0x0, 0xff, 0xff,
    0xff, 0xff, 0x0, 0x0, 0x0, 0x0, 0x0, 0x0,
    0x9, 0xff, 0xff, 0xff, 0xf6, 0x0, 0x0, 0x0,
    0x0, 0x0, 0x0, 0x3f, 0xff, 0xff, 0xff, 0xc0,
    0x0, 0x0, 0x0, 0x0, 0x0, 0x0, 0xdf, 0xff,
    0xff, 0xff, 0x20, 0x0, 0x0, 0x0, 0x0, 0x0,
    0x7, 0xff, 0xff, 0xff, 0xf8, 0x0, 0x0, 0x0,
    0x0, 0x0, 0x0, 0x1f, 0xff, 0xff, 0xff, 0xe0,
    0x0, 0x0, 0x0, 0x0, 0x0, 0x0, 0xbf, 0xff,
    0xff, 0xff, 0x40, 0x0, 0x0, 0x0, 0x0, 0x0,
    0x5, 0xff, 0xff, 0xff, 0xfa, 0x0, 0x0, 0x0,
    0x0, 0x0, 0x0, 0xe, 0xff, 0xff, 0xff, 0xf1,
    0x0, 0x0, 0x0, 0x0, 0x0, 0x0, 0x9f, 0xff,
    0xff, 0xff, 0x60, 0x0, 0x0, 0x0, 0x0, 0x0,
    0x3, 0xff, 0xff, 0xff, 0xfc, 0x0, 0x0, 0x0,
    0x0, 0x0, 0x0, 0xd, 0xff, 0xff, 0xff, 0xf2,
    0x0, 0x0, 0x0, 0x0, 0x0, 0x0, 0x7f, 0xff,
    0xff, 0xff, 0x80, 0x0, 0x0, 0x0, 0x0, 0x0,
    0x1, 0xff, 0xff, 0xff, 0xfe, 0x0, 0x0, 0x0,
    0x0, 0x0, 0x0, 0xb, 0xff, 0xff, 0xff, 0xf4,
    0x0, 0x0, 0x0, 0x0, 0x0, 0x0, 0x5f, 0xff,
    0xff, 0xff, 0xa0, 0x0, 0x0, 0x0, 0x0, 0x0,
    0x0, 0xef, 0xff, 0xff, 0xff, 0x10, 0x0, 0x0,
    0x0, 0x0, 0x0, 0x9, 0xff, 0xff, 0xff, 0xf6,
    0x0, 0x0, 0x0, 0x0, 0x0, 0x0, 0x2f, 0xff,
    0xff, 0xff, 0xb0,

    /* U+005D "]" */
    0x2f, 0xff, 0xff, 0xff, 0xff, 0xff, 0xf4, 0x4f,
    0xff, 0xff, 0xff, 0xff, 0xff, 0xf6, 0x4f, 0xff,
    0xff, 0xff, 0xff, 0xff, 0xf6, 0x4f, 0xff, 0xff,
    0xff, 0xff, 0xff, 0xf6, 0x4f, 0xff, 0xff, 0xff,
    0xff, 0xff, 0xf6, 0x4f, 0xff, 0xff, 0xff, 0xff,
    0xff, 0xf6, 0x2c, 0xcc, 0xcf, 0xff, 0xff, 0xff,
    0xf6, 0x0, 0x0, 0x9, 0xff, 0xff, 0xff, 0xf6,
    0x0, 0x0, 0x9, 0xff, 0xff, 0xff, 0xf6, 0x0,
    0x0, 0x9, 0xff, 0xff, 0xff, 0xf6, 0x0, 0x0,
    0x9, 0xff, 0xff, 0xff, 0xf6, 0x0, 0x0, 0x9,
    0xff, 0xff, 0xff, 0xf6, 0x0, 0x0, 0x9, 0xff,
    0xff, 0xff, 0xf6, 0x0, 0x0, 0x9, 0xff, 0xff,
    0xff, 0xf6, 0x0, 0x0, 0x9, 0xff, 0xff, 0xff,
    0xf6, 0x0, 0x0, 0x9, 0xff, 0xff, 0xff, 0xf6,
    0x0, 0x0, 0x9, 0xff, 0xff, 0xff, 0xf6, 0x0,
    0x0, 0x9, 0xff, 0xff, 0xff, 0xf6, 0x0, 0x0,
    0x9, 0xff, 0xff, 0xff, 0xf6, 0x0, 0x0, 0x9,
    0xff, 0xff, 0xff, 0xf6, 0x0, 0x0, 0x9, 0xff,
    0xff, 0xff, 0xf6, 0x0, 0x0, 0x9, 0xff, 0xff,
    0xff, 0xf6, 0x0, 0x0, 0x9, 0xff, 0xff, 0xff,
    0xf6, 0x0, 0x0, 0x9, 0xff, 0xff, 0xff, 0xf6,
    0x0, 0x0, 0x9, 0xff, 0xff, 0xff, 0xf6, 0x0,
    0x0, 0x9, 0xff, 0xff, 0xff, 0xf6, 0x0, 0x0,
    0x9, 0xff, 0xff, 0xff, 0xf6, 0x0, 0x0, 0x9,
    0xff, 0xff, 0xff, 0xf6, 0x0, 0x0, 0x9, 0xff,
    0xff, 0xff, 0xf6, 0x0, 0x0, 0x9, 0xff, 0xff,
    0xff, 0xf6, 0x0, 0x0, 0x9, 0xff, 0xff, 0xff,
    0xf6, 0x0, 0x0, 0x9, 0xff, 0xff, 0xff, 0xf6,
    0x0, 0x0, 0x9, 0xff, 0xff, 0xff, 0xf6, 0x0,
    0x0, 0x9, 0xff, 0xff, 0xff, 0xf6, 0x0, 0x0,
    0x9, 0xff, 0xff, 0xff, 0xf6, 0x0, 0x0, 0x9,
    0xff, 0xff, 0xff, 0xf6, 0x0, 0x0, 0x9, 0xff,
    0xff, 0xff, 0xf6, 0x0, 0x0, 0x9, 0xff, 0xff,
    0xff, 0xf6, 0x0, 0x0, 0x9, 0xff, 0xff, 0xff,
    0xf6, 0x1c, 0xcc, 0xcf, 0xff, 0xff, 0xff, 0xf6,
    0x4f, 0xff, 0xff, 0xff, 0xff, 0xff, 0xf6, 0x4f,
    0xff, 0xff, 0xff, 0xff, 0xff, 0xf6, 0x4f, 0xff,
    0xff, 0xff, 0xff, 0xff, 0xf6, 0x4f, 0xff, 0xff,
    0xff, 0xff, 0xff, 0xf6, 0x4f, 0xff, 0xff, 0xff,
    0xff, 0xff, 0xf6, 0x2f, 0xff, 0xff, 0xff, 0xff,
    0xff, 0xf4,

    /* U+005E "^" */
    0x0, 0x0, 0x0, 0x15, 0x55, 0x55, 0x50, 0x0,
    0x0, 0x0, 0x0, 0x0, 0x0, 0xaf, 0xff, 0xff,
    0xf7, 0x0, 0x0, 0x0, 0x0, 0x0, 0x0, 0xff,
    0xff, 0xff, 0xfd, 0x0, 0x0, 0x0, 0x0, 0x0,
    0x5, 0xff, 0xff, 0xff, 0xff, 0x20, 0x0, 0x0,
    0x0, 0x0, 0xb, 0xff, 0xff, 0xff, 0xff, 0x80,
    0x0, 0x0, 0x0, 0x0, 0xf, 0xff, 0xff, 0xff,
    0xff, 0xd0, 0x0, 0x0, 0x0, 0x0, 0x5f, 0xff,
    0xff, 0xff, 0xff, 0xf2, 0x0, 0x0, 0x0, 0x0,
    0xbf, 0xff, 0xff, 0xff, 0xff, 0xf8, 0x0, 0x0,
    0x0, 0x0, 0xff, 0xff, 0xff, 0xff, 0xff, 0xfd,
    0x0, 0x0, 0x0, 0x5, 0xff, 0xff, 0xfc, 0xef,
    0xff, 0xff, 0x30, 0x0, 0x0, 0xb, 0xff, 0xff,
    0xf7, 0x9f, 0xff, 0xff, 0x80, 0x0, 0x0, 0xf,
    0xff, 0xff, 0xf3, 0x4f, 0xff, 0xff, 0xe0, 0x0,
    0x0, 0x5f, 0xff, 0xff, 0xe0, 0xf, 0xff, 0xff,
    0xf3, 0x0, 0x0, 0xbf, 0xff, 0xff, 0xa0, 0xc,
    0xff, 0xff, 0xf8, 0x0, 0x1, 0xff, 0xff, 0xff,
    0x50, 0x7, 0xff, 0xff, 0xfe, 0x0, 0x6, 0xff,
    0xff, 0xff, 0x10, 0x3, 0xff, 0xff, 0xff, 0x30,
    0xb, 0xff, 0xff, 0xfc, 0x0, 0x0, 0xef, 0xff,
    0xff, 0x90, 0x1f, 0xff, 0xff, 0xf8, 0x0, 0x0,
    0xaf, 0xff, 0xff, 0xe0, 0x6f, 0xff, 0xff, 0xf4,
    0x0, 0x0, 0x5f, 0xff, 0xff, 0xf4, 0x9f, 0xff,
    0xff, 0xe0, 0x0, 0x0, 0x1e, 0xff, 0xff, 0xf8,

    /* U+005F "_" */
    0x4e, 0xee, 0xee, 0xee, 0xee, 0xee, 0xee, 0xee,
    0xee, 0xee, 0xee, 0x96, 0xff, 0xff, 0xff, 0xff,
    0xff, 0xff, 0xff, 0xff, 0xff, 0xff, 0xfc, 0x6f,
    0xff, 0xff, 0xff, 0xff, 0xff, 0xff, 0xff, 0xff,
    0xff, 0xff, 0xc6, 0xff, 0xff, 0xff, 0xff, 0xff,
    0xff, 0xff, 0xff, 0xff, 0xff, 0xfc, 0x6f, 0xff,
    0xff, 0xff, 0xff, 0xff, 0xff, 0xff, 0xff, 0xff,
    0xff, 0xc4, 0xff, 0xff, 0xff, 0xff, 0xff, 0xff,
    0xff, 0xff, 0xff, 0xff, 0xfa,

    /* U+0060 "`" */
    0xbd, 0xdd, 0xdd, 0xa0, 0x0, 0x6f, 0xff, 0xff,
    0xf5, 0x0, 0x9, 0xff, 0xff, 0xfe, 0x0, 0x0,
    0xdf, 0xff, 0xff, 0x70, 0x0, 0x2f, 0xff, 0xff,
    0xf1, 0x0, 0x5, 0xff, 0xff, 0xf7,

    /* U+0061 "a" */
    0x0, 0x0, 0x0, 0x5, 0x9c, 0xef, 0xfe, 0xb8,
    0x20, 0x0, 0x0, 0x0, 0x0, 0x0, 0x7f, 0xff,
    0xff, 0xff, 0xff, 0xff, 0xc3, 0x0, 0x0, 0x0,
    0x1, 0xdf, 0xff, 0xff, 0xff, 0xff, 0xff, 0xff,
    0xf7, 0x0, 0x0, 0x1, 0xdf, 0xff, 0xff, 0xff,
    0xff, 0xff, 0xff, 0xff, 0xf8, 0x0, 0x0, 0xbf,
    0xff, 0xff, 0xff, 0xff, 0xff, 0xff, 0xff, 0xff,
    0xf3, 0x0, 0x3f, 0xff, 0xff, 0xff, 0xff, 0xff,
    0xff, 0xff, 0xff, 0xff, 0xc0, 0x8, 0xff, 0xff,
    0xff, 0xff, 0xfc, 0xef, 0xff, 0xff, 0xff, 0xff,
    0x10, 0xbf, 0xff, 0xff, 0xff, 0xc1, 0x0, 0x6f,
    0xff, 0xff, 0xff, 0xf3, 0x3, 0x66, 0x66, 0x66,
    0x61, 0x0, 0x0, 0xcf, 0xff, 0xff, 0xff, 0x40,
    0x0, 0x0, 0x0, 0x0, 0x0, 0x0, 0xb, 0xff,
    0xff, 0xff, 0xf4, 0x0, 0x0, 0x1, 0x58, 0xab,
    0xcc, 0xcc, 0xff, 0xff, 0xff, 0xff, 0x40, 0x0,
    0x2a, 0xff, 0xff, 0xff, 0xff, 0xff, 0xff, 0xff,
    0xff, 0xf4, 0x0, 0x4f, 0xff, 0xff, 0xff, 0xff,
    0xff, 0xff, 0xff, 0xff, 0xff, 0x40, 0x1f, 0xff,
    0xff, 0xff, 0xff, 0xff, 0xff, 0xff, 0xff, 0xff,
    0xf4, 0x8, 0xff, 0xff, 0xff, 0xff, 0xff, 0xff,
    0xff, 0xff, 0xff, 0xff, 0x40, 0xdf, 0xff, 0xff,
    0xff, 0xc3, 0x0, 0xb, 0xff, 0xff, 0xff, 0xf4,
    0xf, 0xff, 0xff, 0xff, 0xf1, 0x0, 0x0, 0xbf,
    0xff, 0xff, 0xff, 0x41, 0xff, 0xff, 0xff, 0xff,
    0x0, 0x0, 0xe, 0xff, 0xff, 0xff, 0xf4, 0x1f,
    0xff, 0xff, 0xff, 0xf6, 0x0, 0x1a, 0xff, 0xff,
    0xff, 0xff, 0x40, 0xff, 0xff, 0xff, 0xff, 0xfd,
    0xcf, 0xff, 0xff, 0xff, 0xff, 0xf4, 0xc, 0xff,
    0xff, 0xff, 0xff, 0xff, 0xff, 0xff, 0xff, 0xff,
    0xff, 0x40, 0x6f, 0xff, 0xff, 0xff, 0xff, 0xff,
    0xff, 0xff, 0xff, 0xff, 0xf4, 0x0, 0xcf, 0xff,
    0xff, 0xff, 0xff, 0xff, 0xef, 0xff, 0xff, 0xff,
    0x40, 0x0, 0xaf, 0xff, 0xff, 0xff, 0xff, 0x5b,
    0xff, 0xff, 0xff, 0xf4, 0x0, 0x0, 0x39, 0xdf,
    0xfe, 0xc8, 0x10, 0x9f, 0xff, 0xff, 0xff, 0x20,

    /* U+0062 "b" */
    0x2f, 0xff, 0xff, 0xff, 0xa0, 0x0, 0x0, 0x0,
    0x0, 0x0, 0x0, 0x3f, 0xff, 0xff, 0xff, 0xc0,
    0x0, 0x0, 0x0, 0x0, 0x0, 0x0, 0x3f, 0xff,
    0xff, 0xff, 0xc0, 0x0, 0x0, 0x0, 0x0, 0x0,
    0x0, 0x3f, 0xff, 0xff, 0xff, 0xc0, 0x0, 0x0,
    0x0, 0x0, 0x0, 0x0, 0x3f, 0xff, 0xff, 0xff,
    0xc0, 0x0, 0x0, 0x0, 0x0, 0x0, 0x0, 0x3f,
    0xff, 0xff, 0xff, 0xc0, 0x0, 0x0, 0x0, 0x0,
    0x0, 0x0, 0x3f, 0xff, 0xff, 0xff, 0xc0, 0x0,
    0x0, 0x0, 0x0, 0x0, 0x0, 0x3f, 0xff, 0xff,
    0xff, 0xc0, 0x0, 0x0, 0x0, 0x0, 0x0, 0x0,
    0x3f, 0xff, 0xff, 0xff, 0xc0, 0x4a, 0xef, 0xfd,
    0x81, 0x0, 0x0, 0x3f, 0xff, 0xff, 0xff, 0xca,
    0xff, 0xff, 0xff, 0xff, 0x50, 0x0, 0x3f, 0xff,
    0xff, 0xff, 0xff, 0xff, 0xff, 0xff, 0xff, 0xf5,
    0x0, 0x3f, 0xff, 0xff, 0xff, 0xff, 0xff, 0xff,
    0xff, 0xff, 0xff, 0x10, 0x3f, 0xff, 0xff, 0xff,
    0xff, 0xff, 0xff, 0xff, 0xff, 0xff, 0x90, 0x3f,
    0xff, 0xff, 0xff, 0xff, 0xff, 0xff, 0xff, 0xff,
    0xff, 0xe0, 0x3f, 0xff, 0xff, 0xff, 0xff, 0xed,
    0xff, 0xff, 0xff, 0xff, 0xf4, 0x3f, 0xff, 0xff,
    0xff, 0xfb, 0x0, 0x2f, 0xff, 0xff, 0xff, 0xf8,
    0x3f, 0xff, 0xff, 0xff, 0xf2, 0x0, 0x7, 0xff,
    0xff, 0xff, 0xfa, 0x3f, 0xff, 0xff, 0xff, 0xe0,
    0x0, 0x3, 0xff, 0xff, 0xff, 0xfc, 0x3f, 0xff,
    0xff, 0xff, 0xd0, 0x0, 0x1, 0xff, 0xff, 0xff,
    0xfd, 0x3f, 0xff, 0xff, 0xff, 0xc0, 0x0, 0x1,
    0xff, 0xff, 0xff, 0xfd, 0x3f, 0xff, 0xff, 0xff,
    0xc0, 0x0, 0x1, 0xff, 0xff, 0xff, 0xfe, 0x3f,
    0xff, 0xff, 0xff, 0xc0, 0x0, 0x1, 0xff, 0xff,
    0xff, 0xfd, 0x3f, 0xff, 0xff, 0xff, 0xd0, 0x0,
    0x2, 0xff, 0xff, 0xff, 0xfc, 0x3f, 0xff, 0xff,
    0xff, 0xe0, 0x0, 0x3, 0xff, 0xff, 0xff, 0xfb,
    0x3f, 0xff, 0xff, 0xff, 0xf3, 0x0, 0x8, 0xff,
    0xff, 0xff, 0xf9, 0x3f, 0xff, 0xff, 0xff, 0xfc,
    0x0, 0x2f, 0xff, 0xff, 0xff, 0xf6, 0x3f, 0xff,
    0xff, 0xff, 0xff, 0xec, 0xff, 0xff, 0xff, 0xff,
    0xf2, 0x3f, 0xff, 0xff, 0xff, 0xff, 0xff, 0xff,
    0xff, 0xff, 0xff, 0xd0, 0x3f, 0xff, 0xff, 0xff,
    0xff, 0xff, 0xff, 0xff, 0xff, 0xff, 0x60, 0x3f,
    0xff, 0xff, 0xff, 0xff, 0xff, 0xff, 0xff, 0xff,
    0xfd, 0x0, 0x3f, 0xff, 0xff, 0xff, 0xff, 0xff,
    0xff, 0xff, 0xff, 0xf3, 0x0, 0x3f, 0xff, 0xff,
    0xff, 0xdc, 0xff, 0xff, 0xff, 0xff, 0x40, 0x0,
    0x2f, 0xff, 0xff, 0xff, 0xa0, 0x5b, 0xef, 0xfd,
    0x81, 0x0, 0x0,

    /* U+0063 "c" */
    0x0, 0x0, 0x0, 0x28, 0xbe, 0xff, 0xec, 0x94,
    0x0, 0x0, 0x0, 0x0, 0x0, 0x2c, 0xff, 0xff,
    0xff, 0xff, 0xff, 0xd4, 0x0, 0x0, 0x0, 0x5,
    0xff, 0xff, 0xff, 0xff, 0xff, 0xff, 0xff, 0x90,
    0x0, 0x0, 0x5f, 0xff, 0xff, 0xff, 0xff, 0xff,
    0xff, 0xff, 0xf9, 0x0, 0x1, 0xff, 0xff, 0xff,
    0xff, 0xff, 0xff, 0xff, 0xff, 0xff, 0x50, 0x9,
    0xff, 0xff, 0xff, 0xff, 0xff, 0xff, 0xff, 0xff,
    0xff, 0xd0, 0xf, 0xff, 0xff, 0xff, 0xff, 0xdd,
    0xff, 0xff, 0xff, 0xff, 0xf3, 0x3f, 0xff, 0xff,
    0xff, 0xf5, 0x0, 0x3e, 0xff, 0xff, 0xff, 0xf7,
    0x6f, 0xff, 0xff, 0xff, 0xb0, 0x0, 0x7, 0xff,
    0xff, 0xff, 0xf9, 0x8f, 0xff, 0xff, 0xff, 0x70,
    0x0, 0x3, 0xff, 0xec, 0xb9, 0x83, 0x9f, 0xff,
    0xff, 0xff, 0x50, 0x0, 0x0, 0x0, 0x0, 0x0,
    0x0, 0xaf, 0xff, 0xff, 0xff, 0x50, 0x0, 0x0,
    0x0, 0x0, 0x0, 0x0, 0xbf, 0xff, 0xff, 0xff,
    0x50, 0x0, 0x0, 0x0, 0x0, 0x0, 0x0, 0xaf,
    0xff, 0xff, 0xff, 0x50, 0x0, 0x0, 0x0, 0x0,
    0x0, 0x0, 0x9f, 0xff, 0xff, 0xff, 0x60, 0x0,
    0x0, 0x0, 0x0, 0x0, 0x0, 0x8f, 0xff, 0xff,
    0xff, 0x70, 0x0, 0x4, 0xff, 0xec, 0xb9, 0x83,
    0x6f, 0xff, 0xff, 0xff, 0xb0, 0x0, 0x8, 0xff,
    0xff, 0xff, 0xf9, 0x3f, 0xff, 0xff, 0xff, 0xf5,
    0x0, 0x2e, 0xff, 0xff, 0xff, 0xf7, 0xe, 0xff,
    0xff, 0xff, 0xff, 0xdc, 0xff, 0xff, 0xff, 0xff,
    0xf3, 0x9, 0xff, 0xff, 0xff, 0xff, 0xff, 0xff,
    0xff, 0xff, 0xff, 0xd0, 0x1, 0xff, 0xff, 0xff,
    0xff, 0xff, 0xff, 0xff, 0xff, 0xff, 0x60, 0x0,
    0x5f, 0xff, 0xff, 0xff, 0xff, 0xff, 0xff, 0xff,
    0xfa, 0x0, 0x0, 0x6, 0xff, 0xff, 0xff, 0xff,
    0xff, 0xff, 0xff, 0xa0, 0x0, 0x0, 0x0, 0x3c,
    0xff, 0xff, 0xff, 0xff, 0xff, 0xe6, 0x0, 0x0,
    0x0, 0x0, 0x0, 0x38, 0xce, 0xff, 0xec, 0x95,
    0x0, 0x0, 0x0,

    /* U+0064 "d" */
    0x0, 0x0, 0x0, 0x0, 0x0, 0x0, 0x1, 0xff,
    0xff, 0xff, 0xfb, 0x0, 0x0, 0x0, 0x0, 0x0,
    0x0, 0x2, 0xff, 0xff, 0xff, 0xfd, 0x0, 0x0,
    0x0, 0x0, 0x0, 0x0, 0x2, 0xff, 0xff, 0xff,
    0xfd, 0x0, 0x0, 0x0, 0x0, 0x0, 0x0, 0x2,
    0xff, 0xff, 0xff, 0xfd, 0x0, 0x0, 0x0, 0x0,
    0x0, 0x0, 0x2, 0xff, 0xff, 0xff, 0xfd, 0x0,
    0x0, 0x0, 0x0, 0x0, 0x0, 0x2, 0xff, 0xff,
    0xff, 0xfd, 0x0, 0x0, 0x0, 0x0, 0x0, 0x0,
    0x2, 0xff, 0xff, 0xff, 0xfd, 0x0, 0x0, 0x0,
    0x0, 0x0, 0x0, 0x2, 0xff, 0xff, 0xff, 0xfd,
    0x0, 0x0, 0x4, 0xae, 0xff, 0xd8, 0x12, 0xff,
    0xff, 0xff, 0xfd, 0x0, 0x0, 0xaf, 0xff, 0xff,
    0xff, 0xf7, 0xff, 0xff, 0xff, 0xfd, 0x0, 0xb,
    0xff, 0xff, 0xff, 0xff, 0xff, 0xff, 0xff, 0xff,
    0xfd, 0x0, 0x6f, 0xff, 0xff, 0xff, 0xff, 0xff,
    0xff, 0xff, 0xff, 0xfd, 0x0, 0xef, 0xff, 0xff,
    0xff, 0xff, 0xff, 0xff, 0xff, 0xff, 0xfd, 0x5,
    0xff, 0xff, 0xff, 0xff, 0xff, 0xff, 0xff, 0xff,
    0xff, 0xfd, 0xa, 0xff, 0xff, 0xff, 0xff, 0xed,
    0xff, 0xff, 0xff, 0xff, 0xfd, 0xe, 0xff, 0xff,
    0xff, 0xfb, 0x0, 0x3f, 0xff, 0xff, 0xff, 0xfd,
    0xf, 0xff, 0xff, 0xff, 0xf1, 0x0, 0x8, 0xff,
    0xff, 0xff, 0xfd, 0x2f, 0xff, 0xff, 0xff, 0xd0,
    0x0, 0x4, 0xff, 0xff, 0xff, 0xfd, 0x3f, 0xff,
    0xff, 0xff, 0xb0, 0x0, 0x3, 0xff, 0xff, 0xff,
    0xfd, 0x3f, 0xff, 0xff, 0xff, 0xb0, 0x0, 0x2,
    0xff, 0xff, 0xff, 0xfd, 0x4f, 0xff, 0xff, 0xff,
    0xb0, 0x0, 0x2, 0xff, 0xff, 0xff, 0xfd, 0x3f,
    0xff, 0xff, 0xff, 0xb0, 0x0, 0x2, 0xff, 0xff,
    0xff, 0xfd, 0x3f, 0xff, 0xff, 0xff, 0xc0, 0x0,
    0x3, 0xff, 0xff, 0xff, 0xfd, 0x1f, 0xff, 0xff,
    0xff, 0xd0, 0x0, 0x5, 0xff, 0xff, 0xff, 0xfd,
    0xf, 0xff, 0xff, 0xff, 0xf2, 0x0, 0x9, 0xff,
    0xff, 0xff, 0xfd, 0xc, 0xff, 0xff, 0xff, 0xfb,
    0x0, 0x3f, 0xff, 0xff, 0xff, 0xfd, 0x8, 0xff,
    0xff, 0xff, 0xff, 0xec, 0xff, 0xff, 0xff, 0xff,
    0xfd, 0x3, 0xff, 0xff, 0xff, 0xff, 0xff, 0xff,
    0xff, 0xff, 0xff, 0xfd, 0x0, 0xcf, 0xff, 0xff,
    0xff, 0xff, 0xff, 0xff, 0xff, 0xff, 0xfd, 0x0,
    0x4f, 0xff, 0xff, 0xff, 0xff, 0xff, 0xff, 0xff,
    0xff, 0xfd, 0x0, 0x9, 0xff, 0xff, 0xff, 0xff,
    0xff, 0xff, 0xff, 0xff, 0xfd, 0x0, 0x0, 0x9f,
    0xff, 0xff, 0xff, 0xfa, 0xff, 0xff, 0xff, 0xfd,
    0x0, 0x0, 0x3, 0xae, 0xff, 0xd9, 0x21, 0xff,
    0xff, 0xff, 0xfb,

    /* U+0065 "e" */
    0x0, 0x0, 0x0, 0x28, 0xce, 0xff, 0xec, 0x83,
    0x0, 0x0, 0x0, 0x0, 0x0, 0x2b, 0xff, 0xff,
    0xff, 0xff, 0xff, 0xc3, 0x0, 0x0, 0x0, 0x5,
    0xff, 0xff, 0xff, 0xff, 0xff, 0xff, 0xff, 0x80,
    0x0, 0x0, 0x4f, 0xff, 0xff, 0xff, 0xff, 0xff,
    0xff, 0xff, 0xf8, 0x0, 0x1, 0xef, 0xff, 0xff,
    0xff, 0xff, 0xff, 0xff, 0xff, 0xff, 0x40, 0x8,
    0xff, 0xff, 0xff, 0xff, 0xff, 0xff, 0xff, 0xff,
    0xff, 0xd0, 0xe, 0xff, 0xff, 0xff, 0xff, 0xdd,
    0xff, 0xff, 0xff, 0xff, 0xf3, 0x2f, 0xff, 0xff,
    0xff, 0xf4, 0x0, 0x2e, 0xff, 0xff, 0xff, 0xf7,
    0x5f, 0xff, 0xff, 0xff, 0xa0, 0x0, 0x7, 0xff,
    0xff, 0xff, 0xfa, 0x7f, 0xff, 0xff, 0xff, 0x70,
    0x0, 0x4, 0xff, 0xff, 0xff, 0xfc, 0x9f, 0xff,
    0xff, 0xff, 0xff, 0xff, 0xff, 0xff, 0xff, 0xff,
    0xfc, 0x9f, 0xff, 0xff, 0xff, 0xff, 0xff, 0xff,
    0xff, 0xff, 0xff, 0xfd, 0x9f, 0xff, 0xff, 0xff,
    0xff, 0xff, 0xff, 0xff, 0xff, 0xff, 0xfd, 0x9f,
    0xff, 0xff, 0xff, 0xff, 0xff, 0xff, 0xff, 0xff,
    0xff, 0xfc, 0x8f, 0xff, 0xff, 0xff, 0xa5, 0x55,
    0x55, 0x55, 0x55, 0x55, 0x53, 0x7f, 0xff, 0xff,
    0xff, 0x80, 0x0, 0x0, 0x0, 0x0, 0x0, 0x0,
    0x5f, 0xff, 0xff, 0xff, 0xd0, 0x0, 0x0, 0x99,
    0x63, 0x0, 0x0, 0x1f, 0xff, 0xff, 0xff, 0xf7,
    0x0, 0x8, 0xff, 0xff, 0xfd, 0xa3, 0xd, 0xff,
    0xff, 0xff, 0xff, 0xec, 0xef, 0xff, 0xff, 0xff,
    0xf4, 0x7, 0xff, 0xff, 0xff, 0xff, 0xff, 0xff,
    0xff, 0xff, 0xff, 0xd0, 0x0, 0xef, 0xff, 0xff,
    0xff, 0xff, 0xff, 0xff, 0xff, 0xff, 0x40, 0x0,
    0x4f, 0xff, 0xff, 0xff, 0xff, 0xff, 0xff, 0xff,
    0xf9, 0x0, 0x0, 0x5, 0xff, 0xff, 0xff, 0xff,
    0xff, 0xff, 0xff, 0x90, 0x0, 0x0, 0x0, 0x2b,
    0xff, 0xff, 0xff, 0xff, 0xff, 0xe6, 0x0, 0x0,
    0x0, 0x0, 0x0, 0x28, 0xbe, 0xff, 0xfd, 0xa5,
    0x0, 0x0, 0x0,

    /* U+0066 "f" */
    0x0, 0x0, 0x0, 0x4, 0x8b, 0xde, 0xff, 0xf4,
    0x0, 0x0, 0x3, 0xdf, 0xff, 0xff, 0xff, 0xf5,
    0x0, 0x0, 0x2f, 0xff, 0xff, 0xff, 0xff, 0xf5,
    0x0, 0x0, 0xbf, 0xff, 0xff, 0xff, 0xff, 0xf5,
    0x0, 0x1, 0xff, 0xff, 0xff, 0xff, 0xff, 0xf5,
    0x0, 0x3, 0xff, 0xff, 0xff, 0xff, 0xea, 0x92,
    0x0, 0x4, 0xff, 0xff, 0xff, 0xfd, 0x0, 0x0,
    0x0, 0x5, 0xff, 0xff, 0xff, 0xfa, 0x0, 0x0,
    0xf, 0xff, 0xff, 0xff, 0xff, 0xff, 0xff, 0xfc,
    0x1f, 0xff, 0xff, 0xff, 0xff, 0xff, 0xff, 0xfe,
    0x1f, 0xff, 0xff, 0xff, 0xff, 0xff, 0xff, 0xfe,
    0x1f, 0xff, 0xff, 0xff, 0xff, 0xff, 0xff, 0xfe,
    0x1f, 0xff, 0xff, 0xff, 0xff, 0xff, 0xff, 0xfe,
    0xe, 0xff, 0xff, 0xff, 0xff, 0xff, 0xff, 0xfb,
    0x0, 0x5, 0xff, 0xff, 0xff, 0xfa, 0x0, 0x0,
    0x0, 0x4, 0xff, 0xff, 0xff, 0xfa, 0x0, 0x0,
    0x0, 0x4, 0xff, 0xff, 0xff, 0xfa, 0x0, 0x0,
    0x0, 0x4, 0xff, 0xff, 0xff, 0xfa, 0x0, 0x0,
    0x0, 0x4, 0xff, 0xff, 0xff, 0xfa, 0x0, 0x0,
    0x0, 0x4, 0xff, 0xff, 0xff, 0xfa, 0x0, 0x0,
    0x0, 0x4, 0xff, 0xff, 0xff, 0xfa, 0x0, 0x0,
    0x0, 0x4, 0xff, 0xff, 0xff, 0xfa, 0x0, 0x0,
    0x0, 0x4, 0xff, 0xff, 0xff, 0xfa, 0x0, 0x0,
    0x0, 0x4, 0xff, 0xff, 0xff, 0xfa, 0x0, 0x0,
    0x0, 0x4, 0xff, 0xff, 0xff, 0xfa, 0x0, 0x0,
    0x0, 0x4, 0xff, 0xff, 0xff, 0xfa, 0x0, 0x0,
    0x0, 0x4, 0xff, 0xff, 0xff, 0xfa, 0x0, 0x0,
    0x0, 0x4, 0xff, 0xff, 0xff, 0xfa, 0x0, 0x0,
    0x0, 0x4, 0xff, 0xff, 0xff, 0xfa, 0x0, 0x0,
    0x0, 0x4, 0xff, 0xff, 0xff, 0xfa, 0x0, 0x0,
    0x0, 0x4, 0xff, 0xff, 0xff, 0xfa, 0x0, 0x0,
    0x0, 0x4, 0xff, 0xff, 0xff, 0xfa, 0x0, 0x0,
    0x0, 0x3, 0xff, 0xff, 0xff, 0xf9, 0x0, 0x0,

    /* U+0067 "g" */
    0x0, 0x0, 0x6, 0xbe, 0xfe, 0xc7, 0x2, 0xff,
    0xff, 0xff, 0xf9, 0x0, 0x3, 0xef, 0xff, 0xff,
    0xff, 0xd6, 0xff, 0xff, 0xff, 0xfb, 0x0, 0x3f,
    0xff, 0xff, 0xff, 0xff, 0xff, 0xff, 0xff, 0xff,
    0xfb, 0x0, 0xdf, 0xff, 0xff, 0xff, 0xff, 0xff,
    0xff, 0xff, 0xff, 0xfb, 0x7, 0xff, 0xff, 0xff,
    0xff, 0xff, 0xff, 0xff, 0xff, 0xff, 0xfb, 0xd,
    0xff, 0xff, 0xff, 0xff, 0xff, 0xff, 0xff, 0xff,
    0xff, 0xfb, 0x1f, 0xff, 0xff, 0xff, 0xff, 0xdd,
    0xff, 0xff, 0xff, 0xff, 0xfb, 0x4f, 0xff, 0xff,
    0xff, 0xf7, 0x0, 0x5f, 0xff, 0xff, 0xff, 0xfb,
    0x7f, 0xff, 0xff, 0xff, 0xc0, 0x0, 0xa, 0xff,
    0xff, 0xff, 0xfb, 0x9f, 0xff, 0xff, 0xff, 0x80,
    0x0, 0x6, 0xff, 0xff, 0xff, 0xfb, 0xaf, 0xff,
    0xff, 0xff, 0x60, 0x0, 0x5, 0xff, 0xff, 0xff,
    0xfb, 0xbf, 0xff, 0xff, 0xff, 0x50, 0x0, 0x4,
    0xff, 0xff, 0xff, 0xfb, 0xbf, 0xff, 0xff, 0xff,
    0x40, 0x0, 0x4, 0xff, 0xff, 0xff, 0xfb, 0xbf,
    0xff, 0xff, 0xff, 0x40, 0x0, 0x4, 0xff, 0xff,
    0xff, 0xfb, 0xbf, 0xff, 0xff, 0xff, 0x50, 0x0,
    0x4, 0xff, 0xff, 0xff, 0xfb, 0xaf, 0xff, 0xff,
    0xff, 0x70, 0x0, 0x6, 0xff, 0xff, 0xff, 0xfb,
    0x9f, 0xff, 0xff, 0xff, 0x90, 0x0, 0x8, 0xff,
    0xff, 0xff, 0xfb, 0x6f, 0xff, 0xff, 0xff, 0xf2,
    0x0, 0x1e, 0xff, 0xff, 0xff, 0xfb, 0x3f, 0xff,
    0xff, 0xff, 0xfe, 0x98, 0xef, 0xff, 0xff, 0xff,
    0xfb, 0xe, 0xff, 0xff, 0xff, 0xff, 0xff, 0xff,
    0xff, 0xff, 0xff, 0xfb, 0x8, 0xff, 0xff, 0xff,
    0xff, 0xff, 0xff, 0xff, 0xff, 0xff, 0xfb, 0x1,
    0xef, 0xff, 0xff, 0xff, 0xff, 0xff, 0xff, 0xff,
    0xff, 0xfb, 0x0, 0x4f, 0xff, 0xff, 0xff, 0xff,
    0xff, 0xff, 0xff, 0xff, 0xfb, 0x0, 0x4, 0xef,
    0xff, 0xff, 0xff, 0xd6, 0xff, 0xff, 0xff, 0xfa,
    0x0, 0x0, 0x6, 0xbe, 0xff, 0xc7, 0x7, 0xff,
    0xff, 0xff, 0xf9, 0x0, 0x0, 0x0, 0x0, 0x0,
    0x0, 0xc, 0xff, 0xff, 0xff, 0xf8, 0x0, 0x0,
    0x0, 0x0, 0x0, 0x0, 0x7f, 0xff, 0xff, 0xff,
    0xf5, 0x0, 0x0, 0x1, 0x10, 0x1, 0x4b, 0xff,
    0xff, 0xff, 0xff, 0xf1, 0x0, 0x0, 0xf, 0xff,
    0xff, 0xff, 0xff, 0xff, 0xff, 0xff, 0xb0, 0x0,
    0x0, 0xf, 0xff, 0xff, 0xff, 0xff, 0xff, 0xff,
    0xff, 0x30, 0x0, 0x0, 0x1f, 0xff, 0xff, 0xff,
    0xff, 0xff, 0xff, 0xfa, 0x0, 0x0, 0x0, 0x1f,
    0xff, 0xff, 0xff, 0xff, 0xff, 0xff, 0xb0, 0x0,
    0x0, 0x0, 0x2f, 0xff, 0xff, 0xff, 0xff, 0xff,
    0xf9, 0x0, 0x0, 0x0, 0x0, 0x2f, 0xff, 0xff,
    0xff, 0xff, 0xfb, 0x30, 0x0, 0x0, 0x0, 0x0,
    0x1e, 0xff, 0xfe, 0xdc, 0x96, 0x10, 0x0, 0x0,
    0x0,

    /* U+0068 "h" */
    0x3f, 0xff, 0xff, 0xff, 0x90, 0x0, 0x0, 0x0,
    0x0, 0x0, 0x0, 0x4f, 0xff, 0xff, 0xff, 0xb0,
    0x0, 0x0, 0x0, 0x0, 0x0, 0x0, 0x4f, 0xff,
    0xff, 0xff, 0xb0, 0x0, 0x0, 0x0, 0x0, 0x0,
    0x0, 0x4f, 0xff, 0xff, 0xff, 0xb0, 0x0, 0x0,
    0x0, 0x0, 0x0, 0x0, 0x4f, 0xff, 0xff, 0xff,
    0xb0, 0x0, 0x0, 0x0, 0x0, 0x0, 0x0, 0x4f,
    0xff, 0xff, 0xff, 0xb0, 0x0, 0x0, 0x0, 0x0,
    0x0, 0x0, 0x4f, 0xff, 0xff, 0xff, 0xb0, 0x0,
    0x0, 0x0, 0x0, 0x0, 0x0, 0x4f, 0xff, 0xff,
    0xff, 0xb0, 0x0, 0x0, 0x0, 0x0, 0x0, 0x0,
    0x4f, 0xff, 0xff, 0xff, 0xb0, 0x18, 0xdf, 0xfd,
    0x93, 0x0, 0x0, 0x4f, 0xff, 0xff, 0xff, 0xb4,
    0xff, 0xff, 0xff, 0xff, 0xa0, 0x0, 0x4f, 0xff,
    0xff, 0xff, 0xef, 0xff, 0xff, 0xff, 0xff, 0xfb,
    0x0, 0x4f, 0xff, 0xff, 0xff, 0xff, 0xff, 0xff,
    0xff, 0xff, 0xff, 0x60, 0x4f, 0xff, 0xff, 0xff,
    0xff, 0xff, 0xff, 0xff, 0xff, 0xff, 0xd0, 0x4f,
    0xff, 0xff, 0xff, 0xff, 0xff, 0xff, 0xff, 0xff,
    0xff, 0xf2, 0x4f, 0xff, 0xff, 0xff, 0xff, 0xed,
    0xff, 0xff, 0xff, 0xff, 0xf6, 0x4f, 0xff, 0xff,
    0xff, 0xf8, 0x0, 0x4f, 0xff, 0xff, 0xff, 0xf7,
    0x4f, 0xff, 0xff, 0xff, 0xe0, 0x0, 0xa, 0xff,
    0xff, 0xff, 0xf8, 0x4f, 0xff, 0xff, 0xff, 0xb0,
    0x0, 0x7, 0xff, 0xff, 0xff, 0xf9, 0x4f, 0xff,
    0xff, 0xff, 0xb0, 0x0, 0x6, 0xff, 0xff, 0xff,
    0xf9, 0x4f, 0xff, 0xff, 0xff, 0xb0, 0x0, 0x6,
    0xff, 0xff, 0xff, 0xf9, 0x4f, 0xff, 0xff, 0xff,
    0xb0, 0x0, 0x6, 0xff, 0xff, 0xff, 0xf9, 0x4f,
    0xff, 0xff, 0xff, 0xb0, 0x0, 0x6, 0xff, 0xff,
    0xff, 0xf9, 0x4f, 0xff, 0xff, 0xff, 0xb0, 0x0,
    0x6, 0xff, 0xff, 0xff, 0xf9, 0x4f, 0xff, 0xff,
    0xff, 0xb0, 0x0, 0x6, 0xff, 0xff, 0xff, 0xf9,
    0x4f, 0xff, 0xff, 0xff, 0xb0, 0x0, 0x6, 0xff,
    0xff, 0xff, 0xf9, 0x4f, 0xff, 0xff, 0xff, 0xb0,
    0x0, 0x6, 0xff, 0xff, 0xff, 0xf9, 0x4f, 0xff,
    0xff, 0xff, 0xb0, 0x0, 0x6, 0xff, 0xff, 0xff,
    0xf9, 0x4f, 0xff, 0xff, 0xff, 0xb0, 0x0, 0x6,
    0xff, 0xff, 0xff, 0xf9, 0x4f, 0xff, 0xff, 0xff,
    0xb0, 0x0, 0x6, 0xff, 0xff, 0xff, 0xf9, 0x4f,
    0xff, 0xff, 0xff, 0xb0, 0x0, 0x6, 0xff, 0xff,
    0xff, 0xf9, 0x4f, 0xff, 0xff, 0xff, 0xb0, 0x0,
    0x6, 0xff, 0xff, 0xff, 0xf9, 0x4f, 0xff, 0xff,
    0xff, 0xb0, 0x0, 0x6, 0xff, 0xff, 0xff, 0xf9,
    0x3f, 0xff, 0xff, 0xff, 0x90, 0x0, 0x5, 0xff,
    0xff, 0xff, 0xf7,

    /* U+0069 "i" */
    0x0, 0x6d, 0xfe, 0xa1, 0x0, 0x9f, 0xff, 0xff,
    0xe1, 0x2f, 0xff, 0xff, 0xff, 0x96, 0xff, 0xff,
    0xff, 0xfd, 0x7f, 0xff, 0xff, 0xff, 0xd4, 0xff,
    0xff, 0xff, 0xfa, 0xc, 0xff, 0xff, 0xff, 0x30,
    0x1b, 0xff, 0xfe, 0x40, 0x0, 0x1, 0x43, 0x0,
    0x0, 0x0, 0x0, 0x0, 0x0, 0x3f, 0xff, 0xff,
    0xff, 0x94, 0xff, 0xff, 0xff, 0xfb, 0x4f, 0xff,
    0xff, 0xff, 0xb4, 0xff, 0xff, 0xff, 0xfb, 0x4f,
    0xff, 0xff, 0xff, 0xb4, 0xff, 0xff, 0xff, 0xfb,
    0x4f, 0xff, 0xff, 0xff, 0xb4, 0xff, 0xff, 0xff,
    0xfb, 0x4f, 0xff, 0xff, 0xff, 0xb4, 0xff, 0xff,
    0xff, 0xfb, 0x4f, 0xff, 0xff, 0xff, 0xb4, 0xff,
    0xff, 0xff, 0xfb, 0x4f, 0xff, 0xff, 0xff, 0xb4,
    0xff, 0xff, 0xff, 0xfb, 0x4f, 0xff, 0xff, 0xff,
    0xb4, 0xff, 0xff, 0xff, 0xfb, 0x4f, 0xff, 0xff,
    0xff, 0xb4, 0xff, 0xff, 0xff, 0xfb, 0x4f, 0xff,
    0xff, 0xff, 0xb4, 0xff, 0xff, 0xff, 0xfb, 0x4f,
    0xff, 0xff, 0xff, 0xb4, 0xff, 0xff, 0xff, 0xfb,
    0x4f, 0xff, 0xff, 0xff, 0xb4, 0xff, 0xff, 0xff,
    0xfb, 0x3f, 0xff, 0xff, 0xff, 0x90,

    /* U+006A "j" */
    0x0, 0x0, 0x0, 0x0, 0x13, 0x30, 0x0, 0x0,
    0x0, 0x0, 0x9, 0xff, 0xff, 0x60, 0x0, 0x0,
    0x0, 0xaf, 0xff, 0xff, 0xf4, 0x0, 0x0, 0x1,
    0xff, 0xff, 0xff, 0xfc, 0x0, 0x0, 0x4, 0xff,
    0xff, 0xff, 0xff, 0x0, 0x0, 0x4, 0xff, 0xff,
    0xff, 0xfe, 0x0, 0x0, 0x0, 0xff, 0xff, 0xff,
    0xfa, 0x0, 0x0, 0x0, 0x6f, 0xff, 0xff, 0xe2,
    0x0, 0x0, 0x0, 0x5, 0xcf, 0xfa, 0x20, 0x0,
    0x0, 0x0, 0x0, 0x0, 0x0, 0x0, 0x0, 0x0,
    0x0, 0x0, 0x0, 0x0, 0x0, 0x0, 0x0, 0x1,
    0xff, 0xff, 0xff, 0xfb, 0x0, 0x0, 0x2, 0xff,
    0xff, 0xff, 0xfd, 0x0, 0x0, 0x1, 0xff, 0xff,
    0xff, 0xfd, 0x0, 0x0, 0x1, 0xff, 0xff, 0xff,
    0xfd, 0x0, 0x0, 0x1, 0xff, 0xff, 0xff, 0xfd,
    0x0, 0x0, 0x1, 0xff, 0xff, 0xff, 0xfd, 0x0,
    0x0, 0x1, 0xff, 0xff, 0xff, 0xfd, 0x0, 0x0,
    0x1, 0xff, 0xff, 0xff, 0xfd, 0x0, 0x0, 0x1,
    0xff, 0xff, 0xff, 0xfd, 0x0, 0x0, 0x1, 0xff,
    0xff, 0xff, 0xfd, 0x0, 0x0, 0x1, 0xff, 0xff,
    0xff, 0xfd, 0x0, 0x0, 0x1, 0xff, 0xff, 0xff,
    0xfd, 0x0, 0x0, 0x1, 0xff, 0xff, 0xff, 0xfd,
    0x0, 0x0, 0x1, 0xff, 0xff, 0xff, 0xfd, 0x0,
    0x0, 0x1, 0xff, 0xff, 0xff, 0xfd, 0x0, 0x0,
    0x1, 0xff, 0xff, 0xff, 0xfd, 0x0, 0x0, 0x1,
    0xff, 0xff, 0xff, 0xfd, 0x0, 0x0, 0x1, 0xff,
    0xff, 0xff, 0xfd, 0x0, 0x0, 0x1, 0xff, 0xff,
    0xff, 0xfd, 0x0, 0x0, 0x1, 0xff, 0xff, 0xff,
    0xfd, 0x0, 0x0, 0x1, 0xff, 0xff, 0xff, 0xfd,
    0x0, 0x0, 0x1, 0xff, 0xff, 0xff, 0xfd, 0x0,
    0x0, 0x1, 0xff, 0xff, 0xff, 0xfd, 0x0, 0x0,
    0x1, 0xff, 0xff, 0xff, 0xfd, 0x0, 0x0, 0x2,
    0xff, 0xff, 0xff, 0xfd, 0x0, 0x0, 0x6, 0xff,
    0xff, 0xff, 0xfc, 0x0, 0x0, 0x3e, 0xff, 0xff,
    0xff, 0xfa, 0x1a, 0xbe, 0xff, 0xff, 0xff, 0xff,
    0xf8, 0x3f, 0xff, 0xff, 0xff, 0xff, 0xff, 0xf5,
    0x3f, 0xff, 0xff, 0xff, 0xff, 0xff, 0xf1, 0x3f,
    0xff, 0xff, 0xff, 0xff, 0xff, 0x80, 0x3f, 0xff,
    0xff, 0xff, 0xff, 0xfb, 0x0, 0x3f, 0xff, 0xff,
    0xff, 0xfe, 0x60, 0x0, 0x2f, 0xff, 0xec, 0xa7,
    0x30, 0x0, 0x0,

    /* U+006B "k" */
    0x3f, 0xff, 0xff, 0xff, 0x90, 0x0, 0x0, 0x0,
    0x0, 0x0, 0x0, 0x4, 0xff, 0xff, 0xff, 0xfb,
    0x0, 0x0, 0x0, 0x0, 0x0, 0x0, 0x0, 0x4f,
    0xff, 0xff, 0xff, 0xb0, 0x0, 0x0, 0x0, 0x0,
    0x0, 0x0, 0x4, 0xff, 0xff, 0xff, 0xfb, 0x0,
    0x0, 0x0, 0x0, 0x0, 0x0, 0x0, 0x4f, 0xff,
    0xff, 0xff, 0xb0, 0x0, 0x0, 0x0, 0x0, 0x0,
    0x0, 0x4, 0xff, 0xff, 0xff, 0xfb, 0x0, 0x0,
    0x0, 0x0, 0x0, 0x0, 0x0, 0x4f, 0xff, 0xff,
    0xff, 0xb0, 0x0, 0x0, 0x0, 0x0, 0x0, 0x0,
    0x4, 0xff, 0xff, 0xff, 0xfb, 0x0, 0x0, 0x0,
    0x0, 0x0, 0x0, 0x0, 0x4f, 0xff, 0xff, 0xff,
    0xb0, 0x0, 0xc, 0xff, 0xff, 0xff, 0xfa, 0x4,
    0xff, 0xff, 0xff, 0xfb, 0x0, 0x8, 0xff, 0xff,
    0xff, 0xff, 0x20, 0x4f, 0xff, 0xff, 0xff, 0xb0,
    0x3, 0xff, 0xff, 0xff, 0xff, 0x60, 0x4, 0xff,
    0xff, 0xff, 0xfb, 0x0, 0xdf, 0xff, 0xff, 0xff,
    0xb0, 0x0, 0x4f, 0xff, 0xff, 0xff, 0xb0, 0x8f,
    0xff, 0xff, 0xff, 0xe1, 0x0, 0x4, 0xff, 0xff,
    0xff, 0xfb, 0x3f, 0xff, 0xff, 0xff, 0xf5, 0x0,
    0x0, 0x4f, 0xff, 0xff, 0xff, 0xcd, 0xff, 0xff,
    0xff, 0xfa, 0x0, 0x0, 0x4, 0xff, 0xff, 0xff,
    0xff, 0xff, 0xff, 0xff, 0xfe, 0x10, 0x0, 0x0,
    0x4f, 0xff, 0xff, 0xff, 0xff, 0xff, 0xff, 0xff,
    0x40, 0x0, 0x0, 0x4, 0xff, 0xff, 0xff, 0xff,
    0xff, 0xff, 0xff, 0xe0, 0x0, 0x0, 0x0, 0x4f,
    0xff, 0xff, 0xff, 0xff, 0xff, 0xff, 0xff, 0x40,
    0x0, 0x0, 0x4, 0xff, 0xff, 0xff, 0xff, 0xff,
    0xff, 0xff, 0xfb, 0x0, 0x0, 0x0, 0x4f, 0xff,
    0xff, 0xff, 0xff, 0xff, 0xff, 0xff, 0xf3, 0x0,
    0x0, 0x4, 0xff, 0xff, 0xff, 0xff, 0xff, 0xff,
    0xff, 0xff, 0xa0, 0x0, 0x0, 0x4f, 0xff, 0xff,
    0xff, 0xff, 0xff, 0xff, 0xff, 0xff, 0x10, 0x0,
    0x4, 0xff, 0xff, 0xff, 0xff, 0xf6, 0xff, 0xff,
    0xff, 0xf8, 0x0, 0x0, 0x4f, 0xff, 0xff, 0xff,
    0xf8, 0xd, 0xff, 0xff, 0xff, 0xe0, 0x0, 0x4,
    0xff, 0xff, 0xff, 0xfe, 0x0, 0x7f, 0xff, 0xff,
    0xff, 0x60, 0x0, 0x4f, 0xff, 0xff, 0xff, 0xb0,
    0x1, 0xff, 0xff, 0xff, 0xfd, 0x0, 0x4, 0xff,
    0xff, 0xff, 0xfb, 0x0, 0xb, 0xff, 0xff, 0xff,
    0xf4, 0x0, 0x4f, 0xff, 0xff, 0xff, 0xb0, 0x0,
    0x5f, 0xff, 0xff, 0xff, 0xb0, 0x4, 0xff, 0xff,
    0xff, 0xfb, 0x0, 0x0, 0xef, 0xff, 0xff, 0xff,
    0x20, 0x4f, 0xff, 0xff, 0xff, 0xb0, 0x0, 0x9,
    0xff, 0xff, 0xff, 0xf9, 0x4, 0xff, 0xff, 0xff,
    0xfb, 0x0, 0x0, 0x3f, 0xff, 0xff, 0xff, 0xf1,
    0x3f, 0xff, 0xff, 0xff, 0x90, 0x0, 0x0, 0xcf,
    0xff, 0xff, 0xff, 0x50,

    /* U+006C "l" */
    0x4f, 0xff, 0xff, 0xff, 0x76, 0xff, 0xff, 0xff,
    0xf9, 0x6f, 0xff, 0xff, 0xff, 0x96, 0xff, 0xff,
    0xff, 0xf9, 0x6f, 0xff, 0xff, 0xff, 0x96, 0xff,
    0xff, 0xff, 0xf9, 0x6f, 0xff, 0xff, 0xff, 0x96,
    0xff, 0xff, 0xff, 0xf9, 0x6f, 0xff, 0xff, 0xff,
    0x96, 0xff, 0xff, 0xff, 0xf9, 0x6f, 0xff, 0xff,
    0xff, 0x96, 0xff, 0xff, 0xff, 0xf9, 0x6f, 0xff,
    0xff, 0xff, 0x96, 0xff, 0xff, 0xff, 0xf9, 0x6f,
    0xff, 0xff, 0xff, 0x96, 0xff, 0xff, 0xff, 0xf9,
    0x6f, 0xff, 0xff, 0xff, 0x96, 0xff, 0xff, 0xff,
    0xf9, 0x6f, 0xff, 0xff, 0xff, 0x96, 0xff, 0xff,
    0xff, 0xf9, 0x6f, 0xff, 0xff, 0xff, 0x96, 0xff,
    0xff, 0xff, 0xf9, 0x6f, 0xff, 0xff, 0xff, 0x96,
    0xff, 0xff, 0xff, 0xf9, 0x6f, 0xff, 0xff, 0xff,
    0x96, 0xff, 0xff, 0xff, 0xf9, 0x6f, 0xff, 0xff,
    0xff, 0x96, 0xff, 0xff, 0xff, 0xf9, 0x6f, 0xff,
    0xff, 0xff, 0x96, 0xff, 0xff, 0xff, 0xf9, 0x6f,
    0xff, 0xff, 0xff, 0x96, 0xff, 0xff, 0xff, 0xf9,
    0x4f, 0xff, 0xff, 0xff, 0x80,

    /* U+006D "m" */
    0x2f, 0xff, 0xff, 0xff, 0x80, 0x28, 0xdf, 0xfd,
    0xa4, 0x0, 0x0, 0x5, 0xad, 0xfe, 0xd8, 0x10,
    0x0, 0x4, 0xff, 0xff, 0xff, 0xfa, 0x6f, 0xff,
    0xff, 0xff, 0xfb, 0x10, 0x1b, 0xff, 0xff, 0xff,
    0xff, 0x60, 0x0, 0x4f, 0xff, 0xff, 0xff, 0xff,
    0xff, 0xff, 0xff, 0xff, 0xfb, 0xb, 0xff, 0xff,
    0xff, 0xff, 0xff, 0x50, 0x4, 0xff, 0xff, 0xff,
    0xff, 0xff, 0xff, 0xff, 0xff, 0xff, 0xfd, 0xff,
    0xff, 0xff, 0xff, 0xff, 0xfe, 0x0, 0x4f, 0xff,
    0xff, 0xff, 0xff, 0xff, 0xff, 0xff, 0xff, 0xff,
    0xff, 0xff, 0xff, 0xff, 0xff, 0xff, 0xf6, 0x4,
    0xff, 0xff, 0xff, 0xff, 0xff, 0xff, 0xff, 0xff,
    0xff, 0xff, 0xff, 0xff, 0xff, 0xff, 0xff, 0xff,
    0xb0, 0x4f, 0xff, 0xff, 0xff, 0xff, 0xed, 0xff,
    0xff, 0xff, 0xff, 0xff, 0xfd, 0xef, 0xff, 0xff,
    0xff, 0xfe, 0x4, 0xff, 0xff, 0xff, 0xff, 0x70,
    0x5, 0xff, 0xff, 0xff, 0xff, 0xf3, 0x0, 0xaf,
    0xff, 0xff, 0xff, 0xf0, 0x4f, 0xff, 0xff, 0xff,
    0xd0, 0x0, 0xc, 0xff, 0xff, 0xff, 0xfa, 0x0,
    0x1, 0xff, 0xff, 0xff, 0xff, 0x4, 0xff, 0xff,
    0xff, 0xfa, 0x0, 0x0, 0x9f, 0xff, 0xff, 0xff,
    0x70, 0x0, 0xe, 0xff, 0xff, 0xff, 0xf0, 0x4f,
    0xff, 0xff, 0xff, 0xa0, 0x0, 0x8, 0xff, 0xff,
    0xff, 0xf6, 0x0, 0x0, 0xef, 0xff, 0xff, 0xff,
    0x4, 0xff, 0xff, 0xff, 0xfa, 0x0, 0x0, 0x8f,
    0xff, 0xff, 0xff, 0x60, 0x0, 0xe, 0xff, 0xff,
    0xff, 0xf0, 0x4f, 0xff, 0xff, 0xff, 0xa0, 0x0,
    0x8, 0xff, 0xff, 0xff, 0xf6, 0x0, 0x0, 0xef,
    0xff, 0xff, 0xff, 0x4, 0xff, 0xff, 0xff, 0xfa,
    0x0, 0x0, 0x8f, 0xff, 0xff, 0xff, 0x60, 0x0,
    0xe, 0xff, 0xff, 0xff, 0xf0, 0x4f, 0xff, 0xff,
    0xff, 0xa0, 0x0, 0x8, 0xff, 0xff, 0xff, 0xf6,
    0x0, 0x0, 0xef, 0xff, 0xff, 0xff, 0x4, 0xff,
    0xff, 0xff, 0xfa, 0x0, 0x0, 0x8f, 0xff, 0xff,
    0xff, 0x60, 0x0, 0xe, 0xff, 0xff, 0xff, 0xf0,
    0x4f, 0xff, 0xff, 0xff, 0xa0, 0x0, 0x8, 0xff,
    0xff, 0xff, 0xf6, 0x0, 0x0, 0xef, 0xff, 0xff,
    0xff, 0x4, 0xff, 0xff, 0xff, 0xfa, 0x0, 0x0,
    0x8f, 0xff, 0xff, 0xff, 0x60, 0x0, 0xe, 0xff,
    0xff, 0xff, 0xf0, 0x4f, 0xff, 0xff, 0xff, 0xa0,
    0x0, 0x8, 0xff, 0xff, 0xff, 0xf6, 0x0, 0x0,
    0xef, 0xff, 0xff, 0xff, 0x4, 0xff, 0xff, 0xff,
    0xfa, 0x0, 0x0, 0x8f, 0xff, 0xff, 0xff, 0x60,
    0x0, 0xe, 0xff, 0xff, 0xff, 0xf0, 0x4f, 0xff,
    0xff, 0xff, 0xa0, 0x0, 0x8, 0xff, 0xff, 0xff,
    0xf6, 0x0, 0x0, 0xef, 0xff, 0xff, 0xff, 0x4,
    0xff, 0xff, 0xff, 0xfa, 0x0, 0x0, 0x8f, 0xff,
    0xff, 0xff, 0x60, 0x0, 0xe, 0xff, 0xff, 0xff,
    0xf0, 0x4f, 0xff, 0xff, 0xff, 0xa0, 0x0, 0x8,
    0xff, 0xff, 0xff, 0xf6, 0x0, 0x0, 0xef, 0xff,
    0xff, 0xff, 0x4, 0xff, 0xff, 0xff, 0xfa, 0x0,
    0x0, 0x8f, 0xff, 0xff, 0xff, 0x60, 0x0, 0xe,
    0xff, 0xff, 0xff, 0xf0, 0x3f, 0xff, 0xff, 0xff,
    0x80, 0x0, 0x7, 0xff, 0xff, 0xff, 0xf5, 0x0,
    0x0, 0xcf, 0xff, 0xff, 0xfe, 0x0,

    /* U+006E "n" */
    0x2f, 0xff, 0xff, 0xff, 0x90, 0x29, 0xdf, 0xfd,
    0x93, 0x0, 0x0, 0x4f, 0xff, 0xff, 0xff, 0xb6,
    0xff, 0xff, 0xff, 0xff, 0xa0, 0x0, 0x4f, 0xff,
    0xff, 0xff, 0xff, 0xff, 0xff, 0xff, 0xff, 0xfb,
    0x0, 0x4f, 0xff, 0xff, 0xff, 0xff, 0xff, 0xff,
    0xff, 0xff, 0xff, 0x60, 0x4f, 0xff, 0xff, 0xff,
    0xff, 0xff, 0xff, 0xff, 0xff, 0xff, 0xd0, 0x4f,
    0xff, 0xff, 0xff, 0xff, 0xff, 0xff, 0xff, 0xff,
    0xff, 0xf2, 0x4f, 0xff, 0xff, 0xff, 0xff, 0xed,
    0xff, 0xff, 0xff, 0xff, 0xf6, 0x4f, 0xff, 0xff,
    0xff, 0xf8, 0x0, 0x4f, 0xff, 0xff, 0xff, 0xf7,
    0x4f, 0xff, 0xff, 0xff, 0xe0, 0x0, 0xa, 0xff,
    0xff, 0xff, 0xf8, 0x4f, 0xff, 0xff, 0xff, 0xb0,
    0x0, 0x7, 0xff, 0xff, 0xff, 0xf9, 0x4f, 0xff,
    0xff, 0xff, 0xb0, 0x0, 0x6, 0xff, 0xff, 0xff,
    0xf9, 0x4f, 0xff, 0xff, 0xff, 0xb0, 0x0, 0x6,
    0xff, 0xff, 0xff, 0xf9, 0x4f, 0xff, 0xff, 0xff,
    0xb0, 0x0, 0x6, 0xff, 0xff, 0xff, 0xf9, 0x4f,
    0xff, 0xff, 0xff, 0xb0, 0x0, 0x6, 0xff, 0xff,
    0xff, 0xf9, 0x4f, 0xff, 0xff, 0xff, 0xb0, 0x0,
    0x6, 0xff, 0xff, 0xff, 0xf9, 0x4f, 0xff, 0xff,
    0xff, 0xb0, 0x0, 0x6, 0xff, 0xff, 0xff, 0xf9,
    0x4f, 0xff, 0xff, 0xff, 0xb0, 0x0, 0x6, 0xff,
    0xff, 0xff, 0xf9, 0x4f, 0xff, 0xff, 0xff, 0xb0,
    0x0, 0x6, 0xff, 0xff, 0xff, 0xf9, 0x4f, 0xff,
    0xff, 0xff, 0xb0, 0x0, 0x6, 0xff, 0xff, 0xff,
    0xf9, 0x4f, 0xff, 0xff, 0xff, 0xb0, 0x0, 0x6,
    0xff, 0xff, 0xff, 0xf9, 0x4f, 0xff, 0xff, 0xff,
    0xb0, 0x0, 0x6, 0xff, 0xff, 0xff, 0xf9, 0x4f,
    0xff, 0xff, 0xff, 0xb0, 0x0, 0x6, 0xff, 0xff,
    0xff, 0xf9, 0x4f, 0xff, 0xff, 0xff, 0xb0, 0x0,
    0x6, 0xff, 0xff, 0xff, 0xf9, 0x4f, 0xff, 0xff,
    0xff, 0xb0, 0x0, 0x6, 0xff, 0xff, 0xff, 0xf9,
    0x3f, 0xff, 0xff, 0xff, 0x90, 0x0, 0x5, 0xff,
    0xff, 0xff, 0xf7,

    /* U+006F "o" */
    0x0, 0x0, 0x0, 0x38, 0xbe, 0xff, 0xec, 0x94,
    0x0, 0x0, 0x0, 0x0, 0x0, 0x3c, 0xff, 0xff,
    0xff, 0xff, 0xff, 0xe5, 0x0, 0x0, 0x0, 0x6,
    0xff, 0xff, 0xff, 0xff, 0xff, 0xff, 0xff, 0xa0,
    0x0, 0x0, 0x6f, 0xff, 0xff, 0xff, 0xff, 0xff,
    0xff, 0xff, 0xfa, 0x0, 0x2, 0xff, 0xff, 0xff,
    0xff, 0xff, 0xff, 0xff, 0xff, 0xff, 0x50, 0xa,
    0xff, 0xff, 0xff, 0xff, 0xff, 0xff, 0xff, 0xff,
    0xff, 0xd0, 0xf, 0xff, 0xff, 0xff, 0xff, 0xed,
    0xff, 0xff, 0xff, 0xff, 0xf4, 0x4f, 0xff, 0xff,
    0xff, 0xf6, 0x0, 0x3f, 0xff, 0xff, 0xff, 0xf7,
    0x7f, 0xff, 0xff, 0xff, 0xb0, 0x0, 0x7, 0xff,
    0xff, 0xff, 0xfa, 0x9f, 0xff, 0xff, 0xff, 0x60,
    0x0, 0x3, 0xff, 0xff, 0xff, 0xfc, 0xaf, 0xff,
    0xff, 0xff, 0x50, 0x0, 0x2, 0xff, 0xff, 0xff,
    0xfd, 0xbf, 0xff, 0xff, 0xff, 0x40, 0x0, 0x1,
    0xff, 0xff, 0xff, 0xfe, 0xbf, 0xff, 0xff, 0xff,
    0x40, 0x0, 0x0, 0xff, 0xff, 0xff, 0xfe, 0xaf,
    0xff, 0xff, 0xff, 0x40, 0x0, 0x1, 0xff, 0xff,
    0xff, 0xfe, 0xaf, 0xff, 0xff, 0xff, 0x50, 0x0,
    0x1, 0xff, 0xff, 0xff, 0xfd, 0x8f, 0xff, 0xff,
    0xff, 0x60, 0x0, 0x2, 0xff, 0xff, 0xff, 0xfc,
    0x7f, 0xff, 0xff, 0xff, 0xb0, 0x0, 0x7, 0xff,
    0xff, 0xff, 0xfb, 0x4f, 0xff, 0xff, 0xff, 0xf6,
    0x0, 0x3f, 0xff, 0xff, 0xff, 0xf8, 0xf, 0xff,
    0xff, 0xff, 0xff, 0xdd, 0xff, 0xff, 0xff, 0xff,
    0xf4, 0xa, 0xff, 0xff, 0xff, 0xff, 0xff, 0xff,
    0xff, 0xff, 0xff, 0xe0, 0x2, 0xff, 0xff, 0xff,
    0xff, 0xff, 0xff, 0xff, 0xff, 0xff, 0x60, 0x0,
    0x6f, 0xff, 0xff, 0xff, 0xff, 0xff, 0xff, 0xff,
    0xfa, 0x0, 0x0, 0x7, 0xff, 0xff, 0xff, 0xff,
    0xff, 0xff, 0xff, 0xa0, 0x0, 0x0, 0x0, 0x3c,
    0xff, 0xff, 0xff, 0xff, 0xff, 0xe5, 0x0, 0x0,
    0x0, 0x0, 0x0, 0x38, 0xce, 0xff, 0xec, 0x95,
    0x0, 0x0, 0x0,

    /* U+0070 "p" */
    0x1f, 0xff, 0xff, 0xff, 0xb0, 0x4a, 0xdf, 0xfd,
    0x92, 0x0, 0x0, 0x2f, 0xff, 0xff, 0xff, 0xeb,
    0xff, 0xff, 0xff, 0xff, 0x50, 0x0, 0x2f, 0xff,
    0xff, 0xff, 0xff, 0xff, 0xff, 0xff, 0xff, 0xf4,
    0x0, 0x2f, 0xff, 0xff, 0xff, 0xff, 0xff, 0xff,
    0xff, 0xff, 0xfe, 0x0, 0x2f, 0xff, 0xff, 0xff,
    0xff, 0xff, 0xff, 0xff, 0xff, 0xff, 0x80, 0x2f,
    0xff, 0xff, 0xff, 0xff, 0xff, 0xff, 0xff, 0xff,
    0xff, 0xe0, 0x2f, 0xff, 0xff, 0xff, 0xff, 0xfd,
    0xff, 0xff, 0xff, 0xff, 0xf3, 0x2f, 0xff, 0xff,
    0xff, 0xfd, 0x10, 0x1e, 0xff, 0xff, 0xff, 0xf7,
    0x2f, 0xff, 0xff, 0xff, 0xf4, 0x0, 0x6, 0xff,
    0xff, 0xff, 0xfb, 0x2f, 0xff, 0xff, 0xff, 0xf0,
    0x0, 0x2, 0xff, 0xff, 0xff, 0xfd, 0x2f, 0xff,
    0xff, 0xff, 0xe0, 0x0, 0x0, 0xff, 0xff, 0xff,
    0xfe, 0x2f, 0xff, 0xff, 0xff, 0xd0, 0x0, 0x0,
    0xff, 0xff, 0xff, 0xff, 0x2f, 0xff, 0xff, 0xff,
    0xd0, 0x0, 0x0, 0xff, 0xff, 0xff, 0xff, 0x2f,
    0xff, 0xff, 0xff, 0xd0, 0x0, 0x0, 0xff, 0xff,
    0xff, 0xff, 0x2f, 0xff, 0xff, 0xff, 0xe0, 0x0,
    0x0, 0xff, 0xff, 0xff, 0xfe, 0x2f, 0xff, 0xff,
    0xff, 0xf0, 0x0, 0x2, 0xff, 0xff, 0xff, 0xfd,
    0x2f, 0xff, 0xff, 0xff, 0xf3, 0x0, 0x6, 0xff,
    0xff, 0xff, 0xfb, 0x2f, 0xff, 0xff, 0xff, 0xfc,
    0x0, 0x2e, 0xff, 0xff, 0xff, 0xf9, 0x2f, 0xff,
    0xff, 0xff, 0xff, 0xec, 0xff, 0xff, 0xff, 0xff,
    0xf5, 0x2f, 0xff, 0xff, 0xff, 0xff, 0xff, 0xff,
    0xff, 0xff, 0xff, 0xf1, 0x2f, 0xff, 0xff, 0xff,
    0xff, 0xff, 0xff, 0xff, 0xff, 0xff, 0xa0, 0x2f,
    0xff, 0xff, 0xff, 0xff, 0xff, 0xff, 0xff, 0xff,
    0xff, 0x20, 0x2f, 0xff, 0xff, 0xff, 0xff, 0xff,
    0xff, 0xff, 0xff, 0xf7, 0x0, 0x2f, 0xff, 0xff,
    0xff, 0xd8, 0xff, 0xff, 0xff, 0xff, 0x70, 0x0,
    0x2f, 0xff, 0xff, 0xff, 0xd0, 0x3a, 0xdf, 0xfd,
    0x92, 0x0, 0x0, 0x2f, 0xff, 0xff, 0xff, 0xd0,
    0x0, 0x0, 0x0, 0x0, 0x0, 0x0, 0x2f, 0xff,
    0xff, 0xff, 0xd0, 0x0, 0x0, 0x0, 0x0, 0x0,
    0x0, 0x2f, 0xff, 0xff, 0xff, 0xd0, 0x0, 0x0,
    0x0, 0x0, 0x0, 0x0, 0x2f, 0xff, 0xff, 0xff,
    0xd0, 0x0, 0x0, 0x0, 0x0, 0x0, 0x0, 0x2f,
    0xff, 0xff, 0xff, 0xd0, 0x0, 0x0, 0x0, 0x0,
    0x0, 0x0, 0x2f, 0xff, 0xff, 0xff, 0xd0, 0x0,
    0x0, 0x0, 0x0, 0x0, 0x0, 0x2f, 0xff, 0xff,
    0xff, 0xd0, 0x0, 0x0, 0x0, 0x0, 0x0, 0x0,
    0x1f, 0xff, 0xff, 0xff, 0xd0, 0x0, 0x0, 0x0,
    0x0, 0x0, 0x0, 0x4, 0x55, 0x55, 0x55, 0x30,
    0x0, 0x0, 0x0, 0x0, 0x0, 0x0,

    /* U+0071 "q" */
    0x0, 0x0, 0x4, 0xae, 0xff, 0xd9, 0x21, 0xff,
    0xff, 0xff, 0xfb, 0x0, 0x0, 0x9f, 0xff, 0xff,
    0xff, 0xfa, 0xff, 0xff, 0xff, 0xfd, 0x0, 0x9,
    0xff, 0xff, 0xff, 0xff, 0xff, 0xff, 0xff, 0xff,
    0xfd, 0x0, 0x4f, 0xff, 0xff, 0xff, 0xff, 0xff,
    0xff, 0xff, 0xff, 0xfd, 0x0, 0xcf, 0xff, 0xff,
    0xff, 0xff, 0xff, 0xff, 0xff, 0xff, 0xfd, 0x3,
    0xff, 0xff, 0xff, 0xff, 0xff, 0xff, 0xff, 0xff,
    0xff, 0xfd, 0x8, 0xff, 0xff, 0xff, 0xff, 0xed,
    0xff, 0xff, 0xff, 0xff, 0xfd, 0xc, 0xff, 0xff,
    0xff, 0xfb, 0x0, 0x3f, 0xff, 0xff, 0xff, 0xfd,
    0xf, 0xff, 0xff, 0xff, 0xf1, 0x0, 0x9, 0xff,
    0xff, 0xff, 0xfd, 0x1f, 0xff, 0xff, 0xff, 0xd0,
    0x0, 0x5, 0xff, 0xff, 0xff, 0xfd, 0x3f, 0xff,
    0xff, 0xff, 0xc0, 0x0, 0x3, 0xff, 0xff, 0xff,
    0xfd, 0x3f, 0xff, 0xff, 0xff, 0xb0, 0x0, 0x2,
    0xff, 0xff, 0xff, 0xfd, 0x4f, 0xff, 0xff, 0xff,
    0xb0, 0x0, 0x2, 0xff, 0xff, 0xff, 0xfd, 0x3f,
    0xff, 0xff, 0xff, 0xb0, 0x0, 0x2, 0xff, 0xff,
    0xff, 0xfd, 0x3f, 0xff, 0xff, 0xff, 0xb0, 0x0,
    0x3, 0xff, 0xff, 0xff, 0xfd, 0x2f, 0xff, 0xff,
    0xff, 0xd0, 0x0, 0x4, 0xff, 0xff, 0xff, 0xfd,
    0xf, 0xff, 0xff, 0xff, 0xf2, 0x0, 0x8, 0xff,
    0xff, 0xff, 0xfd, 0xe, 0xff, 0xff, 0xff, 0xfb,
    0x0, 0x2f, 0xff, 0xff, 0xff, 0xfd, 0xa, 0xff,
    0xff, 0xff, 0xff, 0xec, 0xff, 0xff, 0xff, 0xff,
    0xfd, 0x5, 0xff, 0xff, 0xff, 0xff, 0xff, 0xff,
    0xff, 0xff, 0xff, 0xfd, 0x0, 0xef, 0xff, 0xff,
    0xff, 0xff, 0xff, 0xff, 0xff, 0xff, 0xfd, 0x0,
    0x6f, 0xff, 0xff, 0xff, 0xff, 0xff, 0xff, 0xff,
    0xff, 0xfd, 0x0, 0xb, 0xff, 0xff, 0xff, 0xff,
    0xff, 0xff, 0xff, 0xff, 0xfd, 0x0, 0x0, 0xbf,
    0xff, 0xff, 0xff, 0xf6, 0xff, 0xff, 0xff, 0xfd,
    0x0, 0x0, 0x4, 0xae, 0xff, 0xd8, 0x12, 0xff,
    0xff, 0xff, 0xfd, 0x0, 0x0, 0x0, 0x0, 0x0,
    0x0, 0x2, 0xff, 0xff, 0xff, 0xfd, 0x0, 0x0,
    0x0, 0x0, 0x0, 0x0, 0x2, 0xff, 0xff, 0xff,
    0xfd, 0x0, 0x0, 0x0, 0x0, 0x0, 0x0, 0x2,
    0xff, 0xff, 0xff, 0xfd, 0x0, 0x0, 0x0, 0x0,
    0x0, 0x0, 0x2, 0xff, 0xff, 0xff, 0xfd, 0x0,
    0x0, 0x0, 0x0, 0x0, 0x0, 0x2, 0xff, 0xff,
    0xff, 0xfd, 0x0, 0x0, 0x0, 0x0, 0x0, 0x0,
    0x2, 0xff, 0xff, 0xff, 0xfd, 0x0, 0x0, 0x0,
    0x0, 0x0, 0x0, 0x2, 0xff, 0xff, 0xff, 0xfd,
    0x0, 0x0, 0x0, 0x0, 0x0, 0x0, 0x1, 0xff,
    0xff, 0xff, 0xfd, 0x0, 0x0, 0x0, 0x0, 0x0,
    0x0, 0x0, 0x45, 0x55, 0x55, 0x53,

    /* U+0072 "r" */
    0x3f, 0xff, 0xff, 0xff, 0x80, 0x3a, 0xef, 0xd7,
    0x5, 0xff, 0xff, 0xff, 0xfa, 0x6f, 0xff, 0xff,
    0xf0, 0x5f, 0xff, 0xff, 0xff, 0xef, 0xff, 0xff,
    0xfc, 0x5, 0xff, 0xff, 0xff, 0xff, 0xff, 0xff,
    0xff, 0x90, 0x5f, 0xff, 0xff, 0xff, 0xff, 0xff,
    0xff, 0xf7, 0x5, 0xff, 0xff, 0xff, 0xff, 0xff,
    0xff, 0xff, 0x40, 0x5f, 0xff, 0xff, 0xff, 0xff,
    0xff, 0xff, 0xf2, 0x5, 0xff, 0xff, 0xff, 0xff,
    0xff, 0xff, 0xff, 0x0, 0x5f, 0xff, 0xff, 0xff,
    0xff, 0xb5, 0x33, 0x40, 0x5, 0xff, 0xff, 0xff,
    0xff, 0x80, 0x0, 0x0, 0x0, 0x5f, 0xff, 0xff,
    0xff, 0xe0, 0x0, 0x0, 0x0, 0x5, 0xff, 0xff,
    0xff, 0xfb, 0x0, 0x0, 0x0, 0x0, 0x5f, 0xff,
    0xff, 0xff, 0xa0, 0x0, 0x0, 0x0, 0x5, 0xff,
    0xff, 0xff, 0xfa, 0x0, 0x0, 0x0, 0x0, 0x5f,
    0xff, 0xff, 0xff, 0xa0, 0x0, 0x0, 0x0, 0x5,
    0xff, 0xff, 0xff, 0xfa, 0x0, 0x0, 0x0, 0x0,
    0x5f, 0xff, 0xff, 0xff, 0xa0, 0x0, 0x0, 0x0,
    0x5, 0xff, 0xff, 0xff, 0xfa, 0x0, 0x0, 0x0,
    0x0, 0x5f, 0xff, 0xff, 0xff, 0xa0, 0x0, 0x0,
    0x0, 0x5, 0xff, 0xff, 0xff, 0xfa, 0x0, 0x0,
    0x0, 0x0, 0x5f, 0xff, 0xff, 0xff, 0xa0, 0x0,
    0x0, 0x0, 0x5, 0xff, 0xff, 0xff, 0xfa, 0x0,
    0x0, 0x0, 0x0, 0x5f, 0xff, 0xff, 0xff, 0xa0,
    0x0, 0x0, 0x0, 0x5, 0xff, 0xff, 0xff, 0xfa,
    0x0, 0x0, 0x0, 0x0, 0x3f, 0xff, 0xff, 0xff,
    0x80, 0x0, 0x0, 0x0, 0x0,

    /* U+0073 "s" */
    0x0, 0x0, 0x3, 0x8b, 0xef, 0xfe, 0xd9, 0x50,
    0x0, 0x0, 0x0, 0x0, 0x2c, 0xff, 0xff, 0xff,
    0xff, 0xff, 0xe5, 0x0, 0x0, 0x0, 0x5f, 0xff,
    0xff, 0xff, 0xff, 0xff, 0xff, 0xf9, 0x0, 0x0,
    0x4f, 0xff, 0xff, 0xff, 0xff, 0xff, 0xff, 0xff,
    0xf9, 0x0, 0xd, 0xff, 0xff, 0xff, 0xff, 0xff,
    0xff, 0xff, 0xff, 0xf3, 0x3, 0xff, 0xff, 0xff,
    0xff, 0xff, 0xff, 0xff, 0xff, 0xff, 0xa0, 0x7f,
    0xff, 0xff, 0xff, 0xc4, 0x26, 0xef, 0xff, 0xff,
    0xff, 0x9, 0xff, 0xff, 0xff, 0xf1, 0x0, 0x6,
    0xff, 0xff, 0xff, 0xf0, 0x8f, 0xff, 0xff, 0xff,
    0x50, 0x0, 0x1a, 0xbb, 0xbb, 0xba, 0x6, 0xff,
    0xff, 0xff, 0xff, 0xa5, 0x10, 0x0, 0x0, 0x0,
    0x0, 0x2f, 0xff, 0xff, 0xff, 0xff, 0xff, 0xc8,
    0x20, 0x0, 0x0, 0x0, 0x9f, 0xff, 0xff, 0xff,
    0xff, 0xff, 0xff, 0xc5, 0x0, 0x0, 0x0, 0x9f,
    0xff, 0xff, 0xff, 0xff, 0xff, 0xff, 0xfc, 0x20,
    0x0, 0x0, 0x6e, 0xff, 0xff, 0xff, 0xff, 0xff,
    0xff, 0xff, 0x30, 0x0, 0x0, 0x7, 0xef, 0xff,
    0xff, 0xff, 0xff, 0xff, 0xfd, 0x0, 0x0, 0x0,
    0x0, 0x37, 0xcf, 0xff, 0xff, 0xff, 0xff, 0xf5,
    0x35, 0x55, 0x55, 0x52, 0x0, 0x6, 0xef, 0xff,
    0xff, 0xff, 0x8d, 0xff, 0xff, 0xff, 0xc0, 0x0,
    0x7, 0xff, 0xff, 0xff, 0xf9, 0xdf, 0xff, 0xff,
    0xff, 0x70, 0x1, 0xbf, 0xff, 0xff, 0xff, 0x89,
    0xff, 0xff, 0xff, 0xff, 0xfd, 0xff, 0xff, 0xff,
    0xff, 0xf5, 0x3f, 0xff, 0xff, 0xff, 0xff, 0xff,
    0xff, 0xff, 0xff, 0xff, 0x0, 0x8f, 0xff, 0xff,
    0xff, 0xff, 0xff, 0xff, 0xff, 0xff, 0x60, 0x0,
    0x9f, 0xff, 0xff, 0xff, 0xff, 0xff, 0xff, 0xff,
    0x70, 0x0, 0x0, 0x4d, 0xff, 0xff, 0xff, 0xff,
    0xff, 0xfd, 0x40, 0x0, 0x0, 0x0, 0x3, 0x7b,
    0xde, 0xff, 0xeb, 0x83, 0x0, 0x0, 0x0,

    /* U+0074 "t" */
    0x0, 0x4, 0xff, 0xff, 0xff, 0xf3, 0x0, 0x0,
    0x0, 0x5, 0xff, 0xff, 0xff, 0xf4, 0x0, 0x0,
    0x0, 0x5, 0xff, 0xff, 0xff, 0xf4, 0x0, 0x0,
    0x0, 0x5, 0xff, 0xff, 0xff, 0xf4, 0x0, 0x0,
    0x0, 0x5, 0xff, 0xff, 0xff, 0xf4, 0x0, 0x0,
    0x0, 0x6, 0xff, 0xff, 0xff, 0xf4, 0x0, 0x0,
    0x3f, 0xff, 0xff, 0xff, 0xff, 0xff, 0xff, 0xf6,
    0x5f, 0xff, 0xff, 0xff, 0xff, 0xff, 0xff, 0xf8,
    0x5f, 0xff, 0xff, 0xff, 0xff, 0xff, 0xff, 0xf8,
    0x5f, 0xff, 0xff, 0xff, 0xff, 0xff, 0xff, 0xf8,
    0x5f, 0xff, 0xff, 0xff, 0xff, 0xff, 0xff, 0xf8,
    0x3e, 0xef, 0xff, 0xff, 0xff, 0xff, 0xee, 0xe5,
    0x0, 0x5, 0xff, 0xff, 0xff, 0xf4, 0x0, 0x0,
    0x0, 0x5, 0xff, 0xff, 0xff, 0xf4, 0x0, 0x0,
    0x0, 0x5, 0xff, 0xff, 0xff, 0xf4, 0x0, 0x0,
    0x0, 0x5, 0xff, 0xff, 0xff, 0xf4, 0x0, 0x0,
    0x0, 0x5, 0xff, 0xff, 0xff, 0xf4, 0x0, 0x0,
    0x0, 0x5, 0xff, 0xff, 0xff, 0xf4, 0x0, 0x0,
    0x0, 0x5, 0xff, 0xff, 0xff, 0xf4, 0x0, 0x0,
    0x0, 0x5, 0xff, 0xff, 0xff, 0xf4, 0x0, 0x0,
    0x0, 0x5, 0xff, 0xff, 0xff, 0xf4, 0x0, 0x0,
    0x0, 0x5, 0xff, 0xff, 0xff, 0xf4, 0x0, 0x0,
    0x0, 0x5, 0xff, 0xff, 0xff, 0xf5, 0x0, 0x0,
    0x0, 0x5, 0xff, 0xff, 0xff, 0xfb, 0x0, 0x0,
    0x0, 0x5, 0xff, 0xff, 0xff, 0xff, 0xec, 0x90,
    0x0, 0x5, 0xff, 0xff, 0xff, 0xff, 0xff, 0xe0,
    0x0, 0x3, 0xff, 0xff, 0xff, 0xff, 0xff, 0xe0,
    0x0, 0x0, 0xff, 0xff, 0xff, 0xff, 0xff, 0xe0,
    0x0, 0x0, 0x8f, 0xff, 0xff, 0xff, 0xff, 0xe0,
    0x0, 0x0, 0xa, 0xff, 0xff, 0xff, 0xff, 0xe0,
    0x0, 0x0, 0x0, 0x38, 0xce, 0xff, 0xff, 0xc0,

    /* U+0075 "u" */
    0x5f, 0xff, 0xff, 0xff, 0x70, 0x0, 0x8, 0xff,
    0xff, 0xff, 0xf4, 0x6f, 0xff, 0xff, 0xff, 0x80,
    0x0, 0x9, 0xff, 0xff, 0xff, 0xf6, 0x6f, 0xff,
    0xff, 0xff, 0x80, 0x0, 0x9, 0xff, 0xff, 0xff,
    0xf6, 0x6f, 0xff, 0xff, 0xff, 0x80, 0x0, 0x9,
    0xff, 0xff, 0xff, 0xf6, 0x6f, 0xff, 0xff, 0xff,
    0x80, 0x0, 0x9, 0xff, 0xff, 0xff, 0xf6, 0x6f,
    0xff, 0xff, 0xff, 0x80, 0x0, 0x9, 0xff, 0xff,
    0xff, 0xf6, 0x6f, 0xff, 0xff, 0xff, 0x80, 0x0,
    0x9, 0xff, 0xff, 0xff, 0xf6, 0x6f, 0xff, 0xff,
    0xff, 0x80, 0x0, 0x9, 0xff, 0xff, 0xff, 0xf6,
    0x6f, 0xff, 0xff, 0xff, 0x80, 0x0, 0x9, 0xff,
    0xff, 0xff, 0xf6, 0x6f, 0xff, 0xff, 0xff, 0x80,
    0x0, 0x9, 0xff, 0xff, 0xff, 0xf6, 0x6f, 0xff,
    0xff, 0xff, 0x80, 0x0, 0x9, 0xff, 0xff, 0xff,
    0xf6, 0x6f, 0xff, 0xff, 0xff, 0x80, 0x0, 0x9,
    0xff, 0xff, 0xff, 0xf6, 0x6f, 0xff, 0xff, 0xff,
    0x80, 0x0, 0x9, 0xff, 0xff, 0xff, 0xf6, 0x6f,
    0xff, 0xff, 0xff, 0x80, 0x0, 0x9, 0xff, 0xff,
    0xff, 0xf6, 0x6f, 0xff, 0xff, 0xff, 0x80, 0x0,
    0x9, 0xff, 0xff, 0xff, 0xf6, 0x6f, 0xff, 0xff,
    0xff, 0x90, 0x0, 0x9, 0xff, 0xff, 0xff, 0xf6,
    0x6f, 0xff, 0xff, 0xff, 0xb0, 0x0, 0xc, 0xff,
    0xff, 0xff, 0xf6, 0x6f, 0xff, 0xff, 0xff, 0xf5,
    0x0, 0x6f, 0xff, 0xff, 0xff, 0xf6, 0x5f, 0xff,
    0xff, 0xff, 0xff, 0xee, 0xff, 0xff, 0xff, 0xff,
    0xf6, 0x2f, 0xff, 0xff, 0xff, 0xff, 0xff, 0xff,
    0xff, 0xff, 0xff, 0xf6, 0xd, 0xff, 0xff, 0xff,
    0xff, 0xff, 0xff, 0xff, 0xff, 0xff, 0xf6, 0x6,
    0xff, 0xff, 0xff, 0xff, 0xff, 0xff, 0xff, 0xff,
    0xff, 0xf6, 0x0, 0xbf, 0xff, 0xff, 0xff, 0xff,
    0xff, 0xff, 0xff, 0xff, 0xf6, 0x0, 0xa, 0xff,
    0xff, 0xff, 0xff, 0xaa, 0xff, 0xff, 0xff, 0xf6,
    0x0, 0x0, 0x39, 0xdf, 0xfe, 0xa4, 0x7, 0xff,
    0xff, 0xff, 0xf4,

    /* U+0076 "v" */
    0x2f, 0xff, 0xff, 0xff, 0xf4, 0x0, 0x0, 0x7f,
    0xff, 0xff, 0xff, 0xe0, 0xe, 0xff, 0xff, 0xff,
    0xf8, 0x0, 0x0, 0xbf, 0xff, 0xff, 0xff, 0xb0,
    0xa, 0xff, 0xff, 0xff, 0xfb, 0x0, 0x0, 0xef,
    0xff, 0xff, 0xff, 0x70, 0x6, 0xff, 0xff, 0xff,
    0xfe, 0x0, 0x1, 0xff, 0xff, 0xff, 0xff, 0x30,
    0x1, 0xff, 0xff, 0xff, 0xff, 0x10, 0x4, 0xff,
    0xff, 0xff, 0xfe, 0x0, 0x0, 0xdf, 0xff, 0xff,
    0xff, 0x40, 0x7, 0xff, 0xff, 0xff, 0xfa, 0x0,
    0x0, 0x8f, 0xff, 0xff, 0xff, 0x70, 0xa, 0xff,
    0xff, 0xff, 0xf5, 0x0, 0x0, 0x4f, 0xff, 0xff,
    0xff, 0xa0, 0xd, 0xff, 0xff, 0xff, 0xf1, 0x0,
    0x0, 0xf, 0xff, 0xff, 0xff, 0xd0, 0xf, 0xff,
    0xff, 0xff, 0xd0, 0x0, 0x0, 0xb, 0xff, 0xff,
    0xff, 0xf0, 0x3f, 0xff, 0xff, 0xff, 0x80, 0x0,
    0x0, 0x7, 0xff, 0xff, 0xff, 0xf3, 0x6f, 0xff,
    0xff, 0xff, 0x40, 0x0, 0x0, 0x2, 0xff, 0xff,
    0xff, 0xf6, 0x9f, 0xff, 0xff, 0xff, 0x0, 0x0,
    0x0, 0x0, 0xef, 0xff, 0xff, 0xf9, 0xcf, 0xff,
    0xff, 0xfb, 0x0, 0x0, 0x0, 0x0, 0x9f, 0xff,
    0xff, 0xfd, 0xff, 0xff, 0xff, 0xf7, 0x0, 0x0,
    0x0, 0x0, 0x5f, 0xff, 0xff, 0xff, 0xff, 0xff,
    0xff, 0xf2, 0x0, 0x0, 0x0, 0x0, 0x1f, 0xff,
    0xff, 0xff, 0xff, 0xff, 0xff, 0xe0, 0x0, 0x0,
    0x0, 0x0, 0xc, 0xff, 0xff, 0xff, 0xff, 0xff,
    0xff, 0x90, 0x0, 0x0, 0x0, 0x0, 0x8, 0xff,
    0xff, 0xff, 0xff, 0xff, 0xff, 0x50, 0x0, 0x0,
    0x0, 0x0, 0x3, 0xff, 0xff, 0xff, 0xff, 0xff,
    0xff, 0x10, 0x0, 0x0, 0x0, 0x0, 0x0, 0xff,
    0xff, 0xff, 0xff, 0xff, 0xfc, 0x0, 0x0, 0x0,
    0x0, 0x0, 0x0, 0xaf, 0xff, 0xff, 0xff, 0xff,
    0xf8, 0x0, 0x0, 0x0, 0x0, 0x0, 0x0, 0x6f,
    0xff, 0xff, 0xff, 0xff, 0xf3, 0x0, 0x0, 0x0,
    0x0, 0x0, 0x0, 0x2f, 0xff, 0xff, 0xff, 0xff,
    0xf0, 0x0, 0x0, 0x0, 0x0, 0x0, 0x0, 0xd,
    0xff, 0xff, 0xff, 0xff, 0xb0, 0x0, 0x0, 0x0,
    0x0, 0x0, 0x0, 0x8, 0xff, 0xff, 0xff, 0xff,
    0x50, 0x0, 0x0, 0x0,

    /* U+0077 "w" */
    0x2f, 0xff, 0xff, 0xff, 0x90, 0x0, 0x6, 0xff,
    0xff, 0xff, 0xb0, 0x0, 0x0, 0xef, 0xff, 0xff,
    0xfb, 0xf, 0xff, 0xff, 0xff, 0xd0, 0x0, 0xa,
    0xff, 0xff, 0xff, 0xf0, 0x0, 0x3, 0xff, 0xff,
    0xff, 0xf9, 0xc, 0xff, 0xff, 0xff, 0xf0, 0x0,
    0xd, 0xff, 0xff, 0xff, 0xf2, 0x0, 0x6, 0xff,
    0xff, 0xff, 0xf5, 0x8, 0xff, 0xff, 0xff, 0xf2,
    0x0, 0xf, 0xff, 0xff, 0xff, 0xf6, 0x0, 0x9,
    0xff, 0xff, 0xff, 0xf1, 0x4, 0xff, 0xff, 0xff,
    0xf5, 0x0, 0x3f, 0xff, 0xff, 0xff, 0xf9, 0x0,
    0xc, 0xff, 0xff, 0xff, 0xc0, 0x0, 0xff, 0xff,
    0xff, 0xf8, 0x0, 0x6f, 0xff, 0xff, 0xff, 0xfc,
    0x0, 0xf, 0xff, 0xff, 0xff, 0x80, 0x0, 0xcf,
    0xff, 0xff, 0xfb, 0x0, 0x9f, 0xff, 0xff, 0xff,
    0xff, 0x0, 0x3f, 0xff, 0xff, 0xff, 0x40, 0x0,
    0x7f, 0xff, 0xff, 0xfe, 0x0, 0xcf, 0xff, 0xff,
    0xff, 0xff, 0x20, 0x6f, 0xff, 0xff, 0xff, 0x0,
    0x0, 0x3f, 0xff, 0xff, 0xff, 0x10, 0xff, 0xff,
    0xff, 0xff, 0xff, 0x60, 0x9f, 0xff, 0xff, 0xfc,
    0x0, 0x0, 0xf, 0xff, 0xff, 0xff, 0x42, 0xff,
    0xff, 0xff, 0xff, 0xff, 0x90, 0xcf, 0xff, 0xff,
    0xf8, 0x0, 0x0, 0xb, 0xff, 0xff, 0xff, 0x75,
    0xff, 0xff, 0xff, 0xff, 0xff, 0xc0, 0xff, 0xff,
    0xff, 0xf4, 0x0, 0x0, 0x7, 0xff, 0xff, 0xff,
    0xa8, 0xff, 0xff, 0xff, 0xff, 0xff, 0xf2, 0xff,
    0xff, 0xff, 0xf0, 0x0, 0x0, 0x3, 0xff, 0xff,
    0xff, 0xdb, 0xff, 0xff, 0xff, 0xff, 0xff, 0xf8,
    0xff, 0xff, 0xff, 0xc0, 0x0, 0x0, 0x0, 0xff,
    0xff, 0xff, 0xff, 0xff, 0xff, 0xfe, 0xff, 0xff,
    0xff, 0xff, 0xff, 0xff, 0x80, 0x0, 0x0, 0x0,
    0xbf, 0xff, 0xff, 0xff, 0xff, 0xff, 0xba, 0xff,
    0xff, 0xff, 0xff, 0xff, 0xff, 0x40, 0x0, 0x0,
    0x0, 0x7f, 0xff, 0xff, 0xff, 0xff, 0xff, 0x86,
    0xff, 0xff, 0xff, 0xff, 0xff, 0xff, 0x0, 0x0,
    0x0, 0x0, 0x3f, 0xff, 0xff, 0xff, 0xff, 0xff,
    0x53, 0xff, 0xff, 0xff, 0xff, 0xff, 0xfb, 0x0,
    0x0, 0x0, 0x0, 0xf, 0xff, 0xff, 0xff, 0xff,
    0xff, 0x20, 0xff, 0xff, 0xff, 0xff, 0xff, 0xf7,
    0x0, 0x0, 0x0, 0x0, 0xb, 0xff, 0xff, 0xff,
    0xff, 0xff, 0x0, 0xcf, 0xff, 0xff, 0xff, 0xff,
    0xf3, 0x0, 0x0, 0x0, 0x0, 0x7, 0xff, 0xff,
    0xff, 0xff, 0xfc, 0x0, 0x8f, 0xff, 0xff, 0xff,
    0xff, 0xf0, 0x0, 0x0, 0x0, 0x0, 0x3, 0xff,
    0xff, 0xff, 0xff, 0xf9, 0x0, 0x4f, 0xff, 0xff,
    0xff, 0xff, 0xb0, 0x0, 0x0, 0x0, 0x0, 0x0,
    0xff, 0xff, 0xff, 0xff, 0xf5, 0x0, 0x1f, 0xff,
    0xff, 0xff, 0xff, 0x70, 0x0, 0x0, 0x0, 0x0,
    0x0, 0xbf, 0xff, 0xff, 0xff, 0xf2, 0x0, 0xd,
    0xff, 0xff, 0xff, 0xff, 0x30, 0x0, 0x0, 0x0,
    0x0, 0x0, 0x7f, 0xff, 0xff, 0xff, 0xf0, 0x0,
    0xa, 0xff, 0xff, 0xff, 0xff, 0x0, 0x0, 0x0,
    0x0, 0x0, 0x0, 0x2f, 0xff, 0xff, 0xff, 0xb0,
    0x0, 0x5, 0xff, 0xff, 0xff, 0xfa, 0x0, 0x0,
    0x0,

    /* U+0078 "x" */
    0x1f, 0xff, 0xff, 0xff, 0xf5, 0x0, 0x0, 0x2e,
    0xff, 0xff, 0xff, 0xf9, 0xa, 0xff, 0xff, 0xff,
    0xfd, 0x0, 0x0, 0xaf, 0xff, 0xff, 0xff, 0xf3,
    0x2, 0xff, 0xff, 0xff, 0xff, 0x60, 0x2, 0xff,
    0xff, 0xff, 0xff, 0xa0, 0x0, 0x8f, 0xff, 0xff,
    0xff, 0xe0, 0xb, 0xff, 0xff, 0xff, 0xff, 0x10,
    0x0, 0x1e, 0xff, 0xff, 0xff, 0xf7, 0x3f, 0xff,
    0xff, 0xff, 0xf8, 0x0, 0x0, 0x7, 0xff, 0xff,
    0xff, 0xfe, 0xcf, 0xff, 0xff, 0xff, 0xe0, 0x0,
    0x0, 0x0, 0xdf, 0xff, 0xff, 0xff, 0xff, 0xff,
    0xff, 0xff, 0x60, 0x0, 0x0, 0x0, 0x5f, 0xff,
    0xff, 0xff, 0xff, 0xff, 0xff, 0xfd, 0x0, 0x0,
    0x0, 0x0, 0xc, 0xff, 0xff, 0xff, 0xff, 0xff,
    0xff, 0xf4, 0x0, 0x0, 0x0, 0x0, 0x3, 0xff,
    0xff, 0xff, 0xff, 0xff, 0xff, 0xb0, 0x0, 0x0,
    0x0, 0x0, 0x0, 0xaf, 0xff, 0xff, 0xff, 0xff,
    0xff, 0x20, 0x0, 0x0, 0x0, 0x0, 0x0, 0x1f,
    0xff, 0xff, 0xff, 0xff, 0xf9, 0x0, 0x0, 0x0,
    0x0, 0x0, 0x0, 0xa, 0xff, 0xff, 0xff, 0xff,
    0xf3, 0x0, 0x0, 0x0, 0x0, 0x0, 0x0, 0x2f,
    0xff, 0xff, 0xff, 0xff, 0xfa, 0x0, 0x0, 0x0,
    0x0, 0x0, 0x0, 0xaf, 0xff, 0xff, 0xff, 0xff,
    0xff, 0x30, 0x0, 0x0, 0x0, 0x0, 0x3, 0xff,
    0xff, 0xff, 0xff, 0xff, 0xff, 0xb0, 0x0, 0x0,
    0x0, 0x0, 0xc, 0xff, 0xff, 0xff, 0xff, 0xff,
    0xff, 0xf4, 0x0, 0x0, 0x0, 0x0, 0x5f, 0xff,
    0xff, 0xff, 0xff, 0xff, 0xff, 0xfd, 0x0, 0x0,
    0x0, 0x0, 0xdf, 0xff, 0xff, 0xff, 0xff, 0xff,
    0xff, 0xff, 0x60, 0x0, 0x0, 0x7, 0xff, 0xff,
    0xff, 0xff, 0x9f, 0xff, 0xff, 0xff, 0xe0, 0x0,
    0x0, 0x1e, 0xff, 0xff, 0xff, 0xfa, 0xd, 0xff,
    0xff, 0xff, 0xf8, 0x0, 0x0, 0x9f, 0xff, 0xff,
    0xff, 0xf2, 0x6, 0xff, 0xff, 0xff, 0xff, 0x10,
    0x2, 0xff, 0xff, 0xff, 0xff, 0x90, 0x0, 0xdf,
    0xff, 0xff, 0xff, 0xa0, 0xb, 0xff, 0xff, 0xff,
    0xff, 0x10, 0x0, 0x5f, 0xff, 0xff, 0xff, 0xf3,
    0x1f, 0xff, 0xff, 0xff, 0xf8, 0x0, 0x0, 0xc,
    0xff, 0xff, 0xff, 0xfa,

    /* U+0079 "y" */
    0x4f, 0xff, 0xff, 0xff, 0xf1, 0x0, 0x0, 0xdf,
    0xff, 0xff, 0xff, 0x61, 0xff, 0xff, 0xff, 0xff,
    0x40, 0x0, 0x1f, 0xff, 0xff, 0xff, 0xf3, 0xc,
    0xff, 0xff, 0xff, 0xf6, 0x0, 0x3, 0xff, 0xff,
    0xff, 0xfe, 0x0, 0x7f, 0xff, 0xff, 0xff, 0x90,
    0x0, 0x6f, 0xff, 0xff, 0xff, 0x90, 0x3, 0xff,
    0xff, 0xff, 0xfc, 0x0, 0x9, 0xff, 0xff, 0xff,
    0xf5, 0x0, 0xe, 0xff, 0xff, 0xff, 0xf0, 0x0,
    0xcf, 0xff, 0xff, 0xff, 0x0, 0x0, 0xaf, 0xff,
    0xff, 0xff, 0x20, 0xf, 0xff, 0xff, 0xff, 0xb0,
    0x0, 0x5, 0xff, 0xff, 0xff, 0xf5, 0x2, 0xff,
    0xff, 0xff, 0xf7, 0x0, 0x0, 0x1f, 0xff, 0xff,
    0xff, 0x80, 0x4f, 0xff, 0xff, 0xff, 0x20, 0x0,
    0x0, 0xcf, 0xff, 0xff, 0xfb, 0x7, 0xff, 0xff,
    0xff, 0xd0, 0x0, 0x0, 0x7, 0xff, 0xff, 0xff,
    0xe0, 0xaf, 0xff, 0xff, 0xf9, 0x0, 0x0, 0x0,
    0x3f, 0xff, 0xff, 0xff, 0xd, 0xff, 0xff, 0xff,
    0x40, 0x0, 0x0, 0x0, 0xef, 0xff, 0xff, 0xf4,
    0xff, 0xff, 0xff, 0xf0, 0x0, 0x0, 0x0, 0x9,
    0xff, 0xff, 0xff, 0xaf, 0xff, 0xff, 0xfa, 0x0,
    0x0, 0x0, 0x0, 0x5f, 0xff, 0xff, 0xff, 0xff,
    0xff, 0xff, 0x60, 0x0, 0x0, 0x0, 0x0, 0xff,
    0xff, 0xff, 0xff, 0xff, 0xff, 0xf1, 0x0, 0x0,
    0x0, 0x0, 0xc, 0xff, 0xff, 0xff, 0xff, 0xff,
    0xfc, 0x0, 0x0, 0x0, 0x0, 0x0, 0x7f, 0xff,
    0xff, 0xff, 0xff, 0xff, 0x80, 0x0, 0x0, 0x0,
    0x0, 0x2, 0xff, 0xff, 0xff, 0xff, 0xff, 0xf3,
    0x0, 0x0, 0x0, 0x0, 0x0, 0xe, 0xff, 0xff,
    0xff, 0xff, 0xfe, 0x0, 0x0, 0x0, 0x0, 0x0,
    0x0, 0x9f, 0xff, 0xff, 0xff, 0xff, 0xa0, 0x0,
    0x0, 0x0, 0x0, 0x0, 0x4, 0xff, 0xff, 0xff,
    0xff, 0xf5, 0x0, 0x0, 0x0, 0x0, 0x0, 0x0,
    0xf, 0xff, 0xff, 0xff, 0xff, 0x10, 0x0, 0x0,
    0x0, 0x0, 0x0, 0x0, 0xbf, 0xff, 0xff, 0xff,
    0xc0, 0x0, 0x0, 0x0, 0x0, 0x0, 0x0, 0x7,
    0xff, 0xff, 0xff, 0xf7, 0x0, 0x0, 0x0, 0x0,
    0x0, 0x0, 0x0, 0x9f, 0xff, 0xff, 0xff, 0x20,
    0x0, 0x0, 0x0, 0x0, 0x0, 0x0, 0x4f, 0xff,
    0xff, 0xff, 0xc0, 0x0, 0x0, 0x0, 0x0, 0x17,
    0x89, 0xcf, 0xff, 0xff, 0xff, 0xf6, 0x0, 0x0,
    0x0, 0x0, 0x4, 0xff, 0xff, 0xff, 0xff, 0xff,
    0xff, 0x0, 0x0, 0x0, 0x0, 0x0, 0x5f, 0xff,
    0xff, 0xff, 0xff, 0xff, 0x70, 0x0, 0x0, 0x0,
    0x0, 0x5, 0xff, 0xff, 0xff, 0xff, 0xff, 0xd0,
    0x0, 0x0, 0x0, 0x0, 0x0, 0x5f, 0xff, 0xff,
    0xff, 0xff, 0xd2, 0x0, 0x0, 0x0, 0x0, 0x0,
    0x5, 0xff, 0xff, 0xff, 0xff, 0x80, 0x0, 0x0,
    0x0, 0x0, 0x0, 0x0, 0x4f, 0xfe, 0xdb, 0x95,
    0x0, 0x0, 0x0, 0x0, 0x0, 0x0, 0x0,

    /* U+007A "z" */
    0xc, 0xff, 0xff, 0xff, 0xff, 0xff, 0xff, 0xff,
    0xff, 0xe0, 0xe, 0xff, 0xff, 0xff, 0xff, 0xff,
    0xff, 0xff, 0xff, 0xf0, 0xe, 0xff, 0xff, 0xff,
    0xff, 0xff, 0xff, 0xff, 0xff, 0xf0, 0xe, 0xff,
    0xff, 0xff, 0xff, 0xff, 0xff, 0xff, 0xff, 0xf0,
    0xe, 0xff, 0xff, 0xff, 0xff, 0xff, 0xff, 0xff,
    0xff, 0xf0, 0xe, 0xff, 0xff, 0xff, 0xff, 0xff,
    0xff, 0xff, 0xff, 0xf0, 0xd, 0xff, 0xff, 0xff,
    0xff, 0xff, 0xff, 0xff, 0xff, 0xf0, 0x1, 0x22,
    0x22, 0x22, 0x2d, 0xff, 0xff, 0xff, 0xff, 0xa0,
    0x0, 0x0, 0x0, 0x0, 0x9f, 0xff, 0xff, 0xff,
    0xfc, 0x0, 0x0, 0x0, 0x0, 0x6, 0xff, 0xff,
    0xff, 0xff, 0xe1, 0x0, 0x0, 0x0, 0x0, 0x4f,
    0xff, 0xff, 0xff, 0xff, 0x20, 0x0, 0x0, 0x0,
    0x2, 0xef, 0xff, 0xff, 0xff, 0xf4, 0x0, 0x0,
    0x0, 0x0, 0xd, 0xff, 0xff, 0xff, 0xff, 0x60,
    0x0, 0x0, 0x0, 0x0, 0xbf, 0xff, 0xff, 0xff,
    0xf9, 0x0, 0x0, 0x0, 0x0, 0x8, 0xff, 0xff,
    0xff, 0xff, 0xb0, 0x0, 0x0, 0x0, 0x0, 0x5f,
    0xff, 0xff, 0xff, 0xfd, 0x0, 0x0, 0x0, 0x0,
    0x3, 0xff, 0xff, 0xff, 0xff, 0xe1, 0x0, 0x0,
    0x0, 0x0, 0xe, 0xff, 0xff, 0xff, 0xff, 0x62,
    0x22, 0x22, 0x22, 0x20, 0x2f, 0xff, 0xff, 0xff,
    0xff, 0xff, 0xff, 0xff, 0xff, 0xf4, 0x3f, 0xff,
    0xff, 0xff, 0xff, 0xff, 0xff, 0xff, 0xff, 0xf5,
    0x3f, 0xff, 0xff, 0xff, 0xff, 0xff, 0xff, 0xff,
    0xff, 0xf5, 0x3f, 0xff, 0xff, 0xff, 0xff, 0xff,
    0xff, 0xff, 0xff, 0xf5, 0x3f, 0xff, 0xff, 0xff,
    0xff, 0xff, 0xff, 0xff, 0xff, 0xf5, 0x3f, 0xff,
    0xff, 0xff, 0xff, 0xff, 0xff, 0xff, 0xff, 0xf5,
    0x1f, 0xff, 0xff, 0xff, 0xff, 0xff, 0xff, 0xff,
    0xff, 0xf4,

    /* U+007B "{" */
    0x0, 0x0, 0x0, 0x6, 0xbe, 0xff, 0xff, 0xfe,
    0x0, 0x0, 0x2, 0xdf, 0xff, 0xff, 0xff, 0xff,
    0x0, 0x0, 0xd, 0xff, 0xff, 0xff, 0xff, 0xff,
    0x0, 0x0, 0x7f, 0xff, 0xff, 0xff, 0xff, 0xff,
    0x0, 0x0, 0xbf, 0xff, 0xff, 0xff, 0xff, 0xff,
    0x0, 0x0, 0xdf, 0xff, 0xff, 0xff, 0xff, 0xff,
    0x0, 0x0, 0xef, 0xff, 0xff, 0xff, 0xff, 0xda,
    0x0, 0x0, 0xef, 0xff, 0xff, 0xff, 0xd1, 0x0,
    0x0, 0x0, 0xef, 0xff, 0xff, 0xff, 0x40, 0x0,
    0x0, 0x0, 0xef, 0xff, 0xff, 0xff, 0x10, 0x0,
    0x0, 0x0, 0xef, 0xff, 0xff, 0xff, 0x10, 0x0,
    0x0, 0x0, 0xef, 0xff, 0xff, 0xff, 0x10, 0x0,
    0x0, 0x0, 0xef, 0xff, 0xff, 0xff, 0x10, 0x0,
    0x0, 0x0, 0xef, 0xff, 0xff, 0xff, 0x10, 0x0,
    0x0, 0x0, 0xef, 0xff, 0xff, 0xff, 0x10, 0x0,
    0x0, 0x0, 0xef, 0xff, 0xff, 0xff, 0x10, 0x0,
    0x0, 0x0, 0xff, 0xff, 0xff, 0xff, 0x0, 0x0,
    0x0, 0x3, 0xff, 0xff, 0xff, 0xff, 0x0, 0x0,
    0x0, 0xa, 0xff, 0xff, 0xff, 0xfe, 0x0, 0x0,
    0x5, 0xbf, 0xff, 0xff, 0xff, 0xfa, 0x0, 0x0,
    0x7f, 0xff, 0xff, 0xff, 0xff, 0xf5, 0x0, 0x0,
    0x7f, 0xff, 0xff, 0xff, 0xff, 0xa0, 0x0, 0x0,
    0x7f, 0xff, 0xff, 0xff, 0xf8, 0x0, 0x0, 0x0,
    0x7f, 0xff, 0xff, 0xff, 0xfb, 0x10, 0x0, 0x0,
    0x7f, 0xff, 0xff, 0xff, 0xff, 0xc0, 0x0, 0x0,
    0x6f, 0xff, 0xff, 0xff, 0xff, 0xf6, 0x0, 0x0,
    0x2, 0x9f, 0xff, 0xff, 0xff, 0xfb, 0x0, 0x0,
    0x0, 0x9, 0xff, 0xff, 0xff, 0xfe, 0x0, 0x0,
    0x0, 0x2, 0xff, 0xff, 0xff, 0xff, 0x0, 0x0,
    0x0, 0x0, 0xff, 0xff, 0xff, 0xff, 0x0, 0x0,
    0x0, 0x0, 0xef, 0xff, 0xff, 0xff, 0x10, 0x0,
    0x0, 0x0, 0xef, 0xff, 0xff, 0xff, 0x10, 0x0,
    0x0, 0x0, 0xef, 0xff, 0xff, 0xff, 0x10, 0x0,
    0x0, 0x0, 0xef, 0xff, 0xff, 0xff, 0x10, 0x0,
    0x0, 0x0, 0xef, 0xff, 0xff, 0xff, 0x10, 0x0,
    0x0, 0x0, 0xef, 0xff, 0xff, 0xff, 0x10, 0x0,
    0x0, 0x0, 0xef, 0xff, 0xff, 0xff, 0x10, 0x0,
    0x0, 0x0, 0xef, 0xff, 0xff, 0xff, 0x40, 0x0,
    0x0, 0x0, 0xef, 0xff, 0xff, 0xff, 0xd1, 0x0,
    0x0, 0x0, 0xef, 0xff, 0xff, 0xff, 0xff, 0xdb,
    0x0, 0x0, 0xdf, 0xff, 0xff, 0xff, 0xff, 0xff,
    0x0, 0x0, 0xbf, 0xff, 0xff, 0xff, 0xff, 0xff,
    0x0, 0x0, 0x7f, 0xff, 0xff, 0xff, 0xff, 0xff,
    0x0, 0x0, 0xd, 0xff, 0xff, 0xff, 0xff, 0xff,
    0x0, 0x0, 0x2, 0xdf, 0xff, 0xff, 0xff, 0xff,
    0x0, 0x0, 0x0, 0x6, 0xbe, 0xff, 0xff, 0xfe,

    /* U+007C "|" */
    0xef, 0xff, 0xff, 0xfd, 0xff, 0xff, 0xff, 0xff,
    0xff, 0xff, 0xff, 0xff, 0xff, 0xff, 0xff, 0xff,
    0xff, 0xff, 0xff, 0xff, 0xff, 0xff, 0xff, 0xff,
    0xff, 0xff, 0xff, 0xff, 0xff, 0xff, 0xff, 0xff,
    0xff, 0xff, 0xff, 0xff, 0xff, 0xff, 0xff, 0xff,
    0xff, 0xff, 0xff, 0xff, 0xff, 0xff, 0xff, 0xff,
    0xff, 0xff, 0xff, 0xff, 0xff, 0xff, 0xff, 0xff,
    0xff, 0xff, 0xff, 0xff, 0xff, 0xff, 0xff, 0xff,
    0xff, 0xff, 0xff, 0xff, 0xff, 0xff, 0xff, 0xff,
    0xff, 0xff, 0xff, 0xff, 0xff, 0xff, 0xff, 0xff,
    0xff, 0xff, 0xff, 0xff, 0xff, 0xff, 0xff, 0xff,
    0xff, 0xff, 0xff, 0xff, 0xff, 0xff, 0xff, 0xff,
    0xff, 0xff, 0xff, 0xff, 0xff, 0xff, 0xff, 0xff,
    0xff, 0xff, 0xff, 0xff, 0xff, 0xff, 0xff, 0xff,
    0xff, 0xff, 0xff, 0xff, 0xff, 0xff, 0xff, 0xff,
    0xff, 0xff, 0xff, 0xff, 0xff, 0xff, 0xff, 0xff,
    0xff, 0xff, 0xff, 0xff, 0xff, 0xff, 0xff, 0xff,
    0xff, 0xff, 0xff, 0xff, 0xff, 0xff, 0xff, 0xff,
    0xff, 0xff, 0xff, 0xff, 0xff, 0xff, 0xff, 0xff,
    0xff, 0xff, 0xff, 0xff, 0xef, 0xff, 0xff, 0xfd,

    /* U+007D "}" */
    0x5f, 0xff, 0xff, 0xfd, 0x93, 0x0, 0x0, 0x0,
    0x7f, 0xff, 0xff, 0xff, 0xff, 0x80, 0x0, 0x0,
    0x7f, 0xff, 0xff, 0xff, 0xff, 0xf6, 0x0, 0x0,
    0x7f, 0xff, 0xff, 0xff, 0xff, 0xfe, 0x0, 0x0,
    0x7f, 0xff, 0xff, 0xff, 0xff, 0xff, 0x40, 0x0,
    0x7f, 0xff, 0xff, 0xff, 0xff, 0xff, 0x60, 0x0,
    0x4c, 0xef, 0xff, 0xff, 0xff, 0xff, 0x60, 0x0,
    0x0, 0x6, 0xff, 0xff, 0xff, 0xff, 0x70, 0x0,
    0x0, 0x0, 0xcf, 0xff, 0xff, 0xff, 0x70, 0x0,
    0x0, 0x0, 0x8f, 0xff, 0xff, 0xff, 0x70, 0x0,
    0x0, 0x0, 0x8f, 0xff, 0xff, 0xff, 0x70, 0x0,
    0x0, 0x0, 0x8f, 0xff, 0xff, 0xff, 0x70, 0x0,
    0x0, 0x0, 0x8f, 0xff, 0xff, 0xff, 0x70, 0x0,
    0x0, 0x0, 0x8f, 0xff, 0xff, 0xff, 0x70, 0x0,
    0x0, 0x0, 0x8f, 0xff, 0xff, 0xff, 0x70, 0x0,
    0x0, 0x0, 0x8f, 0xff, 0xff, 0xff, 0x70, 0x0,
    0x0, 0x0, 0x8f, 0xff, 0xff, 0xff, 0x80, 0x0,
    0x0, 0x0, 0x7f, 0xff, 0xff, 0xff, 0xb0, 0x0,
    0x0, 0x0, 0x6f, 0xff, 0xff, 0xff, 0xf2, 0x0,
    0x0, 0x0, 0x2f, 0xff, 0xff, 0xff, 0xff, 0x73,
    0x0, 0x0, 0xc, 0xff, 0xff, 0xff, 0xff, 0xff,
    0x0, 0x0, 0x3, 0xff, 0xff, 0xff, 0xff, 0xff,
    0x0, 0x0, 0x0, 0x3d, 0xff, 0xff, 0xff, 0xff,
    0x0, 0x0, 0x0, 0x5f, 0xff, 0xff, 0xff, 0xff,
    0x0, 0x0, 0x5, 0xff, 0xff, 0xff, 0xff, 0xff,
    0x0, 0x0, 0xe, 0xff, 0xff, 0xff, 0xff, 0xfe,
    0x0, 0x0, 0x3f, 0xff, 0xff, 0xff, 0xfd, 0x50,
    0x0, 0x0, 0x6f, 0xff, 0xff, 0xff, 0xf1, 0x0,
    0x0, 0x0, 0x7f, 0xff, 0xff, 0xff, 0xa0, 0x0,
    0x0, 0x0, 0x8f, 0xff, 0xff, 0xff, 0x80, 0x0,
    0x0, 0x0, 0x8f, 0xff, 0xff, 0xff, 0x70, 0x0,
    0x0, 0x0, 0x8f, 0xff, 0xff, 0xff, 0x70, 0x0,
    0x0, 0x0, 0x8f, 0xff, 0xff, 0xff, 0x70, 0x0,
    0x0, 0x0, 0x8f, 0xff, 0xff, 0xff, 0x70, 0x0,
    0x0, 0x0, 0x8f, 0xff, 0xff, 0xff, 0x70, 0x0,
    0x0, 0x0, 0x8f, 0xff, 0xff, 0xff, 0x70, 0x0,
    0x0, 0x0, 0x8f, 0xff, 0xff, 0xff, 0x70, 0x0,
    0x0, 0x0, 0xcf, 0xff, 0xff, 0xff, 0x70, 0x0,
    0x0, 0x6, 0xff, 0xff, 0xff, 0xff, 0x70, 0x0,
    0x4c, 0xef, 0xff, 0xff, 0xff, 0xff, 0x60, 0x0,
    0x7f, 0xff, 0xff, 0xff, 0xff, 0xff, 0x60, 0x0,
    0x7f, 0xff, 0xff, 0xff, 0xff, 0xff, 0x40, 0x0,
    0x7f, 0xff, 0xff, 0xff, 0xff, 0xfe, 0x0, 0x0,
    0x7f, 0xff, 0xff, 0xff, 0xff, 0xf7, 0x0, 0x0,
    0x7f, 0xff, 0xff, 0xff, 0xff, 0x80, 0x0, 0x0,
    0x6f, 0xff, 0xff, 0xfd, 0x93, 0x0, 0x0, 0x0,

    /* U+007E "~" */
    0x0, 0x0, 0x17, 0xbc, 0xa6, 0x0, 0x0, 0x0,
    0x0, 0x0, 0x0, 0x0, 0x0, 0x7f, 0xff, 0xff,
    0xfe, 0x60, 0x0, 0x0, 0x58, 0x0, 0x0, 0x0,
    0xaf, 0xff, 0xff, 0xff, 0xff, 0xb3, 0x0, 0x5f,
    0xfd, 0x40, 0x0, 0x9f, 0xff, 0xff, 0xff, 0xff,
    0xff, 0xfd, 0xdf, 0xff, 0xff, 0xa1, 0x3f, 0xff,
    0xff, 0xff, 0xff, 0xff, 0xff, 0xff, 0xff, 0xff,
    0xff, 0xca, 0xff, 0xff, 0xff, 0xff, 0xff, 0xff,
    0xff, 0xff, 0xff, 0xff, 0xf5, 0x5f, 0xff, 0xff,
    0xff, 0xff, 0xff, 0xff, 0xff, 0xff, 0xff, 0xfb,
    0x0, 0x1b, 0xff, 0xf6, 0x11, 0x6e, 0xff, 0xff,
    0xff, 0xff, 0xfc, 0x0, 0x0, 0x5, 0xd4, 0x0,
    0x0, 0x8, 0xff, 0xff, 0xff, 0xfa, 0x0, 0x0,
    0x0, 0x0, 0x0, 0x0, 0x0, 0x2, 0x9e, 0xfe,
    0xa4, 0x0, 0x0,

    /* U+00B7 "·" */
    0x0, 0x1, 0x43, 0x0, 0x0, 0x1a, 0xff, 0xfe,
    0x50, 0xb, 0xff, 0xff, 0xff, 0x33, 0xff, 0xff,
    0xff, 0xfa, 0x6f, 0xff, 0xff, 0xff, 0xd5, 0xff,
    0xff, 0xff, 0xfd, 0x1f, 0xff, 0xff, 0xff, 0x90,
    0x8f, 0xff, 0xff, 0xe1, 0x0, 0x6d, 0xfe, 0xa1,
    0x0,

    /* U+2013 "–" */
    0x9c, 0xcc, 0xcc, 0xcc, 0xcc, 0xcc, 0xcc, 0xcc,
    0xcc, 0x7e, 0xff, 0xff, 0xff, 0xff, 0xff, 0xff,
    0xff, 0xff, 0xfc, 0xef, 0xff, 0xff, 0xff, 0xff,
    0xff, 0xff, 0xff, 0xff, 0xce, 0xff, 0xff, 0xff,
    0xff, 0xff, 0xff, 0xff, 0xff, 0xfc, 0xef, 0xff,
    0xff, 0xff, 0xff, 0xff, 0xff, 0xff, 0xff, 0xce,
    0xff, 0xff, 0xff, 0xff, 0xff, 0xff, 0xff, 0xff,
    0xfc, 0xcf, 0xff, 0xff, 0xff, 0xff, 0xff, 0xff,
    0xff, 0xff, 0xa0,

    /* U+2026 "…" */
    0x0, 0x1, 0x33, 0x0, 0x0, 0x0, 0x0, 0x0,
    0x3, 0x41, 0x0, 0x0, 0x0, 0x0, 0x0, 0x24,
    0x20, 0x0, 0x0, 0x9f, 0xff, 0xf6, 0x0, 0x0,
    0x0, 0x5, 0xef, 0xff, 0xa0, 0x0, 0x0, 0x0,
    0x2d, 0xff, 0xfc, 0x20, 0x9, 0xff, 0xff, 0xff,
    0x50, 0x0, 0x0, 0x4f, 0xff, 0xff, 0xfa, 0x0,
    0x0, 0x1, 0xef, 0xff, 0xff, 0xe0, 0x1f, 0xff,
    0xff, 0xff, 0xd0, 0x0, 0x0, 0xcf, 0xff, 0xff,
    0xff, 0x10, 0x0, 0x7, 0xff, 0xff, 0xff, 0xf6,
    0x3f, 0xff, 0xff, 0xff, 0xf0, 0x0, 0x0, 0xff,
    0xff, 0xff, 0xff, 0x40, 0x0, 0xa, 0xff, 0xff,
    0xff, 0xf9, 0x3f, 0xff, 0xff, 0xff, 0xf0, 0x0,
    0x0, 0xef, 0xff, 0xff, 0xff, 0x40, 0x0, 0xa,
    0xff, 0xff, 0xff, 0xf8, 0xe, 0xff, 0xff, 0xff,
    0xb0, 0x0, 0x0, 0xaf, 0xff, 0xff, 0xff, 0x0,
    0x0, 0x5, 0xff, 0xff, 0xff, 0xf4, 0x5, 0xff,
    0xff, 0xff, 0x20, 0x0, 0x0, 0x2e, 0xff, 0xff,
    0xf6, 0x0, 0x0, 0x0, 0xcf, 0xff, 0xff, 0xb0,
    0x0, 0x4c, 0xff, 0xb2, 0x0, 0x0, 0x0, 0x2,
    0xae, 0xfc, 0x50, 0x0, 0x0, 0x0, 0x8, 0xef,
    0xd8, 0x0
};


/*---------------------
 *  GLYPH DESCRIPTION
 *--------------------*/

static const lv_font_fmt_txt_glyph_dsc_t glyph_dsc[] = {
    {.bitmap_index = 0, .adv_w = 0, .box_w = 0, .box_h = 0, .ofs_x = 0, .ofs_y = 0} /* id = 0 reserved */,
    {.bitmap_index = 0, .adv_w = 154, .box_w = 0, .box_h = 0, .ofs_x = 0, .ofs_y = 0},
    {.bitmap_index = 0, .adv_w = 247, .box_w = 9, .box_h = 33, .ofs_x = 3, .ofs_y = 0},
    {.bitmap_index = 149, .adv_w = 299, .box_w = 19, .box_h = 12, .ofs_x = 0, .ofs_y = 21},
    {.bitmap_index = 263, .adv_w = 508, .box_w = 30, .box_h = 31, .ofs_x = 1, .ofs_y = 1},
    {.bitmap_index = 728, .adv_w = 396, .box_w = 23, .box_h = 41, .ofs_x = 1, .ofs_y = -4},
    {.bitmap_index = 1200, .adv_w = 606, .box_w = 34, .box_h = 33, .ofs_x = 2, .ofs_y = 0},
    {.bitmap_index = 1761, .adv_w = 517, .box_w = 30, .box_h = 33, .ofs_x = 1, .ofs_y = 0},
    {.bitmap_index = 2256, .adv_w = 142, .box_w = 9, .box_h = 12, .ofs_x = 0, .ofs_y = 21},
    {.bitmap_index = 2310, .adv_w = 276, .box_w = 15, .box_h = 41, .ofs_x = 0, .ofs_y = -4},
    {.bitmap_index = 2618, .adv_w = 276, .box_w = 15, .box_h = 41, .ofs_x = 3, .ofs_y = -4},
    {.bitmap_index = 2926, .adv_w = 293, .box_w = 18, .box_h = 17, .ofs_x = 0, .ofs_y = 19},
    {.bitmap_index = 3079, .adv_w = 353, .box_w = 20, .box_h = 20, .ofs_x = 1, .ofs_y = 5},
    {.bitmap_index = 3279, .adv_w = 187, .box_w = 9, .box_h = 13, .ofs_x = 1, .ofs_y = -5},
    {.bitmap_index = 3338, .adv_w = 289, .box_w = 16, .box_h = 7, .ofs_x = 1, .ofs_y = 10},
    {.bitmap_index = 3394, .adv_w = 193, .box_w = 10, .box_h = 9, .ofs_x = 1, .ofs_y = 0},
    {.bitmap_index = 3439, .adv_w = 362, .box_w = 22, .box_h = 33, .ofs_x = 0, .ofs_y = 0},
    {.bitmap_index = 3802, .adv_w = 395, .box_w = 23, .box_h = 33, .ofs_x = 1, .ofs_y = 0},
    {.bitmap_index = 4182, .adv_w = 250, .box_w = 14, .box_h = 33, .ofs_x = 0, .ofs_y = 0},
    {.bitmap_index = 4413, .adv_w = 392, .box_w = 23, .box_h = 33, .ofs_x = 1, .ofs_y = 0},
    {.bitmap_index = 4793, .adv_w = 381, .box_w = 22, .box_h = 33, .ofs_x = 1, .ofs_y = 0},
    {.bitmap_index = 5156, .adv_w = 435, .box_w = 26, .box_h = 33, .ofs_x = 0, .ofs_y = 0},
    {.bitmap_index = 5585, .adv_w = 382, .box_w = 22, .box_h = 33, .ofs_x = 1, .ofs_y = 0},
    {.bitmap_index = 5948, .adv_w = 382, .box_w = 22, .box_h = 33, .ofs_x = 1, .ofs_y = 0},
    {.bitmap_index = 6311, .adv_w = 356, .box_w = 22, .box_h = 33, .ofs_x = 0, .ofs_y = 0},
    {.bitmap_index = 6674, .adv_w = 382, .box_w = 22, .box_h = 33, .ofs_x = 1, .ofs_y = 0},
    {.bitmap_index = 7037, .adv_w = 376, .box_w = 23, .box_h = 33, .ofs_x = 0, .ofs_y = 0},
    {.bitmap_index = 7417, .adv_w = 257, .box_w = 10, .box_h = 24, .ofs_x = 3, .ofs_y = 0},
    {.bitmap_index = 7537, .adv_w = 217, .box_w = 10, .box_h = 29, .ofs_x = 2, .ofs_y = -5},
    {.bitmap_index = 7682, .adv_w = 353, .box_w = 20, .box_h = 25, .ofs_x = 1, .ofs_y = 1},
    {.bitmap_index = 7932, .adv_w = 353, .box_w = 20, .box_h = 15, .ofs_x = 1, .ofs_y = 7},
    {.bitmap_index = 8082, .adv_w = 353, .box_w = 20, .box_h = 25, .ofs_x = 1, .ofs_y = 1},
    {.bitmap_index = 8332, .adv_w = 386, .box_w = 24, .box_h = 33, .ofs_x = 0, .ofs_y = 0},
    {.bitmap_index = 8728, .adv_w = 601, .box_w = 36, .box_h = 36, .ofs_x = 1, .ofs_y = -4},
    {.bitmap_index = 9376, .adv_w = 462, .box_w = 28, .box_h = 33, .ofs_x = 0, .ofs_y = 0},
    {.bitmap_index = 9838, .adv_w = 420, .box_w = 23, .box_h = 33, .ofs_x = 2, .ofs_y = 0},
    {.bitmap_index = 10218, .adv_w = 414, .box_w = 24, .box_h = 33, .ofs_x = 1, .ofs_y = 0},
    {.bitmap_index = 10614, .adv_w = 422, .box_w = 23, .box_h = 33, .ofs_x = 2, .ofs_y = 0},
    {.bitmap_index = 10994, .adv_w = 391, .box_w = 22, .box_h = 33, .ofs_x = 2, .ofs_y = 0},
    {.bitmap_index = 11357, .adv_w = 378, .box_w = 22, .box_h = 33, .ofs_x = 2, .ofs_y = 0},
    {.bitmap_index = 11720, .adv_w = 416, .box_w = 24, .box_h = 33, .ofs_x = 1, .ofs_y = 0},
    {.bitmap_index = 12116, .adv_w = 423, .box_w = 23, .box_h = 33, .ofs_x = 2, .ofs_y = 0},
    {.bitmap_index = 12496, .adv_w = 192, .box_w = 8, .box_h = 33, .ofs_x = 2, .ofs_y = 0},
    {.bitmap_index = 12628, .adv_w = 402, .box_w = 24, .box_h = 33, .ofs_x = 0, .ofs_y = 0},
    {.bitmap_index = 13024, .adv_w = 436, .box_w = 25, .box_h = 33, .ofs_x = 2, .ofs_y = 0},
    {.bitmap_index = 13437, .adv_w = 388, .box_w = 22, .box_h = 33, .ofs_x = 2, .ofs_y = 0},
    {.bitmap_index = 13800, .adv_w = 488, .box_w = 28, .box_h = 33, .ofs_x = 1, .ofs_y = 0},
    {.bitmap_index = 14262, .adv_w = 455, .box_w = 25, .box_h = 33, .ofs_x = 2, .ofs_y = 0},
    {.bitmap_index = 14675, .adv_w = 422, .box_w = 24, .box_h = 33, .ofs_x = 1, .ofs_y = 0},
    {.bitmap_index = 15071, .adv_w = 412, .box_w = 24, .box_h = 33, .ofs_x = 1, .ofs_y = 0},
    {.bitmap_index = 15467, .adv_w = 410, .box_w = 24, .box_h = 38, .ofs_x = 1, .ofs_y = -5},
    {.bitmap_index = 15923, .adv_w = 421, .box_w = 24, .box_h = 33, .ofs_x = 2, .ofs_y = 0},
    {.bitmap_index = 16319, .adv_w = 404, .box_w = 24, .box_h = 33, .ofs_x = 1, .ofs_y = 0},
    {.bitmap_index = 16715, .adv_w = 412, .box_w = 24, .box_h = 33, .ofs_x = 1, .ofs_y = 0},
    {.bitmap_index = 17111, .adv_w = 423, .box_w = 24, .box_h = 33, .ofs_x = 1, .ofs_y = 0},
    {.bitmap_index = 17507, .adv_w = 438, .box_w = 26, .box_h = 33, .ofs_x = 1, .ofs_y = 0},
    {.bitmap_index = 17936, .adv_w = 617, .box_w = 38, .box_h = 33, .ofs_x = 0, .ofs_y = 0},
    {.bitmap_index = 18563, .adv_w = 436, .box_w = 26, .box_h = 33, .ofs_x = 1, .ofs_y = 0},
    {.bitmap_index = 18992, .adv_w = 433, .box_w = 25, .box_h = 33, .ofs_x = 1, .ofs_y = 0},
    {.bitmap_index = 19405, .adv_w = 376, .box_w = 22, .box_h = 33, .ofs_x = 1, .ofs_y = 0},
    {.bitmap_index = 19768, .adv_w = 303, .box_w = 14, .box_h = 46, .ofs_x = 1, .ofs_y = -7},
    {.bitmap_index = 20090, .adv_w = 362, .box_w = 21, .box_h = 33, .ofs_x = 1, .ofs_y = 0},
    {.bitmap_index = 20437, .adv_w = 303, .box_w = 14, .box_h = 46, .ofs_x = 4, .ofs_y = -7},
    {.bitmap_index = 20759, .adv_w = 350, .box_w = 20, .box_h = 20, .ofs_x = 1, .ofs_y = 14},
    {.bitmap_index = 20959, .adv_w = 374, .box_w = 23, .box_h = 6, .ofs_x = 0, .ofs_y = 0},
    {.bitmap_index = 21028, .adv_w = 184, .box_w = 10, .box_h = 6, .ofs_x = 1, .ofs_y = 28},
    {.bitmap_index = 21058, .adv_w = 381, .box_w = 23, .box_h = 25, .ofs_x = 0, .ofs_y = 0},
    {.bitmap_index = 21346, .adv_w = 394, .box_w = 22, .box_h = 33, .ofs_x = 1, .ofs_y = 0},
    {.bitmap_index = 21709, .adv_w = 379, .box_w = 22, .box_h = 25, .ofs_x = 1, .ofs_y = 0},
    {.bitmap_index = 21984, .adv_w = 394, .box_w = 22, .box_h = 33, .ofs_x = 1, .ofs_y = 0},
    {.bitmap_index = 22347, .adv_w = 383, .box_w = 22, .box_h = 25, .ofs_x = 1, .ofs_y = 0},
    {.bitmap_index = 22622, .adv_w = 270, .box_w = 16, .box_h = 33, .ofs_x = 0, .ofs_y = 0},
    {.bitmap_index = 22886, .adv_w = 389, .box_w = 22, .box_h = 35, .ofs_x = 1, .ofs_y = -10},
    {.bitmap_index = 23271, .adv_w = 386, .box_w = 22, .box_h = 33, .ofs_x = 1, .ofs_y = 0},
    {.bitmap_index = 23634, .adv_w = 183, .box_w = 9, .box_h = 35, .ofs_x = 1, .ofs_y = 0},
    {.bitmap_index = 23792, .adv_w = 184, .box_w = 14, .box_h = 45, .ofs_x = -4, .ofs_y = -9},
    {.bitmap_index = 24107, .adv_w = 388, .box_w = 23, .box_h = 33, .ofs_x = 1, .ofs_y = 0},
    {.bitmap_index = 24487, .adv_w = 180, .box_w = 9, .box_h = 33, .ofs_x = 1, .ofs_y = 0},
    {.bitmap_index = 24636, .adv_w = 586, .box_w = 35, .box_h = 25, .ofs_x = 1, .ofs_y = 0},
    {.bitmap_index = 25074, .adv_w = 386, .box_w = 22, .box_h = 25, .ofs_x = 1, .ofs_y = 0},
    {.bitmap_index = 25349, .adv_w = 388, .box_w = 22, .box_h = 25, .ofs_x = 1, .ofs_y = 0},
    {.bitmap_index = 25624, .adv_w = 396, .box_w = 22, .box_h = 34, .ofs_x = 1, .ofs_y = -9},
    {.bitmap_index = 25998, .adv_w = 396, .box_w = 22, .box_h = 34, .ofs_x = 1, .ofs_y = -9},
    {.bitmap_index = 26372, .adv_w = 279, .box_w = 17, .box_h = 25, .ofs_x = 1, .ofs_y = 0},
    {.bitmap_index = 26585, .adv_w = 359, .box_w = 21, .box_h = 25, .ofs_x = 1, .ofs_y = 0},
    {.bitmap_index = 26848, .adv_w = 263, .box_w = 16, .box_h = 31, .ofs_x = 0, .ofs_y = 0},
    {.bitmap_index = 27096, .adv_w = 386, .box_w = 22, .box_h = 25, .ofs_x = 1, .ofs_y = 0},
    {.bitmap_index = 27371, .adv_w = 381, .box_w = 24, .box_h = 25, .ofs_x = 0, .ofs_y = 0},
    {.bitmap_index = 27671, .adv_w = 553, .box_w = 34, .box_h = 25, .ofs_x = 0, .ofs_y = 0},
    {.bitmap_index = 28096, .adv_w = 392, .box_w = 24, .box_h = 25, .ofs_x = 0, .ofs_y = 0},
    {.bitmap_index = 28396, .adv_w = 369, .box_w = 23, .box_h = 34, .ofs_x = 0, .ofs_y = -9},
    {.bitmap_index = 28787, .adv_w = 323, .box_w = 20, .box_h = 25, .ofs_x = 0, .ofs_y = 0},
    {.bitmap_index = 29037, .adv_w = 296, .box_w = 16, .box_h = 46, .ofs_x = 1, .ofs_y = -7},
    {.bitmap_index = 29405, .adv_w = 161, .box_w = 8, .box_h = 40, .ofs_x = 1, .ofs_y = -4},
    {.bitmap_index = 29565, .adv_w = 296, .box_w = 16, .box_h = 46, .ofs_x = 1, .ofs_y = -7},
    {.bitmap_index = 29933, .adv_w = 402, .box_w = 23, .box_h = 10, .ofs_x = 1, .ofs_y = 9},
    {.bitmap_index = 30048, .adv_w = 184, .box_w = 9, .box_h = 9, .ofs_x = 1, .ofs_y = 10},
    {.bitmap_index = 30089, .adv_w = 334, .box_w = 19, .box_h = 7, .ofs_x = 1, .ofs_y = 10},
    {.bitmap_index = 30156, .adv_w = 618, .box_w = 36, .box_h = 9, .ofs_x = 1, .ofs_y = 0}
};

/*---------------------
 *  CHARACTER MAPPING
 *--------------------*/

static const uint16_t unicode_list_1[] = {
    0x0, 0x1f5c, 0x1f6f
};

/*Collect the unicode lists and glyph_id offsets*/
static const lv_font_fmt_txt_cmap_t cmaps[] =
{
    {
        .range_start = 32, .range_length = 95, .glyph_id_start = 1,
        .unicode_list = NULL, .glyph_id_ofs_list = NULL, .list_length = 0, .type = LV_FONT_FMT_TXT_CMAP_FORMAT0_TINY
    },
    {
        .range_start = 183, .range_length = 8048, .glyph_id_start = 96,
        .unicode_list = unicode_list_1, .glyph_id_ofs_list = NULL, .list_length = 3, .type = LV_FONT_FMT_TXT_CMAP_SPARSE_TINY
    }
};

/*-----------------
 *    KERNING
 *----------------*/


/*Map glyph_ids to kern left classes*/
static const uint8_t kern_left_class_mapping[] =
{
    0, 0, 0, 1, 0, 0, 0, 0,
    1, 0, 0, 0, 2, 3, 4, 3,
    5, 6, 7, 8, 9, 10, 11, 9,
    12, 13, 14, 0, 0, 0, 0, 0,
    0, 0, 15, 16, 17, 16, 18, 19,
    17, 20, 21, 22, 23, 24, 0, 25,
    17, 26, 27, 28, 29, 30, 22, 31,
    31, 32, 33, 0, 0, 0, 0, 0,
    0, 0, 34, 35, 36, 0, 37, 38,
    39, 35, 40, 0, 41, 42, 35, 35,
    4, 35, 39, 43, 44, 45, 0, 46,
    46, 47, 46, 48, 0, 0, 0, 0,
    0, 0, 0
};

/*Map glyph_ids to kern right classes*/
static const uint8_t kern_right_class_mapping[] =
{
    0, 0, 0, 1, 0, 0, 0, 0,
    1, 0, 0, 0, 0, 2, 3, 2,
    4, 5, 6, 7, 8, 9, 0, 0,
    10, 0, 0, 11, 11, 0, 0, 0,
    12, 0, 13, 14, 15, 14, 14, 14,
    15, 16, 0, 17, 18, 19, 0, 14,
    15, 14, 15, 20, 21, 22, 23, 24,
    24, 25, 26, 27, 0, 0, 0, 0,
    0, 0, 28, 29, 3, 3, 3, 30,
    31, 29, 32, 33, 29, 0, 34, 34,
    3, 34, 31, 34, 35, 30, 36, 37,
    37, 38, 37, 39, 0, 0, 0, 0,
    0, 0, 0
};

/*Kern values between classes*/
static const int8_t kern_class_values[] =
{
    0, 0, 0, 0, 0, 0, 0, 0,
    -10, 0, 0, 0, 0, 0, 0, 0,
    0, 0, 0, 0, 0, 0, 0, 0,
    0, 0, 0, 0, 0, 0, 0, 0,
    0, 0, 0, 0, 0, 0, 0, 0,
    0, 0, 0, 0, 0, -7, 0, 0,
    -17, 0, 0, 0, 0, 0, 0, 0,
    0, 0, 0, 0, 0, 0, 0, 0,
    0, 0, 0, 0, 0, 0, 0, 0,
    0, 0, 0, 0, 0, 0, 0, 0,
    0, 0, -26, 0, 0, 0, 0, -15,
    0, 0, 0, 0, 0, 0, 0, 0,
    0, 0, 0, 0, 0, 0, 0, 0,
    0, 0, 0, 0, 0, 0, 0, 0,
    0, 0, 0, 0, 0, -17, -8, 0,
    -3, 0, 0, 0, 0, 0, -37, 0,
    0, 0, 0, 0, 0, 0, 0, 0,
    0, 0, -4, 0, 0, 0, 0, 0,
    0, 0, -7, 0, 0, 0, 0, 0,
    0, -18, -22, 0, 0, 0, -55, 0,
    0, 0, 0, 0, 0, 0, 0, 0,
    -67, -1, -22, 0, -1, -2, -2, -1,
    -1, 0, 0, 0, 0, 7, 0, -67,
    0, -7, -37, 0, 0, -20, -40, -10,
    -25, 0, -10, 0, 0, 0, 0, 0,
    -2, 0, 0, 0, 0, 0, 0, 0,
    0, 0, 0, 0, 0, 0, 0, 0,
    0, 0, 0, 0, 0, 0, 0, 0,
    0, 0, 0, 0, 0, 0, 0, 0,
    0, 0, 0, 0, 0, 0, 0, 2,
    2, 0, 0, 0, 0, 0, 0, 0,
    0, 0, 0, 0, 0, 0, 0, 0,
    0, 0, 0, 0, 0, 0, 0, 0,
    0, 0, 0, 0, 0, 0, 0, 0,
    0, 0, 0, 0, 0, 0, -4, 0,
    -7, 0, 0, 0, 0, 0, 0, 0,
    0, 0, 0, 0, 0, 0, 0, 0,
    0, 0, 0, 0, 0, 0, 0, 0,
    0, 0, 0, 0, 0, 0, 0, 0,
    0, 0, 0, 0, 0, -3, 0, 0,
    0, 0, 0, 0, 0, 0, 0, 0,
    0, 0, 0, 0, 0, 0, 0, 0,
    0, 0, 0, 0, 0, 0, 0, 0,
    0, 0, 0, 0, 0, 0, 0, -17,
    0, 0, 0, 0, -59, 0, 0, 0,
    -56, 0, 0, 0, 0, 0, 0, 0,
    0, 0, 0, 0, 0, 0, 0, 0,
    0, 0, 0, 0, 0, 0, 0, 0,
    0, 0, 0, 0, 0, 0, 0, 0,
    0, 0, 0, -4, 0, 0, 0, 0,
    0, 0, 0, 0, 0, 0, 0, 0,
    0, 0, 0, 0, 0, 0, 0, 0,
    0, 0, 0, 0, 0, 0, 0, 0,
    0, 0, 0, 0, 0, 0, -45, 0,
    -80, 0, 3, 0, 0, 0, 0, 0,
    0, 0, 0, 0, 0, 0, 0, 0,
    0, 0, 0, 0, 0, 0, 0, 0,
    0, 0, 0, 0, 0, 0, 0, 0,
    0, 0, 0, 0, 0, 0, 0, 0,
    0, -5, 0, 0, 0, 0, 0, 0,
    0, 0, 0, 0, 0, 0, 0, 0,
    0, 0, 0, 0, 0, 0, 0, 0,
    0, 0, 0, 0, 0, 0, 0, 0,
    0, 0, 0, 0, 0, 0, 0, 0,
    -10, 0, 0, 0, 0, 0, 0, 0,
    0, 0, 0, 0, 0, 0, 0, 0,
    0, 0, 0, 0, 0, 0, 0, 0,
    0, 0, 0, 0, 0, 0, 0, 0,
    0, 0, -63, 0, -8, 5, 0, 0,
    0, 0, 0, 0, 0, 0, 2, 0,
    -18, 0, -2, 0, 0, 0, -28, -58,
    -7, -35, 1, -61, 2, 0, 0, -16,
    -9, 0, 0, 0, -2, -7, -44, 2,
    0, 0, -2, 0, -1, 0, 0, 0,
    0, 0, 0, 0, 0, -24, -1, 0,
    0, 0, -1, 0, 0, 0, -9, 0,
    -22, -26, -35, 0, -1, 0, -1, -5,
    0, 0, 0, -3, -1, -4, 0, 0,
    0, -1, -2, 0, 0, 0, 0, 0,
    0, 0, 0, 0, -13, 0, 0, 0,
    2, 0, 0, 0, 0, -3, 0, -7,
    -6, -18, 0, -1, 0, 0, -4, 0,
    0, 0, 0, 0, -3, 0, 0, 0,
    0, -1, 0, 0, 0, 0, 0, 0,
    0, 0, 0, 5, 0, 0, 0, 2,
    0, 0, 0, 0, 0, 0, 1, 0,
    0, 0, 0, 0, 0, 0, 0, 0,
    0, -1, 0, 0, 0, 0, 0, -39,
    -39, -51, 0, 0, 0, 0, 0, 0,
    -7, 0, -51, 0, 0, 0, -28, 0,
    0, 0, 0, 0, 0, 0, 0, 0,
    0, -35, 0, -3, -35, 0, 0, -28,
    -35, -24, -35, -36, -23, 0, 0, 0,
    0, 0, 0, 0, 0, 0, 0, 0,
    0, 1, -1, 0, 0, 0, 0, 0,
    0, 0, 0, 0, 0, 0, 0, 0,
    0, 0, 0, 0, 0, 0, 0, 0,
    0, 0, 0, 0, 0, 0, 0, 0,
    0, 0, 0, 0, 0, 0, 0, 0,
    0, 0, 0, -1, 0, 0, 0, 0,
    0, 0, 0, 0, 0, 0, 0, 0,
    0, 0, 0, 0, 0, 0, 0, 0,
    0, 0, 0, 0, -2, 0, -6, 0,
    0, 0, 0, 0, 0, 0, 0, -15,
    -1, -2, 0, 0, 0, 0, 0, 0,
    0, 0, 0, 0, 0, 0, 0, 0,
    0, 0, 0, 0, 0, 0, 0, 0,
    0, 0, 0, 1, -17, 1, 0, 0,
    0, 0, 0, 0, 0, 0, 4, 0,
    -23, 0, -11, 0, 0, 0, -20, 0,
    0, 0, 1, 0, 0, 0, 0, 0,
    -13, 0, 0, 0, -7, 0, -23, 0,
    0, -47, 1, 0, 1, 0, 0, 0,
    0, 0, 0, 0, -7, 6, 0, -5,
    0, 0, 0, 0, 0, -1, -65, 0,
    -18, 0, -38, 0, 0, 0, -13, 0,
    0, 0, 0, 0, 0, -13, 0, 6,
    0, 0, 0, 0, 0, 0, 0, 0,
    0, 0, 0, 0, 0, -1, 0, 0,
    0, 0, 0, 0, 0, 0, 0, 0,
    0, 0, 0, 0, 0, 0, 0, 0,
    0, 0, 0, 0, 0, 0, 0, 0,
    -5, -13, -28, 0, 0, 0, 0, 0,
    0, 0, 0, -41, 0, 0, 0, -40,
    0, 0, 0, 0, 0, 0, -15, -26,
    -26, 0, -3, 0, 0, -10, 0, 0,
    0, -8, 0, 0, 0, 0, 0, -1,
    -2, 0, 0, 0, 0, 0, 0, 0,
    0, 7, -12, 0, 0, 0, 2, 0,
    0, 0, 0, -7, 0, -17, -22, -28,
    0, -1, 0, 0, -4, 0, 0, 0,
    0, 0, -3, 0, 0, 0, 0, -3,
    1, 0, 0, 0, 0, 0, 0, 0,
    0, 4, 0, 0, 0, 0, 0, 0,
    0, 1, -1, 0, -13, 1, -26, 0,
    0, 0, 0, 0, 0, 0, 0, 0,
    0, 0, 0, 0, 0, -2, 0, 0,
    0, 0, 0, 0, 0, 0, 0, 0,
    0, -1, 0, 0, 1, 0, 0, 0,
    0, -2, 0, -16, -28, -24, 0, -2,
    0, 0, 0, 0, 0, 0, 0, 0,
    -3, 0, 0, 0, -49, -63, -2, 0,
    0, 0, 0, 0, 0, 0, 13, -50,
    0, -14, 0, -23, 0, -1, 0, -2,
    0, 0, 0, 0, 0, 0, -40, 0,
    -7, -54, -1, 0, -35, -55, -26, -36,
    -24, -13, 0, -38, -46, -57, 0, 0,
    0, 0, 0, 0, -21, 0, -72, -1,
    -22, 0, -40, -2, 0, -1, -17, 0,
    0, 0, 0, 0, 0, -38, 0, -8,
    -38, 0, 0, -17, -41, -13, -15, -10,
    -7, 0, 1, -22, 0, 0, 0, 0,
    0, 0, 0, -3, 0, 1, -1, -21,
    0, -10, 0, 0, 0, -22, 0, 0,
    0, 0, 0, 0, -10, 0, -7, -26,
    0, 0, 0, -10, -7, -37, 0, 0,
    0, -69, -58, -57, 0, 0, 0, 0,
    0, 0, -31, 0, -82, -2, -25, 0,
    -58, 0, -1, -3, -26, 0, 0, 0,
    0, 0, 0, -28, 0, -31, -61, 0,
    0, -36, -27, -34, -35, -28, -23, -10,
    -1, 0, 0, 0, 0, 0, 0, 0,
    0, 0, 0, 0, 0, 0, 0, 0,
    0, 0, 0, 0, -17, 0, 0, 0,
    -20, 0, 0, 0, -5, 0, 0, 0,
    0, 0, 0, -13, 0, 0, -18, -2,
    -1, -3, 0, 0, 0, 0, 0, 0,
    0, 0, 0, 0, 0, 0, 0, 0,
    0, 0, 0, 0, 0, 0, 0, 0,
    0, 0, 0, 0, 0, 0, 0, 0,
    0, 0, -14, -7, 0, -13, -8, -3,
    0, 0, 0, 0, 0, 0, 0, 0,
    0, 0, 0, 0, 0, 0, 0, 0,
    0, 0, 0, 0, 0, 0, 0, 0,
    0, 0, -3, 0, 0, 0, 0, 0,
    0, -15, -17, 3, -24, -8, 0, 0,
    0, 0, 0, 0, 0, 0, 0, -1,
    0, 0, 0, 0, 0, 0, 0, 0,
    0, 0, 0, 0, 0, 0, 0, -5,
    0, -6, 0, 0, 0, 0, -2, 0,
    -19, -11, 0, 2, -22, -10, -7, 0,
    0, 0, 0, 0, 0, 0, 2, 0,
    0, 0, 0, 0, 0, 0, 0, 0,
    0, 0, 0, 0, 0, 0, -2, 0,
    0, -5, 0, 0, 0, -5, 0, 0,
    0, 0, -1, 0, 0, 0, 0, 0,
    0, 0, 0, 0, 0, 0, 0, 0,
    0, 0, 0, 0, 0, 0, 0, 0,
    0, 0, 0, 0, 0, 0, 0, 0,
    0, 1, 1, 0, -1, 0, -1, 0,
    0, 0, 0, 0, 0, 0, 0, 0,
    0, 0, 0, 0, 0, 0, 0, 0,
    0, 0, 0, 0, 0, 0, 0, 0,
    0, 0, 0, 0, 0, 0, 0, 0,
    0, -10, 0, 0, 0, 0, 0, 0,
    0, 0, -31, 0, 0, 0, 0, 0,
    0, 0, 0, 0, 0, 0, 0, 0,
    0, 0, 0, 0, 0, 0, 0, 0,
    0, 0, 0, -10, 0, -6, -25, 0,
    0, 0, -15, 0, 0, 0, 0, 0,
    0, 0, 0, 0, 0, 0, 0, 0,
    0, 0, 0, 0, 0, 0, 0, 0,
    0, 0, 0, 0, 0, 0, 0, 0,
    0, 0, 0, 1, 0, 0, 0, 0,
    0, 0, 0, 0, 0, 0, 6, -16,
    -9, 0, 0, 0, 0, 0, 0, 0,
    0, 2, 0, 0, 0, 0, 0, 0,
    0, 0, 0, 0, 0, 0, 0, 0,
    0, -5, 0, 1, -16, 0, 0, 0,
    -4, 0, 3, 0, 3, -9, 0, 0,
    0, 0, 0, 0, 0, 0, 0, 0,
    -1, 0, 0, 0, 0, 0, 0, 0,
    0, 0, 0, 0, 0, 0, 0, 0,
    0, 0, -1, 0, 0, 0, 0, -3,
    0, -25, -13, 0, 1, 0, -2, 0,
    0, 0, 0, 0, 0, 0, 0, 0,
    0, 0, 0, 0, 0, 0, 0, 0,
    0, 0, 0, 0, 0, 0, 0, 0,
    0, 0, -1, 0, 0, 0, 0, 0,
    0, 0, 0, 0, -22, -22, -25, 0,
    0, 0, 0, 0, 0, -10, 0, 0,
    0, 0, 0, 0, 0, 0, 0, 0,
    0, 0, 0, 0, 0, 0, -19, 0,
    0, -24, 0, 0, 0, -22, 0, 1,
    0, 0, 0, 0, -26, 0, 0, 0,
    0, 0, 0, 0, -10, 0, 0, 0,
    0, 0, 0, 0, 0, 0, 0, 0,
    0, 0, 0, 0, 0, 0, 0, 0,
    -13, 0, 0, 0, -4, 0, 0, 0,
    0, 0, 0, 0, 7, 0, 0, 0,
    0, 0, 0, 0, 0, 0, 0, 0,
    0, 0, 0, 0, 0, 0, 0, 0,
    0, 0, 0, 0, 0, 0, 0, 0,
    0, 0, 0, 0, 0, 0, 0, 0
};


/*Collect the kern class' data in one place*/
static const lv_font_fmt_txt_kern_classes_t kern_classes =
{
    .class_pair_values   = kern_class_values,
    .left_class_mapping  = kern_left_class_mapping,
    .right_class_mapping = kern_right_class_mapping,
    .left_class_cnt      = 48,
    .right_class_cnt     = 39,
};

/*--------------------
 *  ALL CUSTOM DATA
 *--------------------*/

#if LVGL_VERSION_MAJOR == 8
/*Store all the custom data of the font*/
static  lv_font_fmt_txt_glyph_cache_t cache;
#endif

#if LVGL_VERSION_MAJOR >= 8
static const lv_font_fmt_txt_dsc_t font_dsc = {
#else
static lv_font_fmt_txt_dsc_t font_dsc = {
#endif
    .glyph_bitmap = glyph_bitmap,
    .glyph_dsc = glyph_dsc,
    .cmaps = cmaps,
    .kern_dsc = &kern_classes,
    .kern_scale = 16,
    .cmap_num = 2,
    .bpp = 4,
    .kern_classes = 1,
    .bitmap_format = 0,
#if LVGL_VERSION_MAJOR == 8
    .cache = &cache
#endif
};



/*-----------------
 *  PUBLIC FONT
 *----------------*/

/*Initialize a public general font descriptor*/
#if LVGL_VERSION_MAJOR >= 8
const lv_font_t zk_font_xb_48 = {
#else
lv_font_t zk_font_xb_48 = {
#endif
    .get_glyph_dsc = lv_font_get_glyph_dsc_fmt_txt,    /*Function pointer to get glyph's data*/
    .get_glyph_bitmap = lv_font_get_bitmap_fmt_txt,    /*Function pointer to get glyph's bitmap*/
    .line_height = 49,          /*The maximum line height required by the font*/
    .base_line = 10,             /*Baseline measured from the bottom of the line*/
#if !(LVGL_VERSION_MAJOR == 6 && LVGL_VERSION_MINOR == 0)
    .subpx = LV_FONT_SUBPX_NONE,
#endif
#if LV_VERSION_CHECK(7, 4, 0) || LVGL_VERSION_MAJOR >= 8
    .underline_position = -4,
    .underline_thickness = 2,
#endif
    .dsc = &font_dsc,          /*The custom font data. Will be accessed by `get_glyph_bitmap/dsc` */
#if LV_VERSION_CHECK(8, 2, 0) || LVGL_VERSION_MAJOR >= 9
    .fallback = NULL,
#endif
    .user_data = NULL,
};



#endif /*#if ZK_FONT_XB_48*/

