/* Generated by lv_font_conv 1.5.3; do not edit. */
/*******************************************************************************
 * Size: 34 px
 * Bpp: 4
 * Opts: --bpp 4 --no-compress --no-prefilter --format lvgl --lv-include lvgl.h --lv-font-name zk_font_b_34 --font fonts/BarlowSemiCondensed-Bold.ttf --size 34 --range 0x20-0x7E,0xB7,0x2013,0x2026 -o generated/zk_font_b_34.c
 ******************************************************************************/

#ifdef LV_LVGL_H_INCLUDE_SIMPLE
#include "lvgl.h"
#else
#include "lvgl.h"
#endif

#ifndef ZK_FONT_B_34
#define ZK_FONT_B_34 1
#endif

#if ZK_FONT_B_34

/*-----------------
 *    BITMAPS
 *----------------*/

/*Store the image of the glyphs*/
static LV_ATTRIBUTE_LARGE_CONST const uint8_t glyph_bitmap[] = {
    /* U+0020 " " */

    /* U+0021 "!" */
    0x1f, 0xff, 0xfa, 0x1f, 0xff, 0xfa, 0xf, 0xff,
    0xf9, 0xf, 0xff, 0xf9, 0xf, 0xff, 0xf8, 0xf,
    0xff, 0xf8, 0xe, 0xff, 0xf7, 0xe, 0xff, 0xf7,
    0xd, 0xff, 0xf6, 0xd, 0xff, 0xf6, 0xc, 0xff,
    0xf5, 0xc, 0xff, 0xf5, 0xb, 0xff, 0xf4, 0xb,
    0xff, 0xf4, 0xa, 0xff, 0xf3, 0x8, 0xdd, 0xd2,
    0x0, 0x0, 0x0, 0x0, 0x0, 0x0, 0x0, 0x56,
    0x20, 0xc, 0xff, 0xf4, 0x5f, 0xff, 0xfc, 0x6f,
    0xff, 0xfd, 0x2f, 0xff, 0xf9, 0x5, 0xdf, 0xa0,

    /* U+0022 "\"" */
    0x6f, 0xff, 0xf0, 0xf, 0xff, 0xf7, 0x6f, 0xff,
    0xf0, 0xf, 0xff, 0xf6, 0x5f, 0xff, 0xe0, 0xe,
    0xff, 0xf5, 0x4f, 0xff, 0xd0, 0xd, 0xff, 0xf4,
    0x3f, 0xff, 0xc0, 0xc, 0xff, 0xf3, 0x2f, 0xff,
    0xb0, 0xb, 0xff, 0xf2, 0x1f, 0xff, 0xa0, 0xa,
    0xff, 0xf1, 0xc, 0xdd, 0x70, 0x7, 0xdd, 0xc0,

    /* U+0023 "#" */
    0x0, 0x0, 0x3, 0x55, 0x54, 0x0, 0x2, 0x55,
    0x55, 0x0, 0x0, 0x0, 0xe, 0xff, 0xfe, 0x0,
    0xa, 0xff, 0xff, 0x10, 0x0, 0x0, 0xf, 0xff,
    0xfc, 0x0, 0xd, 0xff, 0xff, 0x0, 0x0, 0x0,
    0x2f, 0xff, 0xf9, 0x0, 0xf, 0xff, 0xfd, 0x0,
    0x0, 0x0, 0x4f, 0xff, 0xf7, 0x0, 0x1f, 0xff,
    0xfb, 0x0, 0x0, 0x0, 0x7f, 0xff, 0xf5, 0x0,
    0x3f, 0xff, 0xf9, 0x0, 0x5, 0xff, 0xff, 0xff,
    0xff, 0xff, 0xff, 0xff, 0xff, 0xfb, 0x6, 0xff,
    0xff, 0xff, 0xff, 0xff, 0xff, 0xff, 0xff, 0xfc,
    0x6, 0xff, 0xff, 0xff, 0xff, 0xff, 0xff, 0xff,
    0xff, 0xfc, 0x6, 0xff, 0xff, 0xff, 0xff, 0xff,
    0xff, 0xff, 0xff, 0xfc, 0x0, 0x26, 0xff, 0xff,
    0xa2, 0x22, 0xff, 0xff, 0xd2, 0x21, 0x0, 0x5,
    0xff, 0xff, 0x60, 0x1, 0xff, 0xff, 0xa0, 0x0,
    0x0, 0x8, 0xff, 0xff, 0x40, 0x4, 0xff, 0xff,
    0x80, 0x0, 0x2, 0x2b, 0xff, 0xff, 0x42, 0x28,
    0xff, 0xff, 0x72, 0x0, 0x9f, 0xff, 0xff, 0xff,
    0xff, 0xff, 0xff, 0xff, 0xff, 0x80, 0x9f, 0xff,
    0xff, 0xff, 0xff, 0xff, 0xff, 0xff, 0xff, 0x80,
    0x9f, 0xff, 0xff, 0xff, 0xff, 0xff, 0xff, 0xff,
    0xff, 0x80, 0x8f, 0xff, 0xff, 0xff, 0xff, 0xff,
    0xff, 0xff, 0xff, 0x70, 0x0, 0x7f, 0xff, 0xf5,
    0x0, 0x3f, 0xff, 0xf9, 0x0, 0x0, 0x0, 0x9f,
    0xff, 0xf3, 0x0, 0x5f, 0xff, 0xf7, 0x0, 0x0,
    0x0, 0xbf, 0xff, 0xf1, 0x0, 0x7f, 0xff, 0xf5,
    0x0, 0x0, 0x0, 0xdf, 0xff, 0xe0, 0x0, 0x9f,
    0xff, 0xf3, 0x0, 0x0, 0x0, 0xff, 0xff, 0xc0,
    0x0, 0xbf, 0xff, 0xf0, 0x0, 0x0, 0x0, 0x22,
    0x22, 0x10, 0x0, 0x12, 0x22, 0x20, 0x0, 0x0,

    /* U+0024 "$" */
    0x0, 0x0, 0x5, 0xff, 0xf6, 0x0, 0x0, 0x0,
    0x0, 0x0, 0x6, 0xff, 0xf7, 0x0, 0x0, 0x0,
    0x0, 0x0, 0x6, 0xff, 0xf7, 0x0, 0x0, 0x0,
    0x0, 0x4, 0xbf, 0xff, 0xff, 0xb4, 0x0, 0x0,
    0x0, 0xaf, 0xff, 0xff, 0xff, 0xff, 0x90, 0x0,
    0x9, 0xff, 0xff, 0xff, 0xff, 0xff, 0xfa, 0x0,
    0x2f, 0xff, 0xff, 0xff, 0xff, 0xff, 0xff, 0x40,
    0x8f, 0xff, 0xfb, 0x20, 0x2b, 0xff, 0xff, 0xb0,
    0xbf, 0xff, 0xf0, 0x0, 0x0, 0xdf, 0xff, 0xf0,
    0xcf, 0xff, 0xe0, 0x0, 0x0, 0x9f, 0xff, 0xf0,
    0xaf, 0xff, 0xf2, 0x0, 0x0, 0x6e, 0xee, 0xd0,
    0x7f, 0xff, 0xfd, 0x20, 0x0, 0x0, 0x0, 0x0,
    0x1f, 0xff, 0xff, 0xf8, 0x0, 0x0, 0x0, 0x0,
    0x5, 0xff, 0xff, 0xff, 0xe6, 0x0, 0x0, 0x0,
    0x0, 0x7f, 0xff, 0xff, 0xff, 0xd3, 0x0, 0x0,
    0x0, 0x4, 0xef, 0xff, 0xff, 0xff, 0x80, 0x0,
    0x0, 0x0, 0x7, 0xff, 0xff, 0xff, 0xfa, 0x0,
    0x0, 0x0, 0x0, 0x19, 0xff, 0xff, 0xff, 0x60,
    0x0, 0x0, 0x0, 0x0, 0x2c, 0xff, 0xff, 0xd0,
    0x79, 0x99, 0x60, 0x0, 0x0, 0xdf, 0xff, 0xf1,
    0xdf, 0xff, 0xc0, 0x0, 0x0, 0x7f, 0xff, 0xf3,
    0xdf, 0xff, 0xf0, 0x0, 0x0, 0x8f, 0xff, 0xf2,
    0xaf, 0xff, 0xfa, 0x0, 0x2, 0xef, 0xff, 0xf0,
    0x5f, 0xff, 0xff, 0xfc, 0xcf, 0xff, 0xff, 0xa0,
    0xc, 0xff, 0xff, 0xff, 0xff, 0xff, 0xff, 0x20,
    0x1, 0xdf, 0xff, 0xff, 0xff, 0xff, 0xf5, 0x0,
    0x0, 0x8, 0xef, 0xff, 0xff, 0xfb, 0x20, 0x0,
    0x0, 0x0, 0x7, 0xff, 0xfa, 0x10, 0x0, 0x0,
    0x0, 0x0, 0x5, 0xff, 0xf8, 0x0, 0x0, 0x0,
    0x0, 0x0, 0x5, 0xff, 0xf7, 0x0, 0x0, 0x0,

    /* U+0025 "%" */
    0x0, 0x4, 0xbe, 0xfc, 0x70, 0x0, 0x0, 0x0,
    0x1e, 0xff, 0x50, 0x0, 0x0, 0x9, 0xff, 0xff,
    0xff, 0xc1, 0x0, 0x0, 0x9, 0xff, 0xd0, 0x0,
    0x0, 0x7, 0xff, 0xfd, 0xcf, 0xff, 0xb0, 0x0,
    0x2, 0xff, 0xf5, 0x0, 0x0, 0x0, 0xef, 0xf4,
    0x0, 0x1d, 0xff, 0x30, 0x0, 0xaf, 0xfc, 0x0,
    0x0, 0x0, 0x2f, 0xf9, 0x0, 0x0, 0x5f, 0xf6,
    0x0, 0x3f, 0xff, 0x30, 0x0, 0x0, 0x2, 0xff,
    0x90, 0x0, 0x5, 0xff, 0x60, 0xb, 0xff, 0xb0,
    0x0, 0x0, 0x0, 0xe, 0xff, 0x30, 0x1, 0xdf,
    0xf3, 0x4, 0xff, 0xf2, 0x0, 0x0, 0x0, 0x0,
    0x7f, 0xff, 0xcb, 0xff, 0xfb, 0x0, 0xcf, 0xf9,
    0x0, 0x0, 0x0, 0x0, 0x0, 0x9f, 0xff, 0xff,
    0xfd, 0x10, 0x5f, 0xff, 0x10, 0x0, 0x0, 0x0,
    0x0, 0x0, 0x5b, 0xef, 0xd7, 0x0, 0xd, 0xff,
    0x80, 0x0, 0x0, 0x0, 0x0, 0x0, 0x0, 0x0,
    0x0, 0x0, 0x7, 0xff, 0xe1, 0x0, 0x0, 0x0,
    0x0, 0x0, 0x0, 0x0, 0x0, 0x0, 0x0, 0xef,
    0xf7, 0x0, 0x0, 0x0, 0x0, 0x0, 0x0, 0x0,
    0x0, 0x0, 0x0, 0x8f, 0xfe, 0x0, 0x0, 0x0,
    0x0, 0x0, 0x0, 0x0, 0x0, 0x0, 0x0, 0x1f,
    0xff, 0x50, 0x5, 0xbe, 0xec, 0x50, 0x0, 0x0,
    0x0, 0x0, 0x0, 0x9, 0xff, 0xd0, 0x9, 0xff,
    0xff, 0xff, 0xa0, 0x0, 0x0, 0x0, 0x0, 0x2,
    0xff, 0xf4, 0x6, 0xff, 0xfc, 0xcf, 0xff, 0x70,
    0x0, 0x0, 0x0, 0x0, 0xbf, 0xfc, 0x0, 0xef,
    0xf4, 0x0, 0x3f, 0xfe, 0x0, 0x0, 0x0, 0x0,
    0x3f, 0xff, 0x30, 0x3f, 0xf9, 0x0, 0x0, 0x9f,
    0xf3, 0x0, 0x0, 0x0, 0xc, 0xff, 0xa0, 0x4,
    0xff, 0x70, 0x0, 0x6, 0xff, 0x50, 0x0, 0x0,
    0x5, 0xff, 0xf2, 0x0, 0x2f, 0xfa, 0x0, 0x0,
    0x9f, 0xf3, 0x0, 0x0, 0x0, 0xdf, 0xf9, 0x0,
    0x0, 0xef, 0xf4, 0x0, 0x4f, 0xfe, 0x0, 0x0,
    0x0, 0x6f, 0xff, 0x10, 0x0, 0x6, 0xff, 0xfc,
    0xcf, 0xff, 0x60, 0x0, 0x0, 0xe, 0xff, 0x80,
    0x0, 0x0, 0x9, 0xff, 0xff, 0xff, 0x90, 0x0,
    0x0, 0x6, 0xff, 0xe0, 0x0, 0x0, 0x0, 0x4,
    0xbe, 0xfc, 0x50, 0x0,

    /* U+0026 "&" */
    0x0, 0x0, 0x28, 0xde, 0xfd, 0xa4, 0x0, 0x0,
    0x0, 0x0, 0x0, 0x6, 0xff, 0xff, 0xff, 0xff,
    0xb1, 0x0, 0x0, 0x0, 0x0, 0x5f, 0xff, 0xff,
    0xff, 0xff, 0xfc, 0x0, 0x0, 0x0, 0x0, 0xef,
    0xff, 0xff, 0xff, 0xff, 0xff, 0x60, 0x0, 0x0,
    0x4, 0xff, 0xff, 0xf9, 0x7c, 0xff, 0xff, 0xc0,
    0x0, 0x0, 0x6, 0xff, 0xff, 0x80, 0x0, 0xef,
    0xff, 0xf0, 0x0, 0x0, 0x6, 0xff, 0xff, 0x60,
    0x0, 0xcf, 0xff, 0xf0, 0x0, 0x0, 0x2, 0xff,
    0xff, 0xb0, 0x2, 0xff, 0xff, 0xe0, 0x0, 0x0,
    0x0, 0xcf, 0xff, 0xf6, 0x2d, 0xff, 0xff, 0x90,
    0x0, 0x0, 0x0, 0x3f, 0xff, 0xff, 0xff, 0xff,
    0xfe, 0x10, 0x0, 0x0, 0x0, 0x7, 0xff, 0xff,
    0xff, 0xff, 0xf3, 0x0, 0x0, 0x0, 0x0, 0x0,
    0xef, 0xff, 0xff, 0xfe, 0x30, 0x0, 0x0, 0x0,
    0x0, 0x2d, 0xff, 0xff, 0xff, 0xf1, 0x0, 0x0,
    0x0, 0x0, 0x2, 0xef, 0xff, 0xff, 0xff, 0xfa,
    0x0, 0x6, 0xb3, 0x0, 0xd, 0xff, 0xff, 0xff,
    0xff, 0xff, 0x80, 0x2f, 0xff, 0x91, 0x6f, 0xff,
    0xff, 0x34, 0xff, 0xff, 0xf6, 0xcf, 0xff, 0xf3,
    0xbf, 0xff, 0xf5, 0x0, 0x6f, 0xff, 0xff, 0xff,
    0xff, 0xa0, 0xdf, 0xff, 0xf0, 0x0, 0x8, 0xff,
    0xff, 0xff, 0xfe, 0x10, 0xdf, 0xff, 0xf1, 0x0,
    0x0, 0xbf, 0xff, 0xff, 0xf3, 0x0, 0xbf, 0xff,
    0xfc, 0x42, 0x4a, 0xff, 0xff, 0xff, 0xd0, 0x0,
    0x7f, 0xff, 0xff, 0xff, 0xff, 0xff, 0xff, 0xff,
    0xf8, 0x0, 0xd, 0xff, 0xff, 0xff, 0xff, 0xff,
    0xff, 0xff, 0xff, 0x40, 0x1, 0xcf, 0xff, 0xff,
    0xff, 0xff, 0xc8, 0xff, 0xff, 0xe1, 0x0, 0x5,
    0xad, 0xff, 0xec, 0x83, 0x0, 0x8f, 0xff, 0xfb,

    /* U+0027 "'" */
    0x6f, 0xff, 0xf3, 0x6f, 0xff, 0xf3, 0x5f, 0xff,
    0xf2, 0x4f, 0xff, 0xf1, 0x3f, 0xff, 0xf0, 0x2f,
    0xff, 0xf0, 0x1f, 0xff, 0xe0, 0xb, 0xcc, 0x90,

    /* U+0028 "(" */
    0x0, 0x0, 0x35, 0x55, 0x30, 0x0, 0x4f, 0xff,
    0xf9, 0x0, 0xd, 0xff, 0xff, 0x20, 0x6, 0xff,
    0xff, 0xb0, 0x0, 0xdf, 0xff, 0xf5, 0x0, 0x4f,
    0xff, 0xff, 0x0, 0xa, 0xff, 0xff, 0xb0, 0x0,
    0xef, 0xff, 0xf6, 0x0, 0x3f, 0xff, 0xff, 0x20,
    0x6, 0xff, 0xff, 0xf0, 0x0, 0x9f, 0xff, 0xfc,
    0x0, 0xc, 0xff, 0xff, 0x90, 0x0, 0xdf, 0xff,
    0xf8, 0x0, 0xf, 0xff, 0xff, 0x70, 0x0, 0xff,
    0xff, 0xf6, 0x0, 0xf, 0xff, 0xff, 0x60, 0x0,
    0xff, 0xff, 0xf6, 0x0, 0xe, 0xff, 0xff, 0x70,
    0x0, 0xdf, 0xff, 0xf8, 0x0, 0xb, 0xff, 0xff,
    0xa0, 0x0, 0x9f, 0xff, 0xfd, 0x0, 0x6, 0xff,
    0xff, 0xf0, 0x0, 0x2f, 0xff, 0xff, 0x30, 0x0,
    0xdf, 0xff, 0xf7, 0x0, 0x8, 0xff, 0xff, 0xc0,
    0x0, 0x2f, 0xff, 0xff, 0x10, 0x0, 0xbf, 0xff,
    0xf6, 0x0, 0x4, 0xff, 0xff, 0xd0, 0x0, 0xb,
    0xff, 0xff, 0x40, 0x0, 0x2e, 0xff, 0xfa,

    /* U+0029 ")" */
    0x25, 0x55, 0x40, 0x0, 0x0, 0x7f, 0xff, 0xf7,
    0x0, 0x0, 0xf, 0xff, 0xff, 0x10, 0x0, 0x9,
    0xff, 0xff, 0x90, 0x0, 0x2, 0xff, 0xff, 0xf1,
    0x0, 0x0, 0xdf, 0xff, 0xf7, 0x0, 0x0, 0x8f,
    0xff, 0xfd, 0x0, 0x0, 0x3f, 0xff, 0xff, 0x20,
    0x0, 0xf, 0xff, 0xff, 0x60, 0x0, 0xc, 0xff,
    0xff, 0xa0, 0x0, 0x9, 0xff, 0xff, 0xc0, 0x0,
    0x6, 0xff, 0xff, 0xf0, 0x0, 0x5, 0xff, 0xff,
    0xf0, 0x0, 0x4, 0xff, 0xff, 0xf2, 0x0, 0x3,
    0xff, 0xff, 0xf2, 0x0, 0x3, 0xff, 0xff, 0xf2,
    0x0, 0x4, 0xff, 0xff, 0xf2, 0x0, 0x5, 0xff,
    0xff, 0xf1, 0x0, 0x5, 0xff, 0xff, 0xf0, 0x0,
    0x7, 0xff, 0xff, 0xe0, 0x0, 0xa, 0xff, 0xff,
    0xb0, 0x0, 0xd, 0xff, 0xff, 0x90, 0x0, 0xf,
    0xff, 0xff, 0x50, 0x0, 0x4f, 0xff, 0xff, 0x10,
    0x0, 0x9f, 0xff, 0xfb, 0x0, 0x0, 0xef, 0xff,
    0xf5, 0x0, 0x3, 0xff, 0xff, 0xe0, 0x0, 0xa,
    0xff, 0xff, 0x60, 0x0, 0x1f, 0xff, 0xfd, 0x0,
    0x0, 0x7f, 0xff, 0xf3, 0x0, 0x0,

    /* U+002A "*" */
    0x0, 0x0, 0x1, 0x21, 0x0, 0x0, 0x0, 0x0,
    0x0, 0xef, 0xc0, 0x0, 0x0, 0x0, 0x20, 0xe,
    0xfd, 0x0, 0x20, 0x0, 0x9f, 0x80, 0xdf, 0xd0,
    0x8f, 0x80, 0x2f, 0xff, 0xef, 0xfe, 0xef, 0xff,
    0x11, 0x9f, 0xff, 0xff, 0xff, 0xff, 0x90, 0x0,
    0x2b, 0xff, 0xff, 0xfa, 0x20, 0x0, 0x5, 0xdf,
    0xff, 0xff, 0xd4, 0x0, 0x1c, 0xff, 0xff, 0xff,
    0xff, 0xfb, 0x11, 0xff, 0xfb, 0xef, 0xec, 0xff,
    0xe0, 0x8, 0xe5, 0xe, 0xfd, 0x6, 0xe7, 0x0,
    0x0, 0x0, 0xef, 0xd0, 0x0, 0x0, 0x0, 0x0,
    0xd, 0xfc, 0x0, 0x0, 0x0,

    /* U+002B "+" */
    0x0, 0x0, 0x0, 0xff, 0xfb, 0x0, 0x0, 0x0,
    0x0, 0x0, 0x1f, 0xff, 0xc0, 0x0, 0x0, 0x0,
    0x0, 0x1, 0xff, 0xfc, 0x0, 0x0, 0x0, 0x0,
    0x0, 0x1f, 0xff, 0xc0, 0x0, 0x0, 0x0, 0x0,
    0x1, 0xff, 0xfc, 0x0, 0x0, 0x1, 0xee, 0xee,
    0xef, 0xff, 0xfe, 0xee, 0xeb, 0x1f, 0xff, 0xff,
    0xff, 0xff, 0xff, 0xff, 0xd1, 0xff, 0xff, 0xff,
    0xff, 0xff, 0xff, 0xfd, 0x1f, 0xff, 0xff, 0xff,
    0xff, 0xff, 0xff, 0xc0, 0x0, 0x0, 0x1f, 0xff,
    0xc0, 0x0, 0x0, 0x0, 0x0, 0x1, 0xff, 0xfc,
    0x0, 0x0, 0x0, 0x0, 0x0, 0x1f, 0xff, 0xc0,
    0x0, 0x0, 0x0, 0x0, 0x1, 0xff, 0xfc, 0x0,
    0x0, 0x0, 0x0, 0x0, 0xf, 0xff, 0xc0, 0x0,
    0x0, 0x0, 0x0, 0x0, 0x11, 0x10, 0x0, 0x0,
    0x0,

    /* U+002C "," */
    0xa, 0xdd, 0xd4, 0xf, 0xff, 0xf2, 0xf, 0xff,
    0xe0, 0x2f, 0xff, 0xb0, 0x4f, 0xff, 0x70, 0x6f,
    0xff, 0x30, 0x8f, 0xff, 0x0, 0xaf, 0xfb, 0x0,
    0xbf, 0xf7, 0x0,

    /* U+002D "-" */
    0x2, 0x22, 0x22, 0x22, 0x22, 0x21, 0x1f, 0xff,
    0xff, 0xff, 0xff, 0xfb, 0x1f, 0xff, 0xff, 0xff,
    0xff, 0xfb, 0x1f, 0xff, 0xff, 0xff, 0xff, 0xfb,
    0x1f, 0xff, 0xff, 0xff, 0xff, 0xfa,

    /* U+002E "." */
    0x0, 0x56, 0x10, 0xd, 0xff, 0xf2, 0x7f, 0xff,
    0xfa, 0x8f, 0xff, 0xfb, 0x4f, 0xff, 0xf7, 0x6,
    0xee, 0x90,

    /* U+002F "/" */
    0x0, 0x0, 0x0, 0x0, 0x3f, 0xff, 0xf7, 0x0,
    0x0, 0x0, 0x0, 0x9f, 0xff, 0xf2, 0x0, 0x0,
    0x0, 0x0, 0xef, 0xff, 0xd0, 0x0, 0x0, 0x0,
    0x4, 0xff, 0xff, 0x70, 0x0, 0x0, 0x0, 0x9,
    0xff, 0xff, 0x20, 0x0, 0x0, 0x0, 0xe, 0xff,
    0xfc, 0x0, 0x0, 0x0, 0x0, 0x5f, 0xff, 0xf6,
    0x0, 0x0, 0x0, 0x0, 0xaf, 0xff, 0xf1, 0x0,
    0x0, 0x0, 0x0, 0xff, 0xff, 0xb0, 0x0, 0x0,
    0x0, 0x5, 0xff, 0xff, 0x60, 0x0, 0x0, 0x0,
    0xb, 0xff, 0xff, 0x0, 0x0, 0x0, 0x0, 0x1f,
    0xff, 0xfa, 0x0, 0x0, 0x0, 0x0, 0x6f, 0xff,
    0xf5, 0x0, 0x0, 0x0, 0x0, 0xcf, 0xff, 0xf0,
    0x0, 0x0, 0x0, 0x1, 0xff, 0xff, 0xa0, 0x0,
    0x0, 0x0, 0x7, 0xff, 0xff, 0x40, 0x0, 0x0,
    0x0, 0xd, 0xff, 0xfe, 0x0, 0x0, 0x0, 0x0,
    0x2f, 0xff, 0xf9, 0x0, 0x0, 0x0, 0x0, 0x8f,
    0xff, 0xf3, 0x0, 0x0, 0x0, 0x0, 0xdf, 0xff,
    0xe0, 0x0, 0x0, 0x0, 0x3, 0xff, 0xff, 0x80,
    0x0, 0x0, 0x0, 0x9, 0xff, 0xff, 0x30, 0x0,
    0x0, 0x0, 0xe, 0xff, 0xfd, 0x0, 0x0, 0x0,
    0x0, 0x3f, 0xff, 0xf7, 0x0, 0x0, 0x0, 0x0,

    /* U+0030 "0" */
    0x0, 0x0, 0x6b, 0xef, 0xec, 0x82, 0x0, 0x0,
    0x0, 0x3e, 0xff, 0xff, 0xff, 0xff, 0x70, 0x0,
    0x3, 0xff, 0xff, 0xff, 0xff, 0xff, 0xf8, 0x0,
    0xd, 0xff, 0xff, 0xff, 0xff, 0xff, 0xff, 0x30,
    0x4f, 0xff, 0xff, 0x84, 0x5d, 0xff, 0xff, 0xa0,
    0x8f, 0xff, 0xf7, 0x0, 0x2, 0xff, 0xff, 0xe0,
    0xaf, 0xff, 0xf2, 0x0, 0x0, 0xcf, 0xff, 0xf0,
    0xbf, 0xff, 0xf1, 0x0, 0x0, 0xbf, 0xff, 0xf1,
    0xbf, 0xff, 0xf1, 0x0, 0x0, 0xbf, 0xff, 0xf1,
    0xbf, 0xff, 0xf1, 0x0, 0x0, 0xbf, 0xff, 0xf1,
    0xbf, 0xff, 0xf1, 0x0, 0x0, 0xbf, 0xff, 0xf1,
    0xbf, 0xff, 0xf1, 0x0, 0x0, 0xbf, 0xff, 0xf1,
    0xbf, 0xff, 0xf1, 0x0, 0x0, 0xbf, 0xff, 0xf1,
    0xbf, 0xff, 0xf1, 0x0, 0x0, 0xbf, 0xff, 0xf1,
    0xbf, 0xff, 0xf1, 0x0, 0x0, 0xbf, 0xff, 0xf1,
    0xbf, 0xff, 0xf1, 0x0, 0x0, 0xbf, 0xff, 0xf1,
    0xbf, 0xff, 0xf1, 0x0, 0x0, 0xbf, 0xff, 0xf1,
    0xaf, 0xff, 0xf2, 0x0, 0x0, 0xcf, 0xff, 0xf0,
    0x8f, 0xff, 0xf7, 0x0, 0x2, 0xff, 0xff, 0xe0,
    0x4f, 0xff, 0xff, 0x73, 0x5d, 0xff, 0xff, 0xa0,
    0xd, 0xff, 0xff, 0xff, 0xff, 0xff, 0xff, 0x30,
    0x3, 0xff, 0xff, 0xff, 0xff, 0xff, 0xf8, 0x0,
    0x0, 0x3e, 0xff, 0xff, 0xff, 0xff, 0x70, 0x0,
    0x0, 0x0, 0x6b, 0xef, 0xfd, 0x82, 0x0, 0x0,

    /* U+0031 "1" */
    0x0, 0x29, 0xef, 0xff, 0xf3, 0x1b, 0xff, 0xff,
    0xff, 0xf4, 0x3f, 0xff, 0xff, 0xff, 0xf4, 0x3f,
    0xff, 0xff, 0xff, 0xf4, 0x2f, 0xfd, 0xdf, 0xff,
    0xf4, 0x3, 0x0, 0x8f, 0xff, 0xf4, 0x0, 0x0,
    0x8f, 0xff, 0xf4, 0x0, 0x0, 0x8f, 0xff, 0xf4,
    0x0, 0x0, 0x8f, 0xff, 0xf4, 0x0, 0x0, 0x8f,
    0xff, 0xf4, 0x0, 0x0, 0x8f, 0xff, 0xf4, 0x0,
    0x0, 0x8f, 0xff, 0xf4, 0x0, 0x0, 0x8f, 0xff,
    0xf4, 0x0, 0x0, 0x8f, 0xff, 0xf4, 0x0, 0x0,
    0x8f, 0xff, 0xf4, 0x0, 0x0, 0x8f, 0xff, 0xf4,
    0x0, 0x0, 0x8f, 0xff, 0xf4, 0x0, 0x0, 0x8f,
    0xff, 0xf4, 0x0, 0x0, 0x8f, 0xff, 0xf4, 0x0,
    0x0, 0x8f, 0xff, 0xf4, 0x0, 0x0, 0x8f, 0xff,
    0xf4, 0x0, 0x0, 0x8f, 0xff, 0xf4, 0x0, 0x0,
    0x8f, 0xff, 0xf4, 0x0, 0x0, 0x7f, 0xff, 0xf3,

    /* U+0032 "2" */
    0x0, 0x1, 0x8c, 0xef, 0xeb, 0x60, 0x0, 0x0,
    0x6, 0xff, 0xff, 0xff, 0xff, 0xd3, 0x0, 0x7,
    0xff, 0xff, 0xff, 0xff, 0xff, 0xf2, 0x2, 0xff,
    0xff, 0xff, 0xff, 0xff, 0xff, 0xc0, 0x9f, 0xff,
    0xfe, 0x53, 0x8f, 0xff, 0xff, 0x3c, 0xff, 0xff,
    0x30, 0x0, 0x9f, 0xff, 0xf7, 0xef, 0xff, 0xf0,
    0x0, 0x5, 0xff, 0xff, 0x8e, 0xff, 0xff, 0x0,
    0x0, 0x6f, 0xff, 0xf7, 0x12, 0x22, 0x10, 0x0,
    0xc, 0xff, 0xff, 0x40, 0x0, 0x0, 0x0, 0x4,
    0xff, 0xff, 0xf0, 0x0, 0x0, 0x0, 0x0, 0xdf,
    0xff, 0xf8, 0x0, 0x0, 0x0, 0x0, 0x9f, 0xff,
    0xfe, 0x10, 0x0, 0x0, 0x0, 0x6f, 0xff, 0xff,
    0x50, 0x0, 0x0, 0x0, 0x3f, 0xff, 0xff, 0x90,
    0x0, 0x0, 0x0, 0x2e, 0xff, 0xff, 0xc0, 0x0,
    0x0, 0x0, 0xd, 0xff, 0xff, 0xd1, 0x0, 0x0,
    0x0, 0xb, 0xff, 0xff, 0xe2, 0x0, 0x0, 0x0,
    0x9, 0xff, 0xff, 0xf3, 0x0, 0x0, 0x0, 0x7,
    0xff, 0xff, 0xf4, 0x0, 0x0, 0x0, 0x5, 0xff,
    0xff, 0xf9, 0x22, 0x22, 0x22, 0x22, 0xcf, 0xff,
    0xff, 0xff, 0xff, 0xff, 0xff, 0xfc, 0xff, 0xff,
    0xff, 0xff, 0xff, 0xff, 0xff, 0xcf, 0xff, 0xff,
    0xff, 0xff, 0xff, 0xff, 0xfb, 0xff, 0xff, 0xff,
    0xff, 0xff, 0xff, 0xfe,

    /* U+0033 "3" */
    0x8, 0xff, 0xff, 0xff, 0xff, 0xff, 0xff, 0xf1,
    0x9, 0xff, 0xff, 0xff, 0xff, 0xff, 0xff, 0xf2,
    0x9, 0xff, 0xff, 0xff, 0xff, 0xff, 0xff, 0xf2,
    0x9, 0xff, 0xff, 0xff, 0xff, 0xff, 0xff, 0xf2,
    0x1, 0x22, 0x22, 0x22, 0x4f, 0xff, 0xff, 0xc0,
    0x0, 0x0, 0x0, 0x1, 0xdf, 0xff, 0xfd, 0x10,
    0x0, 0x0, 0x0, 0x1d, 0xff, 0xff, 0xe1, 0x0,
    0x0, 0x0, 0x1, 0xdf, 0xff, 0xfe, 0x20, 0x0,
    0x0, 0x0, 0x1d, 0xff, 0xff, 0xf3, 0x0, 0x0,
    0x0, 0x0, 0xbf, 0xff, 0xff, 0xf9, 0x20, 0x0,
    0x0, 0x0, 0x2e, 0xff, 0xff, 0xff, 0xf5, 0x0,
    0x0, 0x0, 0x3, 0xfc, 0xaf, 0xff, 0xff, 0x20,
    0x0, 0x0, 0x0, 0x0, 0x2, 0xff, 0xff, 0xa0,
    0x0, 0x0, 0x0, 0x0, 0x0, 0xaf, 0xff, 0xf0,
    0x0, 0x0, 0x0, 0x0, 0x0, 0x7f, 0xff, 0xf2,
    0x0, 0x0, 0x0, 0x0, 0x0, 0x6f, 0xff, 0xf3,
    0xf, 0xff, 0xfb, 0x0, 0x0, 0x6f, 0xff, 0xf4,
    0xf, 0xff, 0xfe, 0x0, 0x0, 0x8f, 0xff, 0xf2,
    0xd, 0xff, 0xff, 0x30, 0x0, 0xcf, 0xff, 0xf0,
    0x9, 0xff, 0xff, 0xd4, 0x3a, 0xff, 0xff, 0xb0,
    0x2, 0xff, 0xff, 0xff, 0xff, 0xff, 0xff, 0x50,
    0x0, 0x8f, 0xff, 0xff, 0xff, 0xff, 0xfa, 0x0,
    0x0, 0x7, 0xff, 0xff, 0xff, 0xff, 0xa0, 0x0,
    0x0, 0x0, 0x29, 0xdf, 0xfd, 0xa4, 0x0, 0x0,

    /* U+0034 "4" */
    0x0, 0x0, 0x0, 0xdf, 0xff, 0xf2, 0x0, 0x0,
    0x0, 0x0, 0x0, 0x4, 0xff, 0xff, 0xd0, 0x0,
    0x0, 0x0, 0x0, 0x0, 0xa, 0xff, 0xff, 0x70,
    0x0, 0x0, 0x0, 0x0, 0x0, 0xf, 0xff, 0xff,
    0x10, 0x0, 0x0, 0x0, 0x0, 0x0, 0x6f, 0xff,
    0xfb, 0x0, 0x0, 0x0, 0x0, 0x0, 0x0, 0xcf,
    0xff, 0xf5, 0x0, 0x0, 0x0, 0x0, 0x0, 0x2,
    0xff, 0xff, 0xf0, 0x0, 0x0, 0x0, 0x0, 0x0,
    0x8, 0xff, 0xff, 0x90, 0x0, 0x0, 0x0, 0x0,
    0x0, 0xe, 0xff, 0xff, 0x30, 0x0, 0x0, 0x0,
    0x0, 0x0, 0x4f, 0xff, 0xfd, 0x0, 0x2f, 0xff,
    0xf9, 0x0, 0x0, 0xaf, 0xff, 0xf7, 0x0, 0x2f,
    0xff, 0xfa, 0x0, 0x1, 0xff, 0xff, 0xf1, 0x0,
    0x2f, 0xff, 0xfa, 0x0, 0x6, 0xff, 0xff, 0xb0,
    0x0, 0x2f, 0xff, 0xfa, 0x0, 0xd, 0xff, 0xff,
    0xa6, 0x66, 0x7f, 0xff, 0xfc, 0x62, 0x2f, 0xff,
    0xff, 0xff, 0xff, 0xff, 0xff, 0xff, 0xf7, 0x3f,
    0xff, 0xff, 0xff, 0xff, 0xff, 0xff, 0xff, 0xf7,
    0x3f, 0xff, 0xff, 0xff, 0xff, 0xff, 0xff, 0xff,
    0xf7, 0x2f, 0xff, 0xff, 0xff, 0xff, 0xff, 0xff,
    0xff, 0xf6, 0x0, 0x0, 0x0, 0x0, 0x0, 0x2f,
    0xff, 0xfa, 0x0, 0x0, 0x0, 0x0, 0x0, 0x0,
    0x2f, 0xff, 0xfa, 0x0, 0x0, 0x0, 0x0, 0x0,
    0x0, 0x2f, 0xff, 0xfa, 0x0, 0x0, 0x0, 0x0,
    0x0, 0x0, 0x2f, 0xff, 0xfa, 0x0, 0x0, 0x0,
    0x0, 0x0, 0x0, 0x2f, 0xff, 0xfa, 0x0, 0x0,
    0x0, 0x0, 0x0, 0x0, 0x1f, 0xff, 0xf9, 0x0,

    /* U+0035 "5" */
    0xaf, 0xff, 0xff, 0xff, 0xff, 0xff, 0xff, 0x1b,
    0xff, 0xff, 0xff, 0xff, 0xff, 0xff, 0xf1, 0xbf,
    0xff, 0xff, 0xff, 0xff, 0xff, 0xff, 0x1b, 0xff,
    0xff, 0xff, 0xff, 0xff, 0xff, 0xf1, 0xbf, 0xff,
    0xf4, 0x22, 0x22, 0x22, 0x22, 0xb, 0xff, 0xff,
    0x10, 0x0, 0x0, 0x0, 0x0, 0xbf, 0xff, 0xf1,
    0x0, 0x0, 0x0, 0x0, 0xb, 0xff, 0xff, 0x0,
    0x0, 0x0, 0x0, 0x0, 0xbf, 0xff, 0xf3, 0x9e,
    0xfd, 0xa3, 0x0, 0xb, 0xff, 0xff, 0xff, 0xff,
    0xff, 0xf7, 0x0, 0xbf, 0xff, 0xff, 0xff, 0xff,
    0xff, 0xf5, 0xb, 0xff, 0xff, 0xff, 0xff, 0xff,
    0xff, 0xd0, 0xbf, 0xff, 0xfe, 0x63, 0x8f, 0xff,
    0xff, 0x3a, 0xff, 0xff, 0x50, 0x0, 0x9f, 0xff,
    0xf7, 0x0, 0x0, 0x0, 0x0, 0x5, 0xff, 0xff,
    0x90, 0x0, 0x0, 0x0, 0x0, 0x3f, 0xff, 0xfa,
    0x1, 0x11, 0x10, 0x0, 0x3, 0xff, 0xff, 0xaa,
    0xff, 0xff, 0x30, 0x0, 0x5f, 0xff, 0xf8, 0x7f,
    0xff, 0xf8, 0x0, 0xa, 0xff, 0xff, 0x63, 0xff,
    0xff, 0xf6, 0x38, 0xff, 0xff, 0xf2, 0xc, 0xff,
    0xff, 0xff, 0xff, 0xff, 0xfb, 0x0, 0x3f, 0xff,
    0xff, 0xff, 0xff, 0xff, 0x20, 0x0, 0x4e, 0xff,
    0xff, 0xff, 0xfe, 0x30, 0x0, 0x0, 0x17, 0xcf,
    0xfe, 0xc7, 0x0, 0x0,

    /* U+0036 "6" */
    0x0, 0x2, 0x9d, 0xff, 0xeb, 0x70, 0x0, 0x0,
    0x8, 0xff, 0xff, 0xff, 0xff, 0xe4, 0x0, 0x9,
    0xff, 0xff, 0xff, 0xff, 0xff, 0xf3, 0x3, 0xff,
    0xff, 0xff, 0xff, 0xff, 0xff, 0xb0, 0x8f, 0xff,
    0xfe, 0x64, 0x9f, 0xff, 0xff, 0x1a, 0xff, 0xff,
    0x40, 0x0, 0xcf, 0xff, 0xf2, 0xbf, 0xff, 0xf1,
    0x0, 0x8, 0xff, 0xfe, 0x2b, 0xff, 0xff, 0x10,
    0x0, 0x0, 0x0, 0x0, 0xbf, 0xff, 0xf2, 0x8d,
    0xec, 0x81, 0x0, 0xb, 0xff, 0xff, 0xff, 0xff,
    0xff, 0xe3, 0x0, 0xbf, 0xff, 0xff, 0xff, 0xff,
    0xff, 0xe2, 0xb, 0xff, 0xff, 0xff, 0xff, 0xff,
    0xff, 0xa0, 0xbf, 0xff, 0xfe, 0x30, 0x4f, 0xff,
    0xff, 0x1b, 0xff, 0xff, 0x70, 0x0, 0x9f, 0xff,
    0xf5, 0xbf, 0xff, 0xf3, 0x0, 0x4, 0xff, 0xff,
    0x8b, 0xff, 0xff, 0x10, 0x0, 0x3f, 0xff, 0xfa,
    0xbf, 0xff, 0xf1, 0x0, 0x4, 0xff, 0xff, 0xa9,
    0xff, 0xff, 0x30, 0x0, 0x5f, 0xff, 0xf8, 0x7f,
    0xff, 0xf8, 0x0, 0xa, 0xff, 0xff, 0x61, 0xff,
    0xff, 0xf6, 0x37, 0xff, 0xff, 0xf1, 0xa, 0xff,
    0xff, 0xff, 0xff, 0xff, 0xfb, 0x0, 0x1e, 0xff,
    0xff, 0xff, 0xff, 0xff, 0x20, 0x0, 0x2d, 0xff,
    0xff, 0xff, 0xfe, 0x30, 0x0, 0x0, 0x6, 0xce,
    0xfe, 0xc7, 0x0, 0x0,

    /* U+0037 "7" */
    0x6f, 0xff, 0xff, 0xff, 0xff, 0xff, 0xff, 0xd6,
    0xff, 0xff, 0xff, 0xff, 0xff, 0xff, 0xfe, 0x6f,
    0xff, 0xff, 0xff, 0xff, 0xff, 0xff, 0xe7, 0xff,
    0xff, 0xff, 0xff, 0xff, 0xff, 0xfe, 0x7f, 0xff,
    0x82, 0x22, 0x26, 0xff, 0xff, 0xc6, 0xff, 0xf6,
    0x0, 0x0, 0x8f, 0xff, 0xf7, 0x2, 0x22, 0x0,
    0x0, 0xe, 0xff, 0xff, 0x20, 0x0, 0x0, 0x0,
    0x3, 0xff, 0xff, 0xc0, 0x0, 0x0, 0x0, 0x0,
    0x9f, 0xff, 0xf7, 0x0, 0x0, 0x0, 0x0, 0xe,
    0xff, 0xff, 0x20, 0x0, 0x0, 0x0, 0x3, 0xff,
    0xff, 0xc0, 0x0, 0x0, 0x0, 0x0, 0x9f, 0xff,
    0xf7, 0x0, 0x0, 0x0, 0x0, 0xe, 0xff, 0xff,
    0x20, 0x0, 0x0, 0x0, 0x4, 0xff, 0xff, 0xc0,
    0x0, 0x0, 0x0, 0x0, 0x9f, 0xff, 0xf7, 0x0,
    0x0, 0x0, 0x0, 0xe, 0xff, 0xff, 0x10, 0x0,
    0x0, 0x0, 0x4, 0xff, 0xff, 0xc0, 0x0, 0x0,
    0x0, 0x0, 0x9f, 0xff, 0xf6, 0x0, 0x0, 0x0,
    0x0, 0xe, 0xff, 0xff, 0x10, 0x0, 0x0, 0x0,
    0x4, 0xff, 0xff, 0xc0, 0x0, 0x0, 0x0, 0x0,
    0x9f, 0xff, 0xf6, 0x0, 0x0, 0x0, 0x0, 0xe,
    0xff, 0xff, 0x10, 0x0, 0x0, 0x0, 0x4, 0xff,
    0xff, 0xb0, 0x0, 0x0, 0x0, 0x0, 0x9f, 0xff,
    0xf6, 0x0, 0x0, 0x0,

    /* U+0038 "8" */
    0x0, 0x1, 0x7c, 0xef, 0xeb, 0x60, 0x0, 0x0,
    0x5, 0xff, 0xff, 0xff, 0xff, 0xd2, 0x0, 0x5,
    0xff, 0xff, 0xff, 0xff, 0xff, 0xe1, 0x0, 0xef,
    0xff, 0xff, 0xff, 0xff, 0xff, 0xa0, 0x6f, 0xff,
    0xfe, 0x53, 0x8f, 0xff, 0xff, 0x19, 0xff, 0xff,
    0x50, 0x0, 0xaf, 0xff, 0xf3, 0xaf, 0xff, 0xf0,
    0x0, 0x6, 0xff, 0xff, 0x59, 0xff, 0xff, 0x10,
    0x0, 0x7f, 0xff, 0xf3, 0x5f, 0xff, 0xf8, 0x0,
    0xd, 0xff, 0xff, 0x0, 0xdf, 0xff, 0xfb, 0x8d,
    0xff, 0xff, 0x80, 0x3, 0xef, 0xff, 0xff, 0xff,
    0xff, 0xb0, 0x0, 0xa, 0xff, 0xff, 0xff, 0xff,
    0xf4, 0x0, 0x9, 0xff, 0xff, 0xff, 0xff, 0xff,
    0xf3, 0x2, 0xff, 0xff, 0xd3, 0x6, 0xff, 0xff,
    0xd0, 0x8f, 0xff, 0xf5, 0x0, 0xa, 0xff, 0xff,
    0x2b, 0xff, 0xff, 0x0, 0x0, 0x5f, 0xff, 0xf5,
    0xdf, 0xff, 0xf0, 0x0, 0x4, 0xff, 0xff, 0x7c,
    0xff, 0xff, 0x10, 0x0, 0x6f, 0xff, 0xf6, 0xaf,
    0xff, 0xf6, 0x0, 0xb, 0xff, 0xff, 0x56, 0xff,
    0xff, 0xf6, 0x39, 0xff, 0xff, 0xf0, 0xe, 0xff,
    0xff, 0xff, 0xff, 0xff, 0xf9, 0x0, 0x4f, 0xff,
    0xff, 0xff, 0xff, 0xfd, 0x0, 0x0, 0x4f, 0xff,
    0xff, 0xff, 0xfc, 0x10, 0x0, 0x0, 0x17, 0xce,
    0xfe, 0xb6, 0x0, 0x0,

    /* U+0039 "9" */
    0x0, 0x0, 0x5a, 0xef, 0xed, 0x82, 0x0, 0x0,
    0x0, 0x1c, 0xff, 0xff, 0xff, 0xff, 0x70, 0x0,
    0x0, 0xcf, 0xff, 0xff, 0xff, 0xff, 0xf6, 0x0,
    0x6, 0xff, 0xff, 0xff, 0xff, 0xff, 0xff, 0x10,
    0xc, 0xff, 0xff, 0xb3, 0x4c, 0xff, 0xff, 0x70,
    0x1f, 0xff, 0xfe, 0x0, 0x1, 0xff, 0xff, 0xd0,
    0x3f, 0xff, 0xfb, 0x0, 0x0, 0xcf, 0xff, 0xf0,
    0x4f, 0xff, 0xf9, 0x0, 0x0, 0xbf, 0xff, 0xf1,
    0x3f, 0xff, 0xfa, 0x0, 0x0, 0xcf, 0xff, 0xf1,
    0x1f, 0xff, 0xfd, 0x0, 0x0, 0xff, 0xff, 0xf1,
    0xc, 0xff, 0xff, 0x80, 0x9, 0xff, 0xff, 0xf1,
    0x5, 0xff, 0xff, 0xff, 0xff, 0xff, 0xff, 0xf1,
    0x0, 0xdf, 0xff, 0xff, 0xff, 0xff, 0xff, 0xf1,
    0x0, 0x1d, 0xff, 0xff, 0xff, 0xff, 0xff, 0xf1,
    0x0, 0x0, 0x7d, 0xff, 0xc5, 0xbf, 0xff, 0xf1,
    0x0, 0x0, 0x0, 0x0, 0x0, 0xbf, 0xff, 0xf1,
    0x6, 0x99, 0x98, 0x0, 0x0, 0xbf, 0xff, 0xf1,
    0xc, 0xff, 0xff, 0x0, 0x0, 0xbf, 0xff, 0xf1,
    0xc, 0xff, 0xff, 0x40, 0x1, 0xff, 0xff, 0xf1,
    0x9, 0xff, 0xff, 0xe6, 0x5c, 0xff, 0xff, 0xe0,
    0x3, 0xff, 0xff, 0xff, 0xff, 0xff, 0xff, 0x90,
    0x0, 0x9f, 0xff, 0xff, 0xff, 0xff, 0xfe, 0x10,
    0x0, 0x9, 0xff, 0xff, 0xff, 0xff, 0xc2, 0x0,
    0x0, 0x0, 0x39, 0xdf, 0xfe, 0xb5, 0x0, 0x0,

    /* U+003A ":" */
    0x3, 0xcf, 0xb2, 0x0, 0xef, 0xff, 0xc0, 0x3f,
    0xff, 0xff, 0x2, 0xff, 0xff, 0xf0, 0x9, 0xff,
    0xf6, 0x0, 0x4, 0x63, 0x0, 0x0, 0x0, 0x0,
    0x0, 0x0, 0x0, 0x0, 0x0, 0x0, 0x0, 0x0,
    0x0, 0x0, 0x0, 0x0, 0x0, 0x0, 0x0, 0x3,
    0x62, 0x0, 0x9, 0xff, 0xf6, 0x2, 0xff, 0xff,
    0xf0, 0x3f, 0xff, 0xff, 0x0, 0xef, 0xff, 0xc0,
    0x3, 0xcf, 0xb2, 0x0,

    /* U+003B ";" */
    0x1, 0xaf, 0xd4, 0x0, 0xcf, 0xff, 0xf3, 0x3f,
    0xff, 0xff, 0x93, 0xff, 0xff, 0xf9, 0xd, 0xff,
    0xff, 0x30, 0x1a, 0xec, 0x40, 0x0, 0x0, 0x0,
    0x0, 0x0, 0x0, 0x0, 0x0, 0x0, 0x0, 0x0,
    0x0, 0x0, 0x0, 0x0, 0x0, 0x0, 0x0, 0x3b,
    0xbb, 0x90, 0x7, 0xff, 0xfb, 0x0, 0x8f, 0xff,
    0x70, 0xa, 0xff, 0xf4, 0x0, 0xbf, 0xff, 0x0,
    0xd, 0xff, 0xd0, 0x0, 0xef, 0xf9, 0x0, 0xf,
    0xff, 0x60, 0x0, 0xff, 0xf2, 0x0,

    /* U+003C "<" */
    0x0, 0x0, 0x0, 0x0, 0x0, 0x0, 0x0, 0x0,
    0x0, 0x0, 0x0, 0x0, 0x0, 0x2, 0x9c, 0x0,
    0x0, 0x0, 0x0, 0x0, 0x3a, 0xff, 0xd0, 0x0,
    0x0, 0x0, 0x4, 0xbf, 0xff, 0xfd, 0x0, 0x0,
    0x0, 0x5d, 0xff, 0xff, 0xff, 0xd0, 0x0, 0x7,
    0xef, 0xff, 0xff, 0xff, 0xf8, 0x1, 0x8f, 0xff,
    0xff, 0xff, 0xfd, 0x71, 0x1, 0xff, 0xff, 0xff,
    0xff, 0xb4, 0x0, 0x0, 0x1f, 0xff, 0xff, 0xe8,
    0x20, 0x0, 0x0, 0x1, 0xff, 0xff, 0xf5, 0x0,
    0x0, 0x0, 0x0, 0x1f, 0xff, 0xff, 0xfe, 0x71,
    0x0, 0x0, 0x0, 0xaf, 0xff, 0xff, 0xff, 0xfa,
    0x40, 0x0, 0x0, 0x29, 0xff, 0xff, 0xff, 0xff,
    0xd7, 0x10, 0x0, 0x1, 0x7e, 0xff, 0xff, 0xff,
    0xfc, 0x0, 0x0, 0x0, 0x6, 0xdf, 0xff, 0xff,
    0xd0, 0x0, 0x0, 0x0, 0x0, 0x5c, 0xff, 0xfd,
    0x0, 0x0, 0x0, 0x0, 0x0, 0x3, 0xbf, 0xd0,
    0x0, 0x0, 0x0, 0x0, 0x0, 0x0, 0x26,

    /* U+003D "=" */
    0x1f, 0xff, 0xff, 0xff, 0xff, 0xff, 0xff, 0xc1,
    0xff, 0xff, 0xff, 0xff, 0xff, 0xff, 0xfd, 0x1f,
    0xff, 0xff, 0xff, 0xff, 0xff, 0xff, 0xd1, 0xde,
    0xee, 0xee, 0xee, 0xee, 0xee, 0xeb, 0x0, 0x0,
    0x0, 0x0, 0x0, 0x0, 0x0, 0x0, 0x0, 0x0,
    0x0, 0x0, 0x0, 0x0, 0x0, 0x1d, 0xee, 0xee,
    0xee, 0xee, 0xee, 0xee, 0xa1, 0xff, 0xff, 0xff,
    0xff, 0xff, 0xff, 0xfd, 0x1f, 0xff, 0xff, 0xff,
    0xff, 0xff, 0xff, 0xd1, 0xff, 0xff, 0xff, 0xff,
    0xff, 0xff, 0xfc,

    /* U+003E ">" */
    0x0, 0x0, 0x0, 0x0, 0x0, 0x0, 0x0, 0x1,
    0xd7, 0x0, 0x0, 0x0, 0x0, 0x0, 0x0, 0x1f,
    0xfe, 0x81, 0x0, 0x0, 0x0, 0x0, 0x1, 0xff,
    0xff, 0xf9, 0x20, 0x0, 0x0, 0x0, 0x1f, 0xff,
    0xff, 0xff, 0xb3, 0x0, 0x0, 0x0, 0xbf, 0xff,
    0xff, 0xff, 0xfc, 0x50, 0x0, 0x0, 0x29, 0xff,
    0xff, 0xff, 0xff, 0xd6, 0x0, 0x0, 0x0, 0x6d,
    0xff, 0xff, 0xff, 0xfc, 0x0, 0x0, 0x0, 0x3,
    0xaf, 0xff, 0xff, 0xd0, 0x0, 0x0, 0x0, 0x1,
    0x8f, 0xff, 0xfd, 0x0, 0x0, 0x0, 0x39, 0xff,
    0xff, 0xff, 0xd0, 0x0, 0x6, 0xcf, 0xff, 0xff,
    0xff, 0xe6, 0x2, 0x9f, 0xff, 0xff, 0xff, 0xfe,
    0x70, 0x1, 0xff, 0xff, 0xff, 0xff, 0xc5, 0x0,
    0x0, 0x1f, 0xff, 0xff, 0xfb, 0x40, 0x0, 0x0,
    0x1, 0xff, 0xff, 0xa3, 0x0, 0x0, 0x0, 0x0,
    0x1f, 0xf9, 0x10, 0x0, 0x0, 0x0, 0x0, 0x0,
    0x71, 0x0, 0x0, 0x0, 0x0, 0x0, 0x0,

    /* U+003F "?" */
    0x0, 0x0, 0x28, 0xce, 0xfe, 0xb6, 0x0, 0x0,
    0x0, 0x7, 0xff, 0xff, 0xff, 0xff, 0xe3, 0x0,
    0x0, 0x9f, 0xff, 0xff, 0xff, 0xff, 0xff, 0x30,
    0x4, 0xff, 0xff, 0xff, 0xff, 0xff, 0xff, 0xc0,
    0xb, 0xff, 0xff, 0xe9, 0x8c, 0xff, 0xff, 0xf2,
    0xf, 0xff, 0xfe, 0x10, 0x0, 0xcf, 0xff, 0xf6,
    0x2f, 0xff, 0xfa, 0x0, 0x0, 0x6f, 0xff, 0xf7,
    0x2c, 0xcc, 0xc6, 0x0, 0x0, 0x7f, 0xff, 0xf6,
    0x0, 0x0, 0x0, 0x0, 0x1, 0xef, 0xff, 0xf3,
    0x0, 0x0, 0x0, 0x0, 0x2d, 0xff, 0xff, 0xc0,
    0x0, 0x0, 0x0, 0x4, 0xef, 0xff, 0xff, 0x20,
    0x0, 0x0, 0x0, 0x5f, 0xff, 0xff, 0xe3, 0x0,
    0x0, 0x0, 0x2, 0xff, 0xff, 0xfc, 0x10, 0x0,
    0x0, 0x0, 0x8, 0xff, 0xff, 0xb0, 0x0, 0x0,
    0x0, 0x0, 0xb, 0xff, 0xff, 0x20, 0x0, 0x0,
    0x0, 0x0, 0xc, 0xff, 0xff, 0x0, 0x0, 0x0,
    0x0, 0x0, 0x3, 0x66, 0x65, 0x0, 0x0, 0x0,
    0x0, 0x0, 0x0, 0x0, 0x0, 0x0, 0x0, 0x0,
    0x0, 0x0, 0x0, 0x25, 0x30, 0x0, 0x0, 0x0,
    0x0, 0x0, 0x6, 0xff, 0xf8, 0x0, 0x0, 0x0,
    0x0, 0x0, 0xf, 0xff, 0xff, 0x10, 0x0, 0x0,
    0x0, 0x0, 0x1f, 0xff, 0xff, 0x20, 0x0, 0x0,
    0x0, 0x0, 0xd, 0xff, 0xfe, 0x0, 0x0, 0x0,
    0x0, 0x0, 0x2, 0xcf, 0xc3, 0x0, 0x0, 0x0,

    /* U+0040 "@" */
    0x0, 0x0, 0x0, 0x0, 0x4, 0x9c, 0xef, 0xfe,
    0xb7, 0x20, 0x0, 0x0, 0x0, 0x0, 0x0, 0x0,
    0x6d, 0xff, 0xff, 0xff, 0xff, 0xff, 0xa2, 0x0,
    0x0, 0x0, 0x0, 0x2, 0xcf, 0xff, 0xff, 0xff,
    0xff, 0xff, 0xff, 0xf4, 0x0, 0x0, 0x0, 0x3,
    0xef, 0xff, 0xe8, 0x31, 0x1, 0x37, 0xdf, 0xff,
    0xf4, 0x0, 0x0, 0x3, 0xff, 0xff, 0x80, 0x0,
    0x0, 0x0, 0x0, 0x7f, 0xff, 0xe1, 0x0, 0x1,
    0xef, 0xfe, 0x40, 0x0, 0x0, 0x0, 0x0, 0x0,
    0x6f, 0xff, 0x80, 0x0, 0xaf, 0xff, 0x30, 0x5,
    0xcf, 0xd7, 0xcf, 0xf5, 0x0, 0xbf, 0xfe, 0x0,
    0x3f, 0xff, 0x60, 0x7, 0xff, 0xff, 0xff, 0xff,
    0x40, 0x4, 0xff, 0xf3, 0xa, 0xff, 0xc0, 0x1,
    0xff, 0xff, 0xef, 0xff, 0xf2, 0x0, 0xf, 0xff,
    0x60, 0xff, 0xf5, 0x0, 0x7f, 0xfd, 0x10, 0xaf,
    0xff, 0x0, 0x0, 0xef, 0xf8, 0x5f, 0xff, 0x0,
    0xc, 0xff, 0x70, 0x6, 0xff, 0xe0, 0x0, 0xe,
    0xff, 0x88, 0xff, 0xb0, 0x0, 0xff, 0xf4, 0x0,
    0x7f, 0xfc, 0x0, 0x0, 0xff, 0xf7, 0xaf, 0xf8,
    0x0, 0x2f, 0xff, 0x10, 0x9, 0xff, 0xa0, 0x0,
    0x2f, 0xff, 0x4c, 0xff, 0x70, 0x3, 0xff, 0xf0,
    0x0, 0xbf, 0xf9, 0x0, 0x6, 0xff, 0xf1, 0xcf,
    0xf7, 0x0, 0x4f, 0xff, 0x0, 0xe, 0xff, 0xc0,
    0x0, 0xdf, 0xfb, 0xb, 0xff, 0x90, 0x2, 0xff,
    0xf5, 0x8, 0xff, 0xff, 0x85, 0xbf, 0xff, 0x40,
    0xaf, 0xfb, 0x0, 0xe, 0xff, 0xff, 0xff, 0xff,
    0xff, 0xff, 0xff, 0x90, 0x6, 0xff, 0xf1, 0x0,
    0x5f, 0xff, 0xff, 0xd9, 0xff, 0xff, 0xff, 0x90,
    0x0, 0x1f, 0xff, 0x80, 0x0, 0x29, 0xba, 0x70,
    0x4, 0x9b, 0xb8, 0x30, 0x0, 0x0, 0xaf, 0xff,
    0x40, 0x0, 0x0, 0x0, 0x0, 0x0, 0x0, 0x0,
    0x0, 0x0, 0x2, 0xff, 0xff, 0x60, 0x0, 0x0,
    0x0, 0x6, 0x10, 0x0, 0x0, 0x0, 0x0, 0x6,
    0xff, 0xff, 0xd7, 0x32, 0x24, 0x8e, 0xfb, 0x0,
    0x0, 0x0, 0x0, 0x0, 0x7, 0xff, 0xff, 0xff,
    0xff, 0xff, 0xff, 0xf4, 0x0, 0x0, 0x0, 0x0,
    0x0, 0x4, 0xdf, 0xff, 0xff, 0xff, 0xff, 0xe5,
    0x0, 0x0, 0x0, 0x0, 0x0, 0x0, 0x0, 0x5a,
    0xdf, 0xfe, 0xc9, 0x40, 0x0, 0x0, 0x0, 0x0,
    0x0,

    /* U+0041 "A" */
    0x0, 0x0, 0x0, 0x2f, 0xff, 0xff, 0xc0, 0x0,
    0x0, 0x0, 0x0, 0x0, 0x6, 0xff, 0xff, 0xff,
    0x10, 0x0, 0x0, 0x0, 0x0, 0x0, 0xbf, 0xff,
    0xff, 0xf5, 0x0, 0x0, 0x0, 0x0, 0x0, 0xf,
    0xff, 0xff, 0xff, 0x90, 0x0, 0x0, 0x0, 0x0,
    0x3, 0xff, 0xff, 0xff, 0xfd, 0x0, 0x0, 0x0,
    0x0, 0x0, 0x7f, 0xff, 0xff, 0xff, 0xf1, 0x0,
    0x0, 0x0, 0x0, 0xc, 0xff, 0xf9, 0xff, 0xff,
    0x50, 0x0, 0x0, 0x0, 0x0, 0xff, 0xff, 0x4d,
    0xff, 0xfa, 0x0, 0x0, 0x0, 0x0, 0x4f, 0xff,
    0xf1, 0x9f, 0xff, 0xe0, 0x0, 0x0, 0x0, 0x8,
    0xff, 0xfd, 0x5, 0xff, 0xff, 0x20, 0x0, 0x0,
    0x0, 0xcf, 0xff, 0x90, 0x2f, 0xff, 0xf6, 0x0,
    0x0, 0x0, 0x1f, 0xff, 0xf6, 0x0, 0xef, 0xff,
    0xb0, 0x0, 0x0, 0x5, 0xff, 0xff, 0x20, 0xa,
    0xff, 0xff, 0x0, 0x0, 0x0, 0x9f, 0xff, 0xe0,
    0x0, 0x6f, 0xff, 0xf3, 0x0, 0x0, 0xd, 0xff,
    0xfb, 0x0, 0x3, 0xff, 0xff, 0x70, 0x0, 0x2,
    0xff, 0xff, 0x70, 0x0, 0xf, 0xff, 0xfc, 0x0,
    0x0, 0x6f, 0xff, 0xfd, 0xcc, 0xcc, 0xff, 0xff,
    0xf0, 0x0, 0xa, 0xff, 0xff, 0xff, 0xff, 0xff,
    0xff, 0xff, 0x40, 0x0, 0xef, 0xff, 0xff, 0xff,
    0xff, 0xff, 0xff, 0xf8, 0x0, 0x2f, 0xff, 0xff,
    0xff, 0xff, 0xff, 0xff, 0xff, 0xc0, 0x7, 0xff,
    0xff, 0x50, 0x0, 0x0, 0xc, 0xff, 0xff, 0x10,
    0xbf, 0xff, 0xf1, 0x0, 0x0, 0x0, 0x9f, 0xff,
    0xf5, 0xf, 0xff, 0xfe, 0x0, 0x0, 0x0, 0x5,
    0xff, 0xff, 0x92, 0xff, 0xff, 0xa0, 0x0, 0x0,
    0x0, 0x1f, 0xff, 0xfd,

    /* U+0042 "B" */
    0x2f, 0xff, 0xff, 0xff, 0xfe, 0xc9, 0x30, 0x0,
    0x3, 0xff, 0xff, 0xff, 0xff, 0xff, 0xff, 0xa0,
    0x0, 0x3f, 0xff, 0xff, 0xff, 0xff, 0xff, 0xff,
    0xb0, 0x3, 0xff, 0xff, 0xff, 0xff, 0xff, 0xff,
    0xff, 0x50, 0x3f, 0xff, 0xfa, 0x22, 0x36, 0xef,
    0xff, 0xfa, 0x3, 0xff, 0xff, 0x90, 0x0, 0x2,
    0xff, 0xff, 0xd0, 0x3f, 0xff, 0xf9, 0x0, 0x0,
    0xd, 0xff, 0xff, 0x3, 0xff, 0xff, 0x90, 0x0,
    0x0, 0xcf, 0xff, 0xe0, 0x3f, 0xff, 0xf9, 0x0,
    0x0, 0x1f, 0xff, 0xfb, 0x3, 0xff, 0xff, 0x90,
    0x0, 0x3c, 0xff, 0xff, 0x50, 0x3f, 0xff, 0xff,
    0xff, 0xff, 0xff, 0xff, 0xa0, 0x3, 0xff, 0xff,
    0xff, 0xff, 0xff, 0xff, 0x90, 0x0, 0x3f, 0xff,
    0xff, 0xff, 0xff, 0xff, 0xfe, 0x40, 0x3, 0xff,
    0xff, 0xeb, 0xbb, 0xef, 0xff, 0xff, 0x20, 0x3f,
    0xff, 0xf9, 0x0, 0x0, 0x6f, 0xff, 0xfb, 0x3,
    0xff, 0xff, 0x90, 0x0, 0x0, 0xbf, 0xff, 0xf1,
    0x3f, 0xff, 0xf9, 0x0, 0x0, 0x8, 0xff, 0xff,
    0x33, 0xff, 0xff, 0x90, 0x0, 0x0, 0x9f, 0xff,
    0xf4, 0x3f, 0xff, 0xf9, 0x0, 0x0, 0xe, 0xff,
    0xff, 0x33, 0xff, 0xff, 0xb3, 0x33, 0x5c, 0xff,
    0xff, 0xf0, 0x3f, 0xff, 0xff, 0xff, 0xff, 0xff,
    0xff, 0xfa, 0x3, 0xff, 0xff, 0xff, 0xff, 0xff,
    0xff, 0xfe, 0x10, 0x3f, 0xff, 0xff, 0xff, 0xff,
    0xff, 0xfc, 0x20, 0x2, 0xff, 0xff, 0xff, 0xff,
    0xfd, 0xa4, 0x0, 0x0,

    /* U+0043 "C" */
    0x0, 0x0, 0x39, 0xde, 0xfd, 0xb5, 0x0, 0x0,
    0x0, 0x1a, 0xff, 0xff, 0xff, 0xff, 0xd3, 0x0,
    0x0, 0xdf, 0xff, 0xff, 0xff, 0xff, 0xff, 0x30,
    0x9, 0xff, 0xff, 0xff, 0xff, 0xff, 0xff, 0xe0,
    0x1f, 0xff, 0xff, 0xa4, 0x37, 0xff, 0xff, 0xf6,
    0x6f, 0xff, 0xfa, 0x0, 0x0, 0x4f, 0xff, 0xfc,
    0x8f, 0xff, 0xf4, 0x0, 0x0, 0xe, 0xff, 0xfe,
    0x9f, 0xff, 0xf3, 0x0, 0x0, 0xb, 0xee, 0xec,
    0x9f, 0xff, 0xf3, 0x0, 0x0, 0x0, 0x0, 0x0,
    0x9f, 0xff, 0xf3, 0x0, 0x0, 0x0, 0x0, 0x0,
    0x9f, 0xff, 0xf3, 0x0, 0x0, 0x0, 0x0, 0x0,
    0x9f, 0xff, 0xf3, 0x0, 0x0, 0x0, 0x0, 0x0,
    0x9f, 0xff, 0xf3, 0x0, 0x0, 0x0, 0x0, 0x0,
    0x9f, 0xff, 0xf3, 0x0, 0x0, 0x0, 0x0, 0x0,
    0x9f, 0xff, 0xf3, 0x0, 0x0, 0x0, 0x0, 0x0,
    0x9f, 0xff, 0xf3, 0x0, 0x0, 0x0, 0x0, 0x0,
    0x9f, 0xff, 0xf3, 0x0, 0x0, 0xa, 0xdd, 0xdc,
    0x8f, 0xff, 0xf4, 0x0, 0x0, 0xe, 0xff, 0xfd,
    0x6f, 0xff, 0xfa, 0x0, 0x0, 0x4f, 0xff, 0xfb,
    0x1f, 0xff, 0xff, 0xa4, 0x37, 0xff, 0xff, 0xf6,
    0x9, 0xff, 0xff, 0xff, 0xff, 0xff, 0xff, 0xe0,
    0x0, 0xdf, 0xff, 0xff, 0xff, 0xff, 0xff, 0x30,
    0x0, 0x1a, 0xff, 0xff, 0xff, 0xff, 0xd3, 0x0,
    0x0, 0x0, 0x39, 0xde, 0xfd, 0xb5, 0x0, 0x0,

    /* U+0044 "D" */
    0x2f, 0xff, 0xff, 0xff, 0xfe, 0xc7, 0x20, 0x0,
    0x3, 0xff, 0xff, 0xff, 0xff, 0xff, 0xff, 0x80,
    0x0, 0x3f, 0xff, 0xff, 0xff, 0xff, 0xff, 0xff,
    0x90, 0x3, 0xff, 0xff, 0xff, 0xff, 0xff, 0xff,
    0xff, 0x50, 0x3f, 0xff, 0xfa, 0x22, 0x36, 0xef,
    0xff, 0xfc, 0x3, 0xff, 0xff, 0x90, 0x0, 0x2,
    0xff, 0xff, 0xf0, 0x3f, 0xff, 0xf9, 0x0, 0x0,
    0xb, 0xff, 0xff, 0x23, 0xff, 0xff, 0x90, 0x0,
    0x0, 0x9f, 0xff, 0xf3, 0x3f, 0xff, 0xf9, 0x0,
    0x0, 0x9, 0xff, 0xff, 0x33, 0xff, 0xff, 0x90,
    0x0, 0x0, 0x9f, 0xff, 0xf3, 0x3f, 0xff, 0xf9,
    0x0, 0x0, 0x9, 0xff, 0xff, 0x33, 0xff, 0xff,
    0x90, 0x0, 0x0, 0x9f, 0xff, 0xf3, 0x3f, 0xff,
    0xf9, 0x0, 0x0, 0x9, 0xff, 0xff, 0x33, 0xff,
    0xff, 0x90, 0x0, 0x0, 0x9f, 0xff, 0xf3, 0x3f,
    0xff, 0xf9, 0x0, 0x0, 0x9, 0xff, 0xff, 0x33,
    0xff, 0xff, 0x90, 0x0, 0x0, 0x9f, 0xff, 0xf3,
    0x3f, 0xff, 0xf9, 0x0, 0x0, 0x9, 0xff, 0xff,
    0x33, 0xff, 0xff, 0x90, 0x0, 0x0, 0xcf, 0xff,
    0xf2, 0x3f, 0xff, 0xf9, 0x0, 0x0, 0x2f, 0xff,
    0xff, 0x3, 0xff, 0xff, 0xa2, 0x23, 0x6e, 0xff,
    0xff, 0xc0, 0x3f, 0xff, 0xff, 0xff, 0xff, 0xff,
    0xff, 0xf5, 0x3, 0xff, 0xff, 0xff, 0xff, 0xff,
    0xff, 0xf9, 0x0, 0x3f, 0xff, 0xff, 0xff, 0xff,
    0xff, 0xf8, 0x0, 0x2, 0xff, 0xff, 0xff, 0xff,
    0xec, 0x82, 0x0, 0x0,

    /* U+0045 "E" */
    0x2f, 0xff, 0xff, 0xff, 0xff, 0xff, 0xff, 0xf3,
    0x3f, 0xff, 0xff, 0xff, 0xff, 0xff, 0xff, 0xf4,
    0x3f, 0xff, 0xff, 0xff, 0xff, 0xff, 0xff, 0xf4,
    0x3f, 0xff, 0xff, 0xff, 0xff, 0xff, 0xff, 0xf4,
    0x3f, 0xff, 0xfa, 0x22, 0x22, 0x22, 0x22, 0x20,
    0x3f, 0xff, 0xf9, 0x0, 0x0, 0x0, 0x0, 0x0,
    0x3f, 0xff, 0xf9, 0x0, 0x0, 0x0, 0x0, 0x0,
    0x3f, 0xff, 0xf9, 0x0, 0x0, 0x0, 0x0, 0x0,
    0x3f, 0xff, 0xf9, 0x0, 0x0, 0x0, 0x0, 0x0,
    0x3f, 0xff, 0xfa, 0x22, 0x22, 0x21, 0x0, 0x0,
    0x3f, 0xff, 0xff, 0xff, 0xff, 0xfd, 0x0, 0x0,
    0x3f, 0xff, 0xff, 0xff, 0xff, 0xfd, 0x0, 0x0,
    0x3f, 0xff, 0xff, 0xff, 0xff, 0xfd, 0x0, 0x0,
    0x3f, 0xff, 0xff, 0xff, 0xff, 0xfc, 0x0, 0x0,
    0x3f, 0xff, 0xf9, 0x0, 0x0, 0x0, 0x0, 0x0,
    0x3f, 0xff, 0xf9, 0x0, 0x0, 0x0, 0x0, 0x0,
    0x3f, 0xff, 0xf9, 0x0, 0x0, 0x0, 0x0, 0x0,
    0x3f, 0xff, 0xf9, 0x0, 0x0, 0x0, 0x0, 0x0,
    0x3f, 0xff, 0xf9, 0x0, 0x0, 0x0, 0x0, 0x0,
    0x3f, 0xff, 0xfa, 0x22, 0x22, 0x22, 0x22, 0x20,
    0x3f, 0xff, 0xff, 0xff, 0xff, 0xff, 0xff, 0xf4,
    0x3f, 0xff, 0xff, 0xff, 0xff, 0xff, 0xff, 0xf4,
    0x3f, 0xff, 0xff, 0xff, 0xff, 0xff, 0xff, 0xf4,
    0x2f, 0xff, 0xff, 0xff, 0xff, 0xff, 0xff, 0xf3,

    /* U+0046 "F" */
    0x2f, 0xff, 0xff, 0xff, 0xff, 0xff, 0xff, 0xf3,
    0x3f, 0xff, 0xff, 0xff, 0xff, 0xff, 0xff, 0xf4,
    0x3f, 0xff, 0xff, 0xff, 0xff, 0xff, 0xff, 0xf4,
    0x3f, 0xff, 0xff, 0xff, 0xff, 0xff, 0xff, 0xf3,
    0x3f, 0xff, 0xfa, 0x22, 0x22, 0x22, 0x22, 0x20,
    0x3f, 0xff, 0xf9, 0x0, 0x0, 0x0, 0x0, 0x0,
    0x3f, 0xff, 0xf9, 0x0, 0x0, 0x0, 0x0, 0x0,
    0x3f, 0xff, 0xf9, 0x0, 0x0, 0x0, 0x0, 0x0,
    0x3f, 0xff, 0xf9, 0x0, 0x0, 0x0, 0x0, 0x0,
    0x3f, 0xff, 0xfa, 0x22, 0x22, 0x21, 0x0, 0x0,
    0x3f, 0xff, 0xff, 0xff, 0xff, 0xfc, 0x0, 0x0,
    0x3f, 0xff, 0xff, 0xff, 0xff, 0xfd, 0x0, 0x0,
    0x3f, 0xff, 0xff, 0xff, 0xff, 0xfd, 0x0, 0x0,
    0x3f, 0xff, 0xff, 0xff, 0xff, 0xfc, 0x0, 0x0,
    0x3f, 0xff, 0xf9, 0x0, 0x0, 0x0, 0x0, 0x0,
    0x3f, 0xff, 0xf9, 0x0, 0x0, 0x0, 0x0, 0x0,
    0x3f, 0xff, 0xf9, 0x0, 0x0, 0x0, 0x0, 0x0,
    0x3f, 0xff, 0xf9, 0x0, 0x0, 0x0, 0x0, 0x0,
    0x3f, 0xff, 0xf9, 0x0, 0x0, 0x0, 0x0, 0x0,
    0x3f, 0xff, 0xf9, 0x0, 0x0, 0x0, 0x0, 0x0,
    0x3f, 0xff, 0xf9, 0x0, 0x0, 0x0, 0x0, 0x0,
    0x3f, 0xff, 0xf9, 0x0, 0x0, 0x0, 0x0, 0x0,
    0x3f, 0xff, 0xf9, 0x0, 0x0, 0x0, 0x0, 0x0,
    0x2f, 0xff, 0xf8, 0x0, 0x0, 0x0, 0x0, 0x0,

    /* U+0047 "G" */
    0x0, 0x0, 0x39, 0xde, 0xfd, 0xb5, 0x0, 0x0,
    0x0, 0x1a, 0xff, 0xff, 0xff, 0xff, 0xd3, 0x0,
    0x0, 0xdf, 0xff, 0xff, 0xff, 0xff, 0xff, 0x40,
    0x9, 0xff, 0xff, 0xff, 0xff, 0xff, 0xff, 0xe1,
    0x1f, 0xff, 0xff, 0xa4, 0x37, 0xff, 0xff, 0xf7,
    0x6f, 0xff, 0xfa, 0x0, 0x0, 0x5f, 0xff, 0xfc,
    0x8f, 0xff, 0xf4, 0x0, 0x0, 0xe, 0xff, 0xfe,
    0x9f, 0xff, 0xf2, 0x0, 0x0, 0xd, 0xff, 0xff,
    0x9f, 0xff, 0xf2, 0x0, 0x0, 0x1, 0x33, 0x32,
    0x9f, 0xff, 0xf2, 0x0, 0x0, 0x0, 0x0, 0x0,
    0x9f, 0xff, 0xf2, 0x0, 0x0, 0x0, 0x0, 0x0,
    0x9f, 0xff, 0xf2, 0x0, 0xff, 0xff, 0xff, 0xfe,
    0x9f, 0xff, 0xf2, 0x0, 0xff, 0xff, 0xff, 0xff,
    0x9f, 0xff, 0xf2, 0x0, 0xff, 0xff, 0xff, 0xff,
    0x9f, 0xff, 0xf2, 0x0, 0xef, 0xff, 0xff, 0xff,
    0x9f, 0xff, 0xf2, 0x0, 0x0, 0xc, 0xff, 0xff,
    0x9f, 0xff, 0xf2, 0x0, 0x0, 0xc, 0xff, 0xff,
    0x8f, 0xff, 0xf4, 0x0, 0x0, 0xd, 0xff, 0xfe,
    0x6f, 0xff, 0xfb, 0x0, 0x0, 0x3f, 0xff, 0xfc,
    0x1f, 0xff, 0xff, 0xb4, 0x36, 0xef, 0xff, 0xf7,
    0x9, 0xff, 0xff, 0xff, 0xff, 0xff, 0xff, 0xf1,
    0x0, 0xdf, 0xff, 0xff, 0xff, 0xff, 0xff, 0x50,
    0x0, 0x1a, 0xff, 0xff, 0xff, 0xff, 0xe4, 0x0,
    0x0, 0x0, 0x39, 0xde, 0xfe, 0xb6, 0x0, 0x0,

    /* U+0048 "H" */
    0x2f, 0xff, 0xf8, 0x0, 0x0, 0x9, 0xff, 0xff,
    0x23, 0xff, 0xff, 0x90, 0x0, 0x0, 0xaf, 0xff,
    0xf2, 0x3f, 0xff, 0xf9, 0x0, 0x0, 0xa, 0xff,
    0xff, 0x23, 0xff, 0xff, 0x90, 0x0, 0x0, 0xaf,
    0xff, 0xf2, 0x3f, 0xff, 0xf9, 0x0, 0x0, 0xa,
    0xff, 0xff, 0x23, 0xff, 0xff, 0x90, 0x0, 0x0,
    0xaf, 0xff, 0xf2, 0x3f, 0xff, 0xf9, 0x0, 0x0,
    0xa, 0xff, 0xff, 0x23, 0xff, 0xff, 0x90, 0x0,
    0x0, 0xaf, 0xff, 0xf2, 0x3f, 0xff, 0xf9, 0x0,
    0x0, 0xa, 0xff, 0xff, 0x23, 0xff, 0xff, 0xb3,
    0x33, 0x33, 0xbf, 0xff, 0xf2, 0x3f, 0xff, 0xff,
    0xff, 0xff, 0xff, 0xff, 0xff, 0x23, 0xff, 0xff,
    0xff, 0xff, 0xff, 0xff, 0xff, 0xf2, 0x3f, 0xff,
    0xff, 0xff, 0xff, 0xff, 0xff, 0xff, 0x23, 0xff,
    0xff, 0xff, 0xff, 0xff, 0xff, 0xff, 0xf2, 0x3f,
    0xff, 0xf9, 0x0, 0x0, 0xa, 0xff, 0xff, 0x23,
    0xff, 0xff, 0x90, 0x0, 0x0, 0xaf, 0xff, 0xf2,
    0x3f, 0xff, 0xf9, 0x0, 0x0, 0xa, 0xff, 0xff,
    0x23, 0xff, 0xff, 0x90, 0x0, 0x0, 0xaf, 0xff,
    0xf2, 0x3f, 0xff, 0xf9, 0x0, 0x0, 0xa, 0xff,
    0xff, 0x23, 0xff, 0xff, 0x90, 0x0, 0x0, 0xaf,
    0xff, 0xf2, 0x3f, 0xff, 0xf9, 0x0, 0x0, 0xa,
    0xff, 0xff, 0x23, 0xff, 0xff, 0x90, 0x0, 0x0,
    0xaf, 0xff, 0xf2, 0x3f, 0xff, 0xf9, 0x0, 0x0,
    0xa, 0xff, 0xff, 0x22, 0xff, 0xff, 0x80, 0x0,
    0x0, 0x9f, 0xff, 0xf2,

    /* U+0049 "I" */
    0x2f, 0xff, 0xf8, 0x3f, 0xff, 0xf9, 0x3f, 0xff,
    0xf9, 0x3f, 0xff, 0xf9, 0x3f, 0xff, 0xf9, 0x3f,
    0xff, 0xf9, 0x3f, 0xff, 0xf9, 0x3f, 0xff, 0xf9,
    0x3f, 0xff, 0xf9, 0x3f, 0xff, 0xf9, 0x3f, 0xff,
    0xf9, 0x3f, 0xff, 0xf9, 0x3f, 0xff, 0xf9, 0x3f,
    0xff, 0xf9, 0x3f, 0xff, 0xf9, 0x3f, 0xff, 0xf9,
    0x3f, 0xff, 0xf9, 0x3f, 0xff, 0xf9, 0x3f, 0xff,
    0xf9, 0x3f, 0xff, 0xf9, 0x3f, 0xff, 0xf9, 0x3f,
    0xff, 0xf9, 0x3f, 0xff, 0xf9, 0x2f, 0xff, 0xf8,

    /* U+004A "J" */
    0x0, 0x0, 0x0, 0x0, 0x0, 0xe, 0xff, 0xfc,
    0x0, 0x0, 0x0, 0x0, 0x0, 0xf, 0xff, 0xfd,
    0x0, 0x0, 0x0, 0x0, 0x0, 0xf, 0xff, 0xfd,
    0x0, 0x0, 0x0, 0x0, 0x0, 0xf, 0xff, 0xfd,
    0x0, 0x0, 0x0, 0x0, 0x0, 0xf, 0xff, 0xfd,
    0x0, 0x0, 0x0, 0x0, 0x0, 0xf, 0xff, 0xfd,
    0x0, 0x0, 0x0, 0x0, 0x0, 0xf, 0xff, 0xfd,
    0x0, 0x0, 0x0, 0x0, 0x0, 0xf, 0xff, 0xfd,
    0x0, 0x0, 0x0, 0x0, 0x0, 0xf, 0xff, 0xfd,
    0x0, 0x0, 0x0, 0x0, 0x0, 0xf, 0xff, 0xfd,
    0x0, 0x0, 0x0, 0x0, 0x0, 0xf, 0xff, 0xfd,
    0x0, 0x0, 0x0, 0x0, 0x0, 0xf, 0xff, 0xfd,
    0x0, 0x0, 0x0, 0x0, 0x0, 0xf, 0xff, 0xfd,
    0x0, 0x0, 0x0, 0x0, 0x0, 0xf, 0xff, 0xfd,
    0x4b, 0xbb, 0xb3, 0x0, 0x0, 0xf, 0xff, 0xfd,
    0x7f, 0xff, 0xf5, 0x0, 0x0, 0xf, 0xff, 0xfd,
    0x7f, 0xff, 0xf5, 0x0, 0x0, 0xf, 0xff, 0xfc,
    0x6f, 0xff, 0xf6, 0x0, 0x0, 0x1f, 0xff, 0xfb,
    0x4f, 0xff, 0xfc, 0x0, 0x0, 0x7f, 0xff, 0xf9,
    0xe, 0xff, 0xff, 0xb4, 0x38, 0xff, 0xff, 0xf5,
    0x8, 0xff, 0xff, 0xff, 0xff, 0xff, 0xff, 0xd0,
    0x0, 0xcf, 0xff, 0xff, 0xff, 0xff, 0xff, 0x30,
    0x0, 0x1a, 0xff, 0xff, 0xff, 0xff, 0xd3, 0x0,
    0x0, 0x0, 0x39, 0xde, 0xfd, 0xb5, 0x0, 0x0,

    /* U+004B "K" */
    0x2f, 0xff, 0xf8, 0x0, 0x0, 0x4, 0xff, 0xff,
    0xe0, 0x3f, 0xff, 0xf9, 0x0, 0x0, 0xd, 0xff,
    0xff, 0x50, 0x3f, 0xff, 0xf9, 0x0, 0x0, 0x9f,
    0xff, 0xfb, 0x0, 0x3f, 0xff, 0xf9, 0x0, 0x3,
    0xff, 0xff, 0xf2, 0x0, 0x3f, 0xff, 0xf9, 0x0,
    0xd, 0xff, 0xff, 0x70, 0x0, 0x3f, 0xff, 0xf9,
    0x0, 0x8f, 0xff, 0xfc, 0x0, 0x0, 0x3f, 0xff,
    0xf9, 0x3, 0xff, 0xff, 0xf3, 0x0, 0x0, 0x3f,
    0xff, 0xf9, 0xd, 0xff, 0xff, 0x80, 0x0, 0x0,
    0x3f, 0xff, 0xf9, 0x7f, 0xff, 0xfd, 0x0, 0x0,
    0x0, 0x3f, 0xff, 0xfc, 0xff, 0xff, 0xf4, 0x0,
    0x0, 0x0, 0x3f, 0xff, 0xff, 0xff, 0xff, 0xd0,
    0x0, 0x0, 0x0, 0x3f, 0xff, 0xff, 0xff, 0xff,
    0xf3, 0x0, 0x0, 0x0, 0x3f, 0xff, 0xff, 0xff,
    0xff, 0xfb, 0x0, 0x0, 0x0, 0x3f, 0xff, 0xff,
    0xff, 0xff, 0xff, 0x30, 0x0, 0x0, 0x3f, 0xff,
    0xff, 0xe9, 0xff, 0xff, 0xc0, 0x0, 0x0, 0x3f,
    0xff, 0xff, 0x50, 0xef, 0xff, 0xf4, 0x0, 0x0,
    0x3f, 0xff, 0xfb, 0x0, 0x6f, 0xff, 0xfc, 0x0,
    0x0, 0x3f, 0xff, 0xf9, 0x0, 0xe, 0xff, 0xff,
    0x40, 0x0, 0x3f, 0xff, 0xf9, 0x0, 0x6, 0xff,
    0xff, 0xc0, 0x0, 0x3f, 0xff, 0xf9, 0x0, 0x0,
    0xdf, 0xff, 0xf5, 0x0, 0x3f, 0xff, 0xf9, 0x0,
    0x0, 0x6f, 0xff, 0xfd, 0x0, 0x3f, 0xff, 0xf9,
    0x0, 0x0, 0xd, 0xff, 0xff, 0x50, 0x3f, 0xff,
    0xf9, 0x0, 0x0, 0x5, 0xff, 0xff, 0xd0, 0x2f,
    0xff, 0xf8, 0x0, 0x0, 0x0, 0xcf, 0xff, 0xf5,

    /* U+004C "L" */
    0x2f, 0xff, 0xf8, 0x0, 0x0, 0x0, 0x0, 0x0,
    0x3f, 0xff, 0xf9, 0x0, 0x0, 0x0, 0x0, 0x0,
    0x3f, 0xff, 0xf9, 0x0, 0x0, 0x0, 0x0, 0x0,
    0x3f, 0xff, 0xf9, 0x0, 0x0, 0x0, 0x0, 0x0,
    0x3f, 0xff, 0xf9, 0x0, 0x0, 0x0, 0x0, 0x0,
    0x3f, 0xff, 0xf9, 0x0, 0x0, 0x0, 0x0, 0x0,
    0x3f, 0xff, 0xf9, 0x0, 0x0, 0x0, 0x0, 0x0,
    0x3f, 0xff, 0xf9, 0x0, 0x0, 0x0, 0x0, 0x0,
    0x3f, 0xff, 0xf9, 0x0, 0x0, 0x0, 0x0, 0x0,
    0x3f, 0xff, 0xf9, 0x0, 0x0, 0x0, 0x0, 0x0,
    0x3f, 0xff, 0xf9, 0x0, 0x0, 0x0, 0x0, 0x0,
    0x3f, 0xff, 0xf9, 0x0, 0x0, 0x0, 0x0, 0x0,
    0x3f, 0xff, 0xf9, 0x0, 0x0, 0x0, 0x0, 0x0,
    0x3f, 0xff, 0xf9, 0x0, 0x0, 0x0, 0x0, 0x0,
    0x3f, 0xff, 0xf9, 0x0, 0x0, 0x0, 0x0, 0x0,
    0x3f, 0xff, 0xf9, 0x0, 0x0, 0x0, 0x0, 0x0,
    0x3f, 0xff, 0xf9, 0x0, 0x0, 0x0, 0x0, 0x0,
    0x3f, 0xff, 0xf9, 0x0, 0x0, 0x0, 0x0, 0x0,
    0x3f, 0xff, 0xf9, 0x0, 0x0, 0x0, 0x0, 0x0,
    0x3f, 0xff, 0xfa, 0x22, 0x22, 0x22, 0x22, 0x20,
    0x3f, 0xff, 0xff, 0xff, 0xff, 0xff, 0xff, 0xf4,
    0x3f, 0xff, 0xff, 0xff, 0xff, 0xff, 0xff, 0xf4,
    0x3f, 0xff, 0xff, 0xff, 0xff, 0xff, 0xff, 0xf4,
    0x2f, 0xff, 0xff, 0xff, 0xff, 0xff, 0xff, 0xf3,

    /* U+004D "M" */
    0x3f, 0xff, 0xfa, 0x0, 0x0, 0x0, 0x3, 0xff,
    0xff, 0xa4, 0xff, 0xff, 0xf4, 0x0, 0x0, 0x0,
    0xdf, 0xff, 0xfb, 0x4f, 0xff, 0xff, 0xd0, 0x0,
    0x0, 0x6f, 0xff, 0xff, 0xb4, 0xff, 0xff, 0xff,
    0x70, 0x0, 0x1f, 0xff, 0xff, 0xfb, 0x4f, 0xff,
    0xff, 0xff, 0x20, 0x9, 0xff, 0xff, 0xff, 0xb4,
    0xff, 0xff, 0xff, 0xfb, 0x3, 0xff, 0xff, 0xff,
    0xfb, 0x4f, 0xff, 0xff, 0xff, 0xf4, 0xcf, 0xff,
    0xff, 0xff, 0xb4, 0xff, 0xff, 0xff, 0xff, 0xff,
    0xff, 0xff, 0xff, 0xfb, 0x4f, 0xff, 0xfb, 0xff,
    0xff, 0xff, 0xfb, 0xff, 0xff, 0xb4, 0xff, 0xff,
    0x88, 0xff, 0xff, 0xfe, 0x2f, 0xff, 0xfb, 0x4f,
    0xff, 0xf8, 0xe, 0xff, 0xff, 0x61, 0xff, 0xff,
    0xb4, 0xff, 0xff, 0x80, 0x5f, 0xff, 0xc0, 0x1f,
    0xff, 0xfb, 0x4f, 0xff, 0xf8, 0x0, 0xbf, 0xf3,
    0x1, 0xff, 0xff, 0xb4, 0xff, 0xff, 0x80, 0x2,
    0xc8, 0x0, 0x1f, 0xff, 0xfb, 0x4f, 0xff, 0xf8,
    0x0, 0x0, 0x0, 0x1, 0xff, 0xff, 0xb4, 0xff,
    0xff, 0x80, 0x0, 0x0, 0x0, 0x1f, 0xff, 0xfb,
    0x4f, 0xff, 0xf8, 0x0, 0x0, 0x0, 0x1, 0xff,
    0xff, 0xb4, 0xff, 0xff, 0x80, 0x0, 0x0, 0x0,
    0x1f, 0xff, 0xfb, 0x4f, 0xff, 0xf8, 0x0, 0x0,
    0x0, 0x1, 0xff, 0xff, 0xb4, 0xff, 0xff, 0x80,
    0x0, 0x0, 0x0, 0x1f, 0xff, 0xfb, 0x4f, 0xff,
    0xf8, 0x0, 0x0, 0x0, 0x1, 0xff, 0xff, 0xb4,
    0xff, 0xff, 0x80, 0x0, 0x0, 0x0, 0x1f, 0xff,
    0xfb, 0x4f, 0xff, 0xf8, 0x0, 0x0, 0x0, 0x1,
    0xff, 0xff, 0xb3, 0xff, 0xff, 0x70, 0x0, 0x0,
    0x0, 0xf, 0xff, 0xfa,

    /* U+004E "N" */
    0x2f, 0xff, 0xfd, 0x0, 0x0, 0x0, 0x7f, 0xff,
    0xf3, 0x3f, 0xff, 0xff, 0x50, 0x0, 0x0, 0x8f,
    0xff, 0xf4, 0x3f, 0xff, 0xff, 0xd0, 0x0, 0x0,
    0x8f, 0xff, 0xf4, 0x3f, 0xff, 0xff, 0xf4, 0x0,
    0x0, 0x8f, 0xff, 0xf4, 0x3f, 0xff, 0xff, 0xfb,
    0x0, 0x0, 0x8f, 0xff, 0xf4, 0x3f, 0xff, 0xff,
    0xff, 0x30, 0x0, 0x8f, 0xff, 0xf4, 0x3f, 0xff,
    0xff, 0xff, 0xa0, 0x0, 0x8f, 0xff, 0xf4, 0x3f,
    0xff, 0xff, 0xff, 0xf2, 0x0, 0x8f, 0xff, 0xf4,
    0x3f, 0xff, 0xff, 0xff, 0xf9, 0x0, 0x8f, 0xff,
    0xf4, 0x3f, 0xff, 0xfe, 0xff, 0xff, 0x10, 0x8f,
    0xff, 0xf4, 0x3f, 0xff, 0xf8, 0xdf, 0xff, 0x80,
    0x8f, 0xff, 0xf4, 0x3f, 0xff, 0xf8, 0x6f, 0xff,
    0xe0, 0x8f, 0xff, 0xf4, 0x3f, 0xff, 0xf8, 0xe,
    0xff, 0xf7, 0x8f, 0xff, 0xf4, 0x3f, 0xff, 0xf8,
    0x7, 0xff, 0xfe, 0x8f, 0xff, 0xf4, 0x3f, 0xff,
    0xf8, 0x1, 0xff, 0xff, 0xef, 0xff, 0xf4, 0x3f,
    0xff, 0xf8, 0x0, 0x9f, 0xff, 0xff, 0xff, 0xf4,
    0x3f, 0xff, 0xf8, 0x0, 0x1f, 0xff, 0xff, 0xff,
    0xf4, 0x3f, 0xff, 0xf8, 0x0, 0xa, 0xff, 0xff,
    0xff, 0xf4, 0x3f, 0xff, 0xf8, 0x0, 0x2, 0xff,
    0xff, 0xff, 0xf4, 0x3f, 0xff, 0xf8, 0x0, 0x0,
    0xbf, 0xff, 0xff, 0xf4, 0x3f, 0xff, 0xf8, 0x0,
    0x0, 0x4f, 0xff, 0xff, 0xf4, 0x3f, 0xff, 0xf8,
    0x0, 0x0, 0xc, 0xff, 0xff, 0xf4, 0x3f, 0xff,
    0xf8, 0x0, 0x0, 0x5, 0xff, 0xff, 0xf4, 0x2f,
    0xff, 0xf8, 0x0, 0x0, 0x0, 0xdf, 0xff, 0xf3,

    /* U+004F "O" */
    0x0, 0x0, 0x38, 0xce, 0xfd, 0xb6, 0x0, 0x0,
    0x0, 0x0, 0x9f, 0xff, 0xff, 0xff, 0xfe, 0x40,
    0x0, 0x0, 0xcf, 0xff, 0xff, 0xff, 0xff, 0xff,
    0x50, 0x0, 0x8f, 0xff, 0xff, 0xff, 0xff, 0xff,
    0xff, 0x20, 0xf, 0xff, 0xff, 0xc5, 0x37, 0xef,
    0xff, 0xf9, 0x5, 0xff, 0xff, 0xc0, 0x0, 0x3,
    0xff, 0xff, 0xf0, 0x7f, 0xff, 0xf5, 0x0, 0x0,
    0xc, 0xff, 0xff, 0x19, 0xff, 0xff, 0x30, 0x0,
    0x0, 0x9f, 0xff, 0xf2, 0x9f, 0xff, 0xf3, 0x0,
    0x0, 0x9, 0xff, 0xff, 0x39, 0xff, 0xff, 0x30,
    0x0, 0x0, 0x9f, 0xff, 0xf3, 0x9f, 0xff, 0xf3,
    0x0, 0x0, 0x9, 0xff, 0xff, 0x39, 0xff, 0xff,
    0x30, 0x0, 0x0, 0x9f, 0xff, 0xf3, 0x9f, 0xff,
    0xf3, 0x0, 0x0, 0x9, 0xff, 0xff, 0x39, 0xff,
    0xff, 0x30, 0x0, 0x0, 0x9f, 0xff, 0xf3, 0x9f,
    0xff, 0xf3, 0x0, 0x0, 0x9, 0xff, 0xff, 0x39,
    0xff, 0xff, 0x30, 0x0, 0x0, 0x9f, 0xff, 0xf3,
    0x9f, 0xff, 0xf3, 0x0, 0x0, 0x9, 0xff, 0xff,
    0x27, 0xff, 0xff, 0x50, 0x0, 0x0, 0xcf, 0xff,
    0xf1, 0x5f, 0xff, 0xfc, 0x0, 0x0, 0x3f, 0xff,
    0xfe, 0x0, 0xff, 0xff, 0xfb, 0x43, 0x6e, 0xff,
    0xff, 0x90, 0x8, 0xff, 0xff, 0xff, 0xff, 0xff,
    0xff, 0xf2, 0x0, 0xc, 0xff, 0xff, 0xff, 0xff,
    0xff, 0xf5, 0x0, 0x0, 0x9, 0xff, 0xff, 0xff,
    0xff, 0xe4, 0x0, 0x0, 0x0, 0x3, 0x8c, 0xef,
    0xdb, 0x60, 0x0, 0x0,

    /* U+0050 "P" */
    0x4f, 0xff, 0xff, 0xff, 0xff, 0xda, 0x30, 0x0,
    0x4, 0xff, 0xff, 0xff, 0xff, 0xff, 0xff, 0x90,
    0x0, 0x4f, 0xff, 0xff, 0xff, 0xff, 0xff, 0xff,
    0xa0, 0x4, 0xff, 0xff, 0xff, 0xff, 0xff, 0xff,
    0xff, 0x40, 0x4f, 0xff, 0xf9, 0x33, 0x36, 0xef,
    0xff, 0xfb, 0x4, 0xff, 0xff, 0x80, 0x0, 0x2,
    0xff, 0xff, 0xf0, 0x4f, 0xff, 0xf8, 0x0, 0x0,
    0xb, 0xff, 0xff, 0x24, 0xff, 0xff, 0x80, 0x0,
    0x0, 0x8f, 0xff, 0xf3, 0x4f, 0xff, 0xf8, 0x0,
    0x0, 0xa, 0xff, 0xff, 0x24, 0xff, 0xff, 0x80,
    0x0, 0x1, 0xef, 0xff, 0xf0, 0x4f, 0xff, 0xf8,
    0x0, 0x3, 0xcf, 0xff, 0xfb, 0x4, 0xff, 0xff,
    0xff, 0xff, 0xff, 0xff, 0xff, 0x40, 0x4f, 0xff,
    0xff, 0xff, 0xff, 0xff, 0xff, 0x90, 0x4, 0xff,
    0xff, 0xff, 0xff, 0xff, 0xff, 0x80, 0x0, 0x4f,
    0xff, 0xff, 0xdd, 0xdd, 0xb8, 0x20, 0x0, 0x4,
    0xff, 0xff, 0x80, 0x0, 0x0, 0x0, 0x0, 0x0,
    0x4f, 0xff, 0xf8, 0x0, 0x0, 0x0, 0x0, 0x0,
    0x4, 0xff, 0xff, 0x80, 0x0, 0x0, 0x0, 0x0,
    0x0, 0x4f, 0xff, 0xf8, 0x0, 0x0, 0x0, 0x0,
    0x0, 0x4, 0xff, 0xff, 0x80, 0x0, 0x0, 0x0,
    0x0, 0x0, 0x4f, 0xff, 0xf8, 0x0, 0x0, 0x0,
    0x0, 0x0, 0x4, 0xff, 0xff, 0x80, 0x0, 0x0,
    0x0, 0x0, 0x0, 0x4f, 0xff, 0xf8, 0x0, 0x0,
    0x0, 0x0, 0x0, 0x4, 0xff, 0xff, 0x70, 0x0,
    0x0, 0x0, 0x0, 0x0,

    /* U+0051 "Q" */
    0x0, 0x0, 0x3a, 0xdf, 0xed, 0x93, 0x0, 0x0,
    0x0, 0xa, 0xff, 0xff, 0xff, 0xff, 0x90, 0x0,
    0x0, 0xcf, 0xff, 0xff, 0xff, 0xff, 0xfb, 0x0,
    0x8, 0xff, 0xff, 0xff, 0xff, 0xff, 0xff, 0x70,
    0xf, 0xff, 0xff, 0xa4, 0x4b, 0xff, 0xff, 0xe0,
    0x6f, 0xff, 0xfa, 0x0, 0x0, 0xbf, 0xff, 0xf5,
    0x8f, 0xff, 0xf4, 0x0, 0x0, 0x4f, 0xff, 0xf8,
    0xaf, 0xff, 0xf1, 0x0, 0x0, 0x2f, 0xff, 0xf9,
    0xbf, 0xff, 0xf1, 0x0, 0x0, 0x2f, 0xff, 0xfa,
    0xbf, 0xff, 0xf1, 0x0, 0x0, 0x2f, 0xff, 0xfa,
    0xbf, 0xff, 0xf1, 0x0, 0x0, 0x2f, 0xff, 0xfa,
    0xbf, 0xff, 0xf1, 0x0, 0x0, 0x2f, 0xff, 0xfa,
    0xbf, 0xff, 0xf1, 0x0, 0x0, 0x2f, 0xff, 0xfa,
    0xbf, 0xff, 0xf1, 0x0, 0x0, 0x2f, 0xff, 0xfa,
    0xbf, 0xff, 0xf1, 0x0, 0x0, 0x2f, 0xff, 0xfa,
    0xbf, 0xff, 0xf1, 0x0, 0x0, 0x2f, 0xff, 0xfa,
    0xbf, 0xff, 0xf1, 0x0, 0x0, 0x2f, 0xff, 0xfa,
    0xaf, 0xff, 0xf1, 0x0, 0x0, 0x2f, 0xff, 0xfa,
    0x9f, 0xff, 0xf4, 0x0, 0x0, 0x5f, 0xff, 0xf8,
    0x6f, 0xff, 0xfb, 0x0, 0x0, 0xcf, 0xff, 0xf5,
    0x1f, 0xff, 0xff, 0xb5, 0x5c, 0xff, 0xff, 0xf0,
    0x8, 0xff, 0xff, 0xff, 0xff, 0xff, 0xff, 0x80,
    0x0, 0xcf, 0xff, 0xff, 0xff, 0xff, 0xfb, 0x0,
    0x0, 0xa, 0xff, 0xff, 0xff, 0xff, 0x90, 0x0,
    0x0, 0x0, 0x3b, 0xff, 0xff, 0xa2, 0x0, 0x0,
    0x0, 0x0, 0x7, 0xff, 0xff, 0x50, 0x0, 0x0,
    0x0, 0x0, 0x7, 0xff, 0xff, 0x50, 0x0, 0x0,
    0x0, 0x0, 0x6, 0xff, 0xff, 0x50, 0x0, 0x0,

    /* U+0052 "R" */
    0x2f, 0xff, 0xff, 0xff, 0xff, 0xeb, 0x50, 0x0,
    0x3, 0xff, 0xff, 0xff, 0xff, 0xff, 0xff, 0xb1,
    0x0, 0x3f, 0xff, 0xff, 0xff, 0xff, 0xff, 0xff,
    0xc0, 0x3, 0xff, 0xff, 0xff, 0xff, 0xff, 0xff,
    0xff, 0x70, 0x3f, 0xff, 0xfa, 0x22, 0x25, 0xcf,
    0xff, 0xfd, 0x3, 0xff, 0xff, 0x90, 0x0, 0x0,
    0xef, 0xff, 0xf2, 0x3f, 0xff, 0xf9, 0x0, 0x0,
    0x9, 0xff, 0xff, 0x43, 0xff, 0xff, 0x90, 0x0,
    0x0, 0x8f, 0xff, 0xf4, 0x3f, 0xff, 0xf9, 0x0,
    0x0, 0xb, 0xff, 0xff, 0x33, 0xff, 0xff, 0x90,
    0x0, 0x6, 0xff, 0xff, 0xf0, 0x3f, 0xff, 0xfe,
    0xbb, 0xbd, 0xff, 0xff, 0xf9, 0x3, 0xff, 0xff,
    0xff, 0xff, 0xff, 0xff, 0xfe, 0x10, 0x3f, 0xff,
    0xff, 0xff, 0xff, 0xff, 0xfd, 0x20, 0x3, 0xff,
    0xff, 0xff, 0xff, 0xff, 0xfc, 0x0, 0x0, 0x3f,
    0xff, 0xf9, 0x0, 0xcf, 0xff, 0xe0, 0x0, 0x3,
    0xff, 0xff, 0x90, 0x6, 0xff, 0xff, 0x50, 0x0,
    0x3f, 0xff, 0xf9, 0x0, 0x1f, 0xff, 0xfb, 0x0,
    0x3, 0xff, 0xff, 0x90, 0x0, 0xbf, 0xff, 0xf1,
    0x0, 0x3f, 0xff, 0xf9, 0x0, 0x5, 0xff, 0xff,
    0x80, 0x3, 0xff, 0xff, 0x90, 0x0, 0xf, 0xff,
    0xfe, 0x0, 0x3f, 0xff, 0xf9, 0x0, 0x0, 0xaf,
    0xff, 0xf4, 0x3, 0xff, 0xff, 0x90, 0x0, 0x4,
    0xff, 0xff, 0xa0, 0x3f, 0xff, 0xf9, 0x0, 0x0,
    0xe, 0xff, 0xff, 0x12, 0xff, 0xff, 0x80, 0x0,
    0x0, 0x8f, 0xff, 0xf6,

    /* U+0053 "S" */
    0x0, 0x1, 0x7b, 0xef, 0xed, 0x83, 0x0, 0x0,
    0x0, 0x6e, 0xff, 0xff, 0xff, 0xff, 0x90, 0x0,
    0x6, 0xff, 0xff, 0xff, 0xff, 0xff, 0xfc, 0x0,
    0x1f, 0xff, 0xff, 0xff, 0xff, 0xff, 0xff, 0x80,
    0x7f, 0xff, 0xfd, 0x53, 0x5b, 0xff, 0xff, 0xf0,
    0xaf, 0xff, 0xf3, 0x0, 0x0, 0xbf, 0xff, 0xf4,
    0xbf, 0xff, 0xf0, 0x0, 0x0, 0x5f, 0xff, 0xf6,
    0xaf, 0xff, 0xf3, 0x0, 0x0, 0x3e, 0xff, 0xf6,
    0x6f, 0xff, 0xfd, 0x20, 0x0, 0x0, 0x0, 0x0,
    0xe, 0xff, 0xff, 0xf9, 0x10, 0x0, 0x0, 0x0,
    0x3, 0xff, 0xff, 0xff, 0xf8, 0x10, 0x0, 0x0,
    0x0, 0x3e, 0xff, 0xff, 0xff, 0xe6, 0x0, 0x0,
    0x0, 0x1, 0x9f, 0xff, 0xff, 0xff, 0xc2, 0x0,
    0x0, 0x0, 0x2, 0xaf, 0xff, 0xff, 0xfe, 0x20,
    0x0, 0x0, 0x0, 0x3, 0xbf, 0xff, 0xff, 0xc0,
    0x0, 0x0, 0x0, 0x0, 0x5, 0xff, 0xff, 0xf4,
    0xbe, 0xee, 0xb0, 0x0, 0x0, 0x6f, 0xff, 0xf7,
    0xdf, 0xff, 0xe0, 0x0, 0x0, 0x3f, 0xff, 0xf9,
    0xbf, 0xff, 0xf4, 0x0, 0x0, 0x7f, 0xff, 0xf7,
    0x7f, 0xff, 0xff, 0x84, 0x37, 0xff, 0xff, 0xf4,
    0x1f, 0xff, 0xff, 0xff, 0xff, 0xff, 0xff, 0xd0,
    0x5, 0xff, 0xff, 0xff, 0xff, 0xff, 0xff, 0x30,
    0x0, 0x5e, 0xff, 0xff, 0xff, 0xff, 0xd3, 0x0,
    0x0, 0x0, 0x6b, 0xdf, 0xfe, 0xa5, 0x0, 0x0,

    /* U+0054 "T" */
    0x1f, 0xff, 0xff, 0xff, 0xff, 0xff, 0xff, 0xff,
    0xf1, 0xff, 0xff, 0xff, 0xff, 0xff, 0xff, 0xff,
    0xff, 0x1f, 0xff, 0xff, 0xff, 0xff, 0xff, 0xff,
    0xff, 0xf1, 0xff, 0xff, 0xff, 0xff, 0xff, 0xff,
    0xff, 0xff, 0x3, 0x33, 0x33, 0xaf, 0xff, 0xf6,
    0x33, 0x33, 0x20, 0x0, 0x0, 0x8, 0xff, 0xff,
    0x40, 0x0, 0x0, 0x0, 0x0, 0x0, 0x8f, 0xff,
    0xf4, 0x0, 0x0, 0x0, 0x0, 0x0, 0x8, 0xff,
    0xff, 0x40, 0x0, 0x0, 0x0, 0x0, 0x0, 0x8f,
    0xff, 0xf4, 0x0, 0x0, 0x0, 0x0, 0x0, 0x8,
    0xff, 0xff, 0x40, 0x0, 0x0, 0x0, 0x0, 0x0,
    0x8f, 0xff, 0xf4, 0x0, 0x0, 0x0, 0x0, 0x0,
    0x8, 0xff, 0xff, 0x40, 0x0, 0x0, 0x0, 0x0,
    0x0, 0x8f, 0xff, 0xf4, 0x0, 0x0, 0x0, 0x0,
    0x0, 0x8, 0xff, 0xff, 0x40, 0x0, 0x0, 0x0,
    0x0, 0x0, 0x8f, 0xff, 0xf4, 0x0, 0x0, 0x0,
    0x0, 0x0, 0x8, 0xff, 0xff, 0x40, 0x0, 0x0,
    0x0, 0x0, 0x0, 0x8f, 0xff, 0xf4, 0x0, 0x0,
    0x0, 0x0, 0x0, 0x8, 0xff, 0xff, 0x40, 0x0,
    0x0, 0x0, 0x0, 0x0, 0x8f, 0xff, 0xf4, 0x0,
    0x0, 0x0, 0x0, 0x0, 0x8, 0xff, 0xff, 0x40,
    0x0, 0x0, 0x0, 0x0, 0x0, 0x8f, 0xff, 0xf4,
    0x0, 0x0, 0x0, 0x0, 0x0, 0x8, 0xff, 0xff,
    0x40, 0x0, 0x0, 0x0, 0x0, 0x0, 0x8f, 0xff,
    0xf4, 0x0, 0x0, 0x0, 0x0, 0x0, 0x7, 0xff,
    0xff, 0x30, 0x0, 0x0,

    /* U+0055 "U" */
    0x5f, 0xff, 0xf5, 0x0, 0x0, 0x8, 0xff, 0xff,
    0x26, 0xff, 0xff, 0x60, 0x0, 0x0, 0x9f, 0xff,
    0xf3, 0x6f, 0xff, 0xf6, 0x0, 0x0, 0x9, 0xff,
    0xff, 0x36, 0xff, 0xff, 0x60, 0x0, 0x0, 0x9f,
    0xff, 0xf3, 0x6f, 0xff, 0xf6, 0x0, 0x0, 0x9,
    0xff, 0xff, 0x36, 0xff, 0xff, 0x60, 0x0, 0x0,
    0x9f, 0xff, 0xf3, 0x6f, 0xff, 0xf6, 0x0, 0x0,
    0x9, 0xff, 0xff, 0x36, 0xff, 0xff, 0x60, 0x0,
    0x0, 0x9f, 0xff, 0xf3, 0x6f, 0xff, 0xf6, 0x0,
    0x0, 0x9, 0xff, 0xff, 0x36, 0xff, 0xff, 0x60,
    0x0, 0x0, 0x9f, 0xff, 0xf3, 0x6f, 0xff, 0xf6,
    0x0, 0x0, 0x9, 0xff, 0xff, 0x36, 0xff, 0xff,
    0x60, 0x0, 0x0, 0x9f, 0xff, 0xf3, 0x6f, 0xff,
    0xf6, 0x0, 0x0, 0x9, 0xff, 0xff, 0x36, 0xff,
    0xff, 0x60, 0x0, 0x0, 0x9f, 0xff, 0xf3, 0x6f,
    0xff, 0xf6, 0x0, 0x0, 0x9, 0xff, 0xff, 0x36,
    0xff, 0xff, 0x60, 0x0, 0x0, 0x9f, 0xff, 0xf3,
    0x5f, 0xff, 0xf6, 0x0, 0x0, 0x9, 0xff, 0xff,
    0x24, 0xff, 0xff, 0x80, 0x0, 0x0, 0xbf, 0xff,
    0xf1, 0x1f, 0xff, 0xfe, 0x0, 0x0, 0x2f, 0xff,
    0xfe, 0x0, 0xcf, 0xff, 0xfd, 0x53, 0x6e, 0xff,
    0xff, 0x90, 0x4, 0xff, 0xff, 0xff, 0xff, 0xff,
    0xff, 0xf2, 0x0, 0x8, 0xff, 0xff, 0xff, 0xff,
    0xff, 0xf6, 0x0, 0x0, 0x7, 0xff, 0xff, 0xff,
    0xff, 0xe5, 0x0, 0x0, 0x0, 0x1, 0x7c, 0xef,
    0xec, 0x61, 0x0, 0x0,

    /* U+0056 "V" */
    0x1f, 0xff, 0xff, 0x0, 0x0, 0x0, 0xf, 0xff,
    0xff, 0x0, 0xef, 0xff, 0xf3, 0x0, 0x0, 0x3,
    0xff, 0xff, 0xb0, 0xa, 0xff, 0xff, 0x60, 0x0,
    0x0, 0x6f, 0xff, 0xf7, 0x0, 0x6f, 0xff, 0xfa,
    0x0, 0x0, 0xa, 0xff, 0xff, 0x30, 0x1, 0xff,
    0xff, 0xd0, 0x0, 0x0, 0xdf, 0xff, 0xf0, 0x0,
    0xd, 0xff, 0xff, 0x10, 0x0, 0x1f, 0xff, 0xfb,
    0x0, 0x0, 0x9f, 0xff, 0xf4, 0x0, 0x4, 0xff,
    0xff, 0x70, 0x0, 0x5, 0xff, 0xff, 0x80, 0x0,
    0x7f, 0xff, 0xf3, 0x0, 0x0, 0x1f, 0xff, 0xfb,
    0x0, 0xb, 0xff, 0xfe, 0x0, 0x0, 0x0, 0xdf,
    0xff, 0xe0, 0x0, 0xef, 0xff, 0xa0, 0x0, 0x0,
    0x9, 0xff, 0xff, 0x20, 0x2f, 0xff, 0xf6, 0x0,
    0x0, 0x0, 0x5f, 0xff, 0xf5, 0x5, 0xff, 0xff,
    0x20, 0x0, 0x0, 0x1, 0xff, 0xff, 0x90, 0x8f,
    0xff, 0xe0, 0x0, 0x0, 0x0, 0xd, 0xff, 0xfc,
    0xc, 0xff, 0xfa, 0x0, 0x0, 0x0, 0x0, 0x9f,
    0xff, 0xf0, 0xff, 0xff, 0x60, 0x0, 0x0, 0x0,
    0x5, 0xff, 0xff, 0x6f, 0xff, 0xf2, 0x0, 0x0,
    0x0, 0x0, 0x1f, 0xff, 0xfd, 0xff, 0xfe, 0x0,
    0x0, 0x0, 0x0, 0x0, 0xcf, 0xff, 0xff, 0xff,
    0x90, 0x0, 0x0, 0x0, 0x0, 0x8, 0xff, 0xff,
    0xff, 0xf5, 0x0, 0x0, 0x0, 0x0, 0x0, 0x4f,
    0xff, 0xff, 0xff, 0x10, 0x0, 0x0, 0x0, 0x0,
    0x0, 0xff, 0xff, 0xff, 0xd0, 0x0, 0x0, 0x0,
    0x0, 0x0, 0xc, 0xff, 0xff, 0xf9, 0x0, 0x0,
    0x0, 0x0, 0x0, 0x0, 0x8f, 0xff, 0xff, 0x50,
    0x0, 0x0, 0x0, 0x0, 0x0, 0x3, 0xff, 0xff,
    0xf1, 0x0, 0x0, 0x0,

    /* U+0057 "W" */
    0x3f, 0xff, 0xfb, 0x0, 0x0, 0xf, 0xff, 0xfa,
    0x0, 0x0, 0xe, 0xff, 0xfc, 0xf, 0xff, 0xff,
    0x0, 0x0, 0x3f, 0xff, 0xfe, 0x0, 0x0, 0x2f,
    0xff, 0xf9, 0xc, 0xff, 0xff, 0x20, 0x0, 0x6f,
    0xff, 0xff, 0x10, 0x0, 0x5f, 0xff, 0xf6, 0x8,
    0xff, 0xff, 0x50, 0x0, 0x9f, 0xff, 0xff, 0x50,
    0x0, 0x8f, 0xff, 0xf3, 0x5, 0xff, 0xff, 0x80,
    0x0, 0xcf, 0xff, 0xff, 0x80, 0x0, 0xbf, 0xff,
    0xf0, 0x1, 0xff, 0xff, 0xc0, 0x0, 0xff, 0xff,
    0xff, 0xb0, 0x0, 0xef, 0xff, 0xc0, 0x0, 0xdf,
    0xff, 0xf0, 0x2, 0xff, 0xff, 0xff, 0xe0, 0x1,
    0xff, 0xff, 0x80, 0x0, 0xaf, 0xff, 0xf2, 0x5,
    0xff, 0xff, 0xff, 0xf2, 0x4, 0xff, 0xff, 0x50,
    0x0, 0x6f, 0xff, 0xf5, 0x8, 0xff, 0xff, 0xff,
    0xf5, 0x7, 0xff, 0xff, 0x10, 0x0, 0x2f, 0xff,
    0xf8, 0xb, 0xff, 0xff, 0xff, 0xf8, 0xa, 0xff,
    0xfe, 0x0, 0x0, 0xe, 0xff, 0xfb, 0xe, 0xff,
    0xf8, 0xff, 0xfc, 0xd, 0xff, 0xfb, 0x0, 0x0,
    0xb, 0xff, 0xfe, 0x1f, 0xff, 0xe4, 0xff, 0xff,
    0xf, 0xff, 0xf7, 0x0, 0x0, 0x7, 0xff, 0xff,
    0x6f, 0xff, 0xb1, 0xff, 0xff, 0x6f, 0xff, 0xf4,
    0x0, 0x0, 0x3, 0xff, 0xff, 0xdf, 0xff, 0x80,
    0xef, 0xff, 0xdf, 0xff, 0xf0, 0x0, 0x0, 0x0,
    0xff, 0xff, 0xff, 0xff, 0x50, 0xaf, 0xff, 0xff,
    0xff, 0xd0, 0x0, 0x0, 0x0, 0xcf, 0xff, 0xff,
    0xff, 0x20, 0x7f, 0xff, 0xff, 0xff, 0x90, 0x0,
    0x0, 0x0, 0x8f, 0xff, 0xff, 0xff, 0x0, 0x4f,
    0xff, 0xff, 0xff, 0x60, 0x0, 0x0, 0x0, 0x5f,
    0xff, 0xff, 0xfc, 0x0, 0x1f, 0xff, 0xff, 0xff,
    0x20, 0x0, 0x0, 0x0, 0x1f, 0xff, 0xff, 0xfa,
    0x0, 0xd, 0xff, 0xff, 0xff, 0x0, 0x0, 0x0,
    0x0, 0xd, 0xff, 0xff, 0xf7, 0x0, 0xa, 0xff,
    0xff, 0xfc, 0x0, 0x0, 0x0, 0x0, 0xa, 0xff,
    0xff, 0xf4, 0x0, 0x7, 0xff, 0xff, 0xf8, 0x0,
    0x0, 0x0, 0x0, 0x6, 0xff, 0xff, 0xf1, 0x0,
    0x4, 0xff, 0xff, 0xf5, 0x0, 0x0, 0x0, 0x0,
    0x2, 0xff, 0xff, 0xe0, 0x0, 0x1, 0xff, 0xff,
    0xf1, 0x0, 0x0, 0x0, 0x0, 0x0, 0xef, 0xff,
    0xb0, 0x0, 0x0, 0xdf, 0xff, 0xd0, 0x0, 0x0,

    /* U+0058 "X" */
    0xe, 0xff, 0xfe, 0x10, 0x0, 0x0, 0x3f, 0xff,
    0xfb, 0x8, 0xff, 0xff, 0x80, 0x0, 0x0, 0xbf,
    0xff, 0xf5, 0x1, 0xff, 0xff, 0xe0, 0x0, 0x2,
    0xff, 0xff, 0xd0, 0x0, 0x8f, 0xff, 0xf6, 0x0,
    0x9, 0xff, 0xff, 0x50, 0x0, 0x1f, 0xff, 0xfd,
    0x0, 0x1f, 0xff, 0xfd, 0x0, 0x0, 0x8, 0xff,
    0xff, 0x50, 0x8f, 0xff, 0xf5, 0x0, 0x0, 0x1,
    0xff, 0xff, 0xc0, 0xef, 0xff, 0xd0, 0x0, 0x0,
    0x0, 0x9f, 0xff, 0xfb, 0xff, 0xff, 0x60, 0x0,
    0x0, 0x0, 0x1f, 0xff, 0xff, 0xff, 0xfd, 0x0,
    0x0, 0x0, 0x0, 0x9, 0xff, 0xff, 0xff, 0xf6,
    0x0, 0x0, 0x0, 0x0, 0x1, 0xff, 0xff, 0xff,
    0xe0, 0x0, 0x0, 0x0, 0x0, 0x0, 0x9f, 0xff,
    0xff, 0x60, 0x0, 0x0, 0x0, 0x0, 0x0, 0x9f,
    0xff, 0xff, 0x60, 0x0, 0x0, 0x0, 0x0, 0x1,
    0xff, 0xff, 0xff, 0xe0, 0x0, 0x0, 0x0, 0x0,
    0x9, 0xff, 0xff, 0xff, 0xf6, 0x0, 0x0, 0x0,
    0x0, 0x1f, 0xff, 0xff, 0xff, 0xfe, 0x0, 0x0,
    0x0, 0x0, 0x9f, 0xff, 0xfb, 0xff, 0xff, 0x60,
    0x0, 0x0, 0x1, 0xff, 0xff, 0xd0, 0xff, 0xff,
    0xd0, 0x0, 0x0, 0x8, 0xff, 0xff, 0x50, 0x8f,
    0xff, 0xf5, 0x0, 0x0, 0x1f, 0xff, 0xfe, 0x0,
    0x1f, 0xff, 0xfd, 0x0, 0x0, 0x8f, 0xff, 0xf6,
    0x0, 0x9, 0xff, 0xff, 0x50, 0x1, 0xff, 0xff,
    0xe0, 0x0, 0x2, 0xff, 0xff, 0xd0, 0x8, 0xff,
    0xff, 0x80, 0x0, 0x0, 0xaf, 0xff, 0xf5, 0xe,
    0xff, 0xfe, 0x10, 0x0, 0x0, 0x3f, 0xff, 0xfc,

    /* U+0059 "Y" */
    0xf, 0xff, 0xff, 0x10, 0x0, 0x0, 0x7f, 0xff,
    0xf8, 0xa, 0xff, 0xff, 0x60, 0x0, 0x0, 0xdf,
    0xff, 0xf2, 0x3, 0xff, 0xff, 0xc0, 0x0, 0x3,
    0xff, 0xff, 0xc0, 0x0, 0xcf, 0xff, 0xf2, 0x0,
    0x9, 0xff, 0xff, 0x50, 0x0, 0x6f, 0xff, 0xf8,
    0x0, 0xe, 0xff, 0xfe, 0x0, 0x0, 0xe, 0xff,
    0xfe, 0x0, 0x5f, 0xff, 0xf8, 0x0, 0x0, 0x8,
    0xff, 0xff, 0x40, 0xbf, 0xff, 0xf1, 0x0, 0x0,
    0x2, 0xff, 0xff, 0xa1, 0xff, 0xff, 0xa0, 0x0,
    0x0, 0x0, 0xbf, 0xff, 0xf7, 0xff, 0xff, 0x40,
    0x0, 0x0, 0x0, 0x4f, 0xff, 0xff, 0xff, 0xfd,
    0x0, 0x0, 0x0, 0x0, 0xd, 0xff, 0xff, 0xff,
    0xf6, 0x0, 0x0, 0x0, 0x0, 0x7, 0xff, 0xff,
    0xff, 0xf0, 0x0, 0x0, 0x0, 0x0, 0x1, 0xff,
    0xff, 0xff, 0x90, 0x0, 0x0, 0x0, 0x0, 0x0,
    0xaf, 0xff, 0xff, 0x20, 0x0, 0x0, 0x0, 0x0,
    0x0, 0x3f, 0xff, 0xfc, 0x0, 0x0, 0x0, 0x0,
    0x0, 0x0, 0x2f, 0xff, 0xfa, 0x0, 0x0, 0x0,
    0x0, 0x0, 0x0, 0x2f, 0xff, 0xfa, 0x0, 0x0,
    0x0, 0x0, 0x0, 0x0, 0x2f, 0xff, 0xfa, 0x0,
    0x0, 0x0, 0x0, 0x0, 0x0, 0x2f, 0xff, 0xfa,
    0x0, 0x0, 0x0, 0x0, 0x0, 0x0, 0x2f, 0xff,
    0xfa, 0x0, 0x0, 0x0, 0x0, 0x0, 0x0, 0x2f,
    0xff, 0xfa, 0x0, 0x0, 0x0, 0x0, 0x0, 0x0,
    0x2f, 0xff, 0xfa, 0x0, 0x0, 0x0, 0x0, 0x0,
    0x0, 0x2f, 0xff, 0xfa, 0x0, 0x0, 0x0, 0x0,
    0x0, 0x0, 0x1f, 0xff, 0xf9, 0x0, 0x0, 0x0,

    /* U+005A "Z" */
    0x1f, 0xff, 0xff, 0xff, 0xff, 0xff, 0xff, 0xf6,
    0x1f, 0xff, 0xff, 0xff, 0xff, 0xff, 0xff, 0xf7,
    0x1f, 0xff, 0xff, 0xff, 0xff, 0xff, 0xff, 0xf7,
    0x1f, 0xff, 0xff, 0xff, 0xff, 0xff, 0xff, 0xf7,
    0x2, 0x22, 0x22, 0x22, 0x23, 0xff, 0xff, 0xf4,
    0x0, 0x0, 0x0, 0x0, 0x8, 0xff, 0xff, 0xb0,
    0x0, 0x0, 0x0, 0x0, 0x2f, 0xff, 0xff, 0x20,
    0x0, 0x0, 0x0, 0x0, 0xcf, 0xff, 0xf8, 0x0,
    0x0, 0x0, 0x0, 0x5, 0xff, 0xff, 0xd0, 0x0,
    0x0, 0x0, 0x0, 0xe, 0xff, 0xff, 0x40, 0x0,
    0x0, 0x0, 0x0, 0x9f, 0xff, 0xfb, 0x0, 0x0,
    0x0, 0x0, 0x3, 0xff, 0xff, 0xf2, 0x0, 0x0,
    0x0, 0x0, 0xc, 0xff, 0xff, 0x70, 0x0, 0x0,
    0x0, 0x0, 0x6f, 0xff, 0xfd, 0x0, 0x0, 0x0,
    0x0, 0x1, 0xef, 0xff, 0xf4, 0x0, 0x0, 0x0,
    0x0, 0x9, 0xff, 0xff, 0xa0, 0x0, 0x0, 0x0,
    0x0, 0x3f, 0xff, 0xff, 0x10, 0x0, 0x0, 0x0,
    0x0, 0xcf, 0xff, 0xf7, 0x0, 0x0, 0x0, 0x0,
    0x6, 0xff, 0xff, 0xd0, 0x0, 0x0, 0x0, 0x0,
    0xe, 0xff, 0xff, 0x72, 0x22, 0x22, 0x22, 0x20,
    0x1f, 0xff, 0xff, 0xff, 0xff, 0xff, 0xff, 0xf6,
    0x1f, 0xff, 0xff, 0xff, 0xff, 0xff, 0xff, 0xf7,
    0x1f, 0xff, 0xff, 0xff, 0xff, 0xff, 0xff, 0xf7,
    0x1f, 0xff, 0xff, 0xff, 0xff, 0xff, 0xff, 0xf6,

    /* U+005B "[" */
    0xef, 0xff, 0xff, 0xff, 0x5f, 0xff, 0xff, 0xff,
    0xf6, 0xff, 0xff, 0xff, 0xff, 0x6f, 0xff, 0xff,
    0xff, 0xf6, 0xff, 0xff, 0xe2, 0x22, 0xf, 0xff,
    0xfd, 0x0, 0x0, 0xff, 0xff, 0xd0, 0x0, 0xf,
    0xff, 0xfd, 0x0, 0x0, 0xff, 0xff, 0xd0, 0x0,
    0xf, 0xff, 0xfd, 0x0, 0x0, 0xff, 0xff, 0xd0,
    0x0, 0xf, 0xff, 0xfd, 0x0, 0x0, 0xff, 0xff,
    0xd0, 0x0, 0xf, 0xff, 0xfd, 0x0, 0x0, 0xff,
    0xff, 0xd0, 0x0, 0xf, 0xff, 0xfd, 0x0, 0x0,
    0xff, 0xff, 0xd0, 0x0, 0xf, 0xff, 0xfd, 0x0,
    0x0, 0xff, 0xff, 0xd0, 0x0, 0xf, 0xff, 0xfd,
    0x0, 0x0, 0xff, 0xff, 0xd0, 0x0, 0xf, 0xff,
    0xfd, 0x0, 0x0, 0xff, 0xff, 0xd0, 0x0, 0xf,
    0xff, 0xfd, 0x0, 0x0, 0xff, 0xff, 0xd0, 0x0,
    0xf, 0xff, 0xfd, 0x0, 0x0, 0xff, 0xff, 0xd0,
    0x0, 0xf, 0xff, 0xfd, 0x0, 0x0, 0xff, 0xff,
    0xe3, 0x33, 0xf, 0xff, 0xff, 0xff, 0xf6, 0xff,
    0xff, 0xff, 0xff, 0x6f, 0xff, 0xff, 0xff, 0xf6,
    0xef, 0xff, 0xff, 0xff, 0x50,

    /* U+005C "\\" */
    0x5f, 0xff, 0xf4, 0x0, 0x0, 0x0, 0x0, 0x1f,
    0xff, 0xfa, 0x0, 0x0, 0x0, 0x0, 0xb, 0xff,
    0xff, 0x0, 0x0, 0x0, 0x0, 0x6, 0xff, 0xff,
    0x50, 0x0, 0x0, 0x0, 0x1, 0xff, 0xff, 0xb0,
    0x0, 0x0, 0x0, 0x0, 0xbf, 0xff, 0xf1, 0x0,
    0x0, 0x0, 0x0, 0x5f, 0xff, 0xf6, 0x0, 0x0,
    0x0, 0x0, 0xf, 0xff, 0xfc, 0x0, 0x0, 0x0,
    0x0, 0xa, 0xff, 0xff, 0x10, 0x0, 0x0, 0x0,
    0x4, 0xff, 0xff, 0x70, 0x0, 0x0, 0x0, 0x0,
    0xef, 0xff, 0xc0, 0x0, 0x0, 0x0, 0x0, 0x9f,
    0xff, 0xf2, 0x0, 0x0, 0x0, 0x0, 0x3f, 0xff,
    0xf8, 0x0, 0x0, 0x0, 0x0, 0xe, 0xff, 0xfd,
    0x0, 0x0, 0x0, 0x0, 0x8, 0xff, 0xff, 0x30,
    0x0, 0x0, 0x0, 0x3, 0xff, 0xff, 0x90, 0x0,
    0x0, 0x0, 0x0, 0xdf, 0xff, 0xe0, 0x0, 0x0,
    0x0, 0x0, 0x7f, 0xff, 0xf4, 0x0, 0x0, 0x0,
    0x0, 0x2f, 0xff, 0xf9, 0x0, 0x0, 0x0, 0x0,
    0xc, 0xff, 0xfe, 0x0, 0x0, 0x0, 0x0, 0x7,
    0xff, 0xff, 0x50, 0x0, 0x0, 0x0, 0x1, 0xff,
    0xff, 0xa0, 0x0, 0x0, 0x0, 0x0, 0xcf, 0xff,
    0xf0, 0x0, 0x0, 0x0, 0x0, 0x5f, 0xff, 0xf5,

    /* U+005D "]" */
    0x6f, 0xff, 0xff, 0xff, 0xc7, 0xff, 0xff, 0xff,
    0xfd, 0x7f, 0xff, 0xff, 0xff, 0xd7, 0xff, 0xff,
    0xff, 0xfd, 0x2, 0x22, 0xff, 0xff, 0xd0, 0x0,
    0xe, 0xff, 0xfd, 0x0, 0x0, 0xef, 0xff, 0xd0,
    0x0, 0xe, 0xff, 0xfd, 0x0, 0x0, 0xef, 0xff,
    0xd0, 0x0, 0xe, 0xff, 0xfd, 0x0, 0x0, 0xef,
    0xff, 0xd0, 0x0, 0xe, 0xff, 0xfd, 0x0, 0x0,
    0xef, 0xff, 0xd0, 0x0, 0xe, 0xff, 0xfd, 0x0,
    0x0, 0xef, 0xff, 0xd0, 0x0, 0xe, 0xff, 0xfd,
    0x0, 0x0, 0xef, 0xff, 0xd0, 0x0, 0xe, 0xff,
    0xfd, 0x0, 0x0, 0xef, 0xff, 0xd0, 0x0, 0xe,
    0xff, 0xfd, 0x0, 0x0, 0xef, 0xff, 0xd0, 0x0,
    0xe, 0xff, 0xfd, 0x0, 0x0, 0xef, 0xff, 0xd0,
    0x0, 0xe, 0xff, 0xfd, 0x0, 0x0, 0xef, 0xff,
    0xd0, 0x0, 0xe, 0xff, 0xfd, 0x0, 0x0, 0xef,
    0xff, 0xd0, 0x0, 0xe, 0xff, 0xfd, 0x3, 0x33,
    0xff, 0xff, 0xd7, 0xff, 0xff, 0xff, 0xfd, 0x7f,
    0xff, 0xff, 0xff, 0xd7, 0xff, 0xff, 0xff, 0xfd,
    0x6f, 0xff, 0xff, 0xff, 0xc0,

    /* U+005E "^" */
    0x0, 0x0, 0x8, 0xff, 0xfb, 0x0, 0x0, 0x0,
    0x0, 0x0, 0xef, 0xff, 0xf1, 0x0, 0x0, 0x0,
    0x0, 0x4f, 0xff, 0xff, 0x60, 0x0, 0x0, 0x0,
    0x9, 0xff, 0xff, 0xfc, 0x0, 0x0, 0x0, 0x0,
    0xef, 0xff, 0xff, 0xf1, 0x0, 0x0, 0x0, 0x4f,
    0xff, 0xcf, 0xff, 0x60, 0x0, 0x0, 0x9, 0xff,
    0xf3, 0xff, 0xfc, 0x0, 0x0, 0x0, 0xef, 0xfe,
    0xa, 0xff, 0xf1, 0x0, 0x0, 0x4f, 0xff, 0x90,
    0x6f, 0xff, 0x70, 0x0, 0x9, 0xff, 0xf4, 0x1,
    0xff, 0xfc, 0x0, 0x0, 0xef, 0xff, 0x0, 0xc,
    0xff, 0xf1, 0x0, 0x4f, 0xff, 0xb0, 0x0, 0x7f,
    0xff, 0x70, 0x9, 0xff, 0xf6, 0x0, 0x2, 0xff,
    0xfc, 0x0, 0xef, 0xff, 0x10, 0x0, 0xd, 0xff,
    0xf1,

    /* U+005F "_" */
    0x4b, 0xbb, 0xbb, 0xbb, 0xbb, 0xbb, 0xbb, 0xb4,
    0x7f, 0xff, 0xff, 0xff, 0xff, 0xff, 0xff, 0xf8,
    0x7f, 0xff, 0xff, 0xff, 0xff, 0xff, 0xff, 0xf8,
    0x6f, 0xff, 0xff, 0xff, 0xff, 0xff, 0xff, 0xf7,

    /* U+0060 "`" */
    0x4, 0x44, 0x30, 0x0, 0xdf, 0xff, 0x30, 0x3,
    0xff, 0xfc, 0x0, 0x7, 0xff, 0xf5, 0x0, 0xb,
    0xff, 0xc0,

    /* U+0061 "a" */
    0x0, 0x0, 0x39, 0xdf, 0xfd, 0xa5, 0x0, 0x0,
    0x0, 0xa, 0xff, 0xff, 0xff, 0xff, 0xd2, 0x0,
    0x0, 0xbf, 0xff, 0xff, 0xff, 0xff, 0xfe, 0x20,
    0x4, 0xff, 0xff, 0xff, 0xff, 0xff, 0xff, 0xa0,
    0xa, 0xff, 0xff, 0xc4, 0x38, 0xff, 0xff, 0xf0,
    0x7, 0x99, 0x99, 0x10, 0x0, 0xbf, 0xff, 0xf2,
    0x0, 0x0, 0x0, 0x0, 0x0, 0x9f, 0xff, 0xf3,
    0x0, 0x2, 0x8c, 0xef, 0xff, 0xff, 0xff, 0xf3,
    0x0, 0x7f, 0xff, 0xff, 0xff, 0xff, 0xff, 0xf3,
    0x5, 0xff, 0xff, 0xff, 0xff, 0xff, 0xff, 0xf3,
    0xd, 0xff, 0xff, 0xb4, 0x22, 0xaf, 0xff, 0xf3,
    0x1f, 0xff, 0xfd, 0x0, 0x0, 0x9f, 0xff, 0xf3,
    0x2f, 0xff, 0xfb, 0x0, 0x0, 0xbf, 0xff, 0xf3,
    0x2f, 0xff, 0xfe, 0x10, 0x5, 0xff, 0xff, 0xf3,
    0xf, 0xff, 0xff, 0xfb, 0xdf, 0xff, 0xff, 0xf3,
    0x9, 0xff, 0xff, 0xff, 0xff, 0xff, 0xff, 0xf3,
    0x1, 0xdf, 0xff, 0xff, 0xfe, 0xcf, 0xff, 0xf3,
    0x0, 0x7, 0xcf, 0xfe, 0x92, 0x8f, 0xff, 0xf2,

    /* U+0062 "b" */
    0x6f, 0xff, 0xf4, 0x0, 0x0, 0x0, 0x0, 0x7,
    0xff, 0xff, 0x50, 0x0, 0x0, 0x0, 0x0, 0x7f,
    0xff, 0xf5, 0x0, 0x0, 0x0, 0x0, 0x7, 0xff,
    0xff, 0x50, 0x0, 0x0, 0x0, 0x0, 0x7f, 0xff,
    0xf5, 0x0, 0x0, 0x0, 0x0, 0x7, 0xff, 0xff,
    0x50, 0x0, 0x0, 0x0, 0x0, 0x7f, 0xff, 0xf5,
    0x5c, 0xff, 0xd7, 0x0, 0x7, 0xff, 0xff, 0xdf,
    0xff, 0xff, 0xfb, 0x0, 0x7f, 0xff, 0xff, 0xff,
    0xff, 0xff, 0xf8, 0x7, 0xff, 0xff, 0xff, 0xff,
    0xff, 0xff, 0xf0, 0x7f, 0xff, 0xff, 0x93, 0x6f,
    0xff, 0xff, 0x47, 0xff, 0xff, 0xd0, 0x0, 0x8f,
    0xff, 0xf8, 0x7f, 0xff, 0xf8, 0x0, 0x2, 0xff,
    0xff, 0xa7, 0xff, 0xff, 0x60, 0x0, 0xf, 0xff,
    0xfc, 0x7f, 0xff, 0xf6, 0x0, 0x0, 0xff, 0xff,
    0xc7, 0xff, 0xff, 0x60, 0x0, 0xf, 0xff, 0xfc,
    0x7f, 0xff, 0xf6, 0x0, 0x0, 0xff, 0xff, 0xb7,
    0xff, 0xff, 0x80, 0x0, 0x3f, 0xff, 0xfa, 0x7f,
    0xff, 0xfd, 0x0, 0x7, 0xff, 0xff, 0x77, 0xff,
    0xff, 0xf9, 0x36, 0xff, 0xff, 0xf3, 0x7f, 0xff,
    0xff, 0xff, 0xff, 0xff, 0xfe, 0x7, 0xff, 0xff,
    0xff, 0xff, 0xff, 0xff, 0x60, 0x7f, 0xff, 0xfe,
    0xff, 0xff, 0xff, 0xa0, 0x6, 0xff, 0xff, 0x46,
    0xcf, 0xfd, 0x60, 0x0,

    /* U+0063 "c" */
    0x0, 0x1, 0x7c, 0xef, 0xec, 0x70, 0x0, 0x0,
    0x4, 0xef, 0xff, 0xff, 0xff, 0xe4, 0x0, 0x4,
    0xff, 0xff, 0xff, 0xff, 0xff, 0xf3, 0x0, 0xef,
    0xff, 0xff, 0xff, 0xff, 0xff, 0xd0, 0x4f, 0xff,
    0xff, 0x63, 0x7f, 0xff, 0xff, 0x48, 0xff, 0xff,
    0x60, 0x0, 0x7f, 0xff, 0xf7, 0xaf, 0xff, 0xf2,
    0x0, 0x2, 0xdc, 0xa9, 0x3c, 0xff, 0xff, 0x0,
    0x0, 0x0, 0x0, 0x0, 0xcf, 0xff, 0xf0, 0x0,
    0x0, 0x0, 0x0, 0xc, 0xff, 0xff, 0x0, 0x0,
    0x0, 0x0, 0x0, 0xcf, 0xff, 0xf0, 0x0, 0x0,
    0x0, 0x0, 0xa, 0xff, 0xff, 0x20, 0x0, 0x2c,
    0xba, 0x83, 0x8f, 0xff, 0xf7, 0x0, 0x7, 0xff,
    0xff, 0x74, 0xff, 0xff, 0xf6, 0x36, 0xff, 0xff,
    0xf4, 0xe, 0xff, 0xff, 0xff, 0xff, 0xff, 0xfe,
    0x0, 0x4f, 0xff, 0xff, 0xff, 0xff, 0xff, 0x40,
    0x0, 0x5f, 0xff, 0xff, 0xff, 0xfe, 0x50, 0x0,
    0x0, 0x17, 0xce, 0xfe, 0xc7, 0x10, 0x0,

    /* U+0064 "d" */
    0x0, 0x0, 0x0, 0x0, 0x1, 0xff, 0xff, 0x90,
    0x0, 0x0, 0x0, 0x0, 0x2f, 0xff, 0xfa, 0x0,
    0x0, 0x0, 0x0, 0x2, 0xff, 0xff, 0xa0, 0x0,
    0x0, 0x0, 0x0, 0x2f, 0xff, 0xfa, 0x0, 0x0,
    0x0, 0x0, 0x2, 0xff, 0xff, 0xa0, 0x0, 0x0,
    0x0, 0x0, 0x2f, 0xff, 0xfa, 0x0, 0x5, 0xcf,
    0xfd, 0x72, 0xff, 0xff, 0xa0, 0x9, 0xff, 0xff,
    0xff, 0xcf, 0xff, 0xfa, 0x5, 0xff, 0xff, 0xff,
    0xff, 0xff, 0xff, 0xa0, 0xcf, 0xff, 0xff, 0xff,
    0xff, 0xff, 0xfa, 0x2f, 0xff, 0xff, 0x83, 0x7f,
    0xff, 0xff, 0xa5, 0xff, 0xff, 0xb0, 0x0, 0xaf,
    0xff, 0xfa, 0x7f, 0xff, 0xf6, 0x0, 0x6, 0xff,
    0xff, 0xa9, 0xff, 0xff, 0x30, 0x0, 0x4f, 0xff,
    0xfa, 0xaf, 0xff, 0xf3, 0x0, 0x3, 0xff, 0xff,
    0xa9, 0xff, 0xff, 0x30, 0x0, 0x3f, 0xff, 0xfa,
    0x9f, 0xff, 0xf3, 0x0, 0x3, 0xff, 0xff, 0xa7,
    0xff, 0xff, 0x50, 0x0, 0x5f, 0xff, 0xfa, 0x4f,
    0xff, 0xfa, 0x0, 0xa, 0xff, 0xff, 0xa1, 0xff,
    0xff, 0xf7, 0x37, 0xff, 0xff, 0xfa, 0xb, 0xff,
    0xff, 0xff, 0xff, 0xff, 0xff, 0xa0, 0x3f, 0xff,
    0xff, 0xff, 0xff, 0xff, 0xfa, 0x0, 0x7f, 0xff,
    0xff, 0xfd, 0xff, 0xff, 0xa0, 0x0, 0x4c, 0xff,
    0xd7, 0x2f, 0xff, 0xf9,

    /* U+0065 "e" */
    0x0, 0x1, 0x7c, 0xef, 0xeb, 0x70, 0x0, 0x0,
    0x4, 0xef, 0xff, 0xff, 0xff, 0xe4, 0x0, 0x3,
    0xff, 0xff, 0xff, 0xff, 0xff, 0xf3, 0x0, 0xdf,
    0xff, 0xff, 0xff, 0xff, 0xff, 0xd0, 0x4f, 0xff,
    0xfe, 0x53, 0x6f, 0xff, 0xff, 0x48, 0xff, 0xff,
    0x40, 0x0, 0x6f, 0xff, 0xf7, 0xaf, 0xff, 0xf1,
    0x0, 0x3, 0xff, 0xff, 0x9c, 0xff, 0xff, 0xff,
    0xff, 0xff, 0xff, 0xfa, 0xcf, 0xff, 0xff, 0xff,
    0xff, 0xff, 0xff, 0xac, 0xff, 0xff, 0xff, 0xff,
    0xff, 0xff, 0xf9, 0xbf, 0xff, 0xf1, 0x0, 0x0,
    0x0, 0x0, 0xa, 0xff, 0xff, 0x30, 0x0, 0x0,
    0x0, 0x0, 0x7f, 0xff, 0xf8, 0x0, 0x2, 0xeb,
    0x85, 0x3, 0xff, 0xff, 0xf7, 0x24, 0xdf, 0xff,
    0xf4, 0xd, 0xff, 0xff, 0xff, 0xff, 0xff, 0xfd,
    0x0, 0x3f, 0xff, 0xff, 0xff, 0xff, 0xff, 0x30,
    0x0, 0x4e, 0xff, 0xff, 0xff, 0xfe, 0x40, 0x0,
    0x0, 0x17, 0xce, 0xff, 0xc8, 0x10, 0x0,

    /* U+0066 "f" */
    0x0, 0x0, 0x7, 0xbe, 0xff, 0x70, 0x0, 0x2e,
    0xff, 0xff, 0xf8, 0x0, 0xa, 0xff, 0xff, 0xff,
    0x80, 0x0, 0xff, 0xff, 0xfd, 0xa4, 0x0, 0x1f,
    0xff, 0xfd, 0x0, 0x0, 0x2, 0xff, 0xff, 0xa0,
    0x0, 0x3f, 0xff, 0xff, 0xff, 0xff, 0xb4, 0xff,
    0xff, 0xff, 0xff, 0xfc, 0x4f, 0xff, 0xff, 0xff,
    0xff, 0xc2, 0xbc, 0xff, 0xff, 0xec, 0xc8, 0x0,
    0x2f, 0xff, 0xf9, 0x0, 0x0, 0x2, 0xff, 0xff,
    0x90, 0x0, 0x0, 0x2f, 0xff, 0xf9, 0x0, 0x0,
    0x2, 0xff, 0xff, 0x90, 0x0, 0x0, 0x2f, 0xff,
    0xf9, 0x0, 0x0, 0x2, 0xff, 0xff, 0x90, 0x0,
    0x0, 0x2f, 0xff, 0xf9, 0x0, 0x0, 0x2, 0xff,
    0xff, 0x90, 0x0, 0x0, 0x2f, 0xff, 0xf9, 0x0,
    0x0, 0x2, 0xff, 0xff, 0x90, 0x0, 0x0, 0x2f,
    0xff, 0xf9, 0x0, 0x0, 0x2, 0xff, 0xff, 0x90,
    0x0, 0x0, 0x2f, 0xff, 0xf9, 0x0, 0x0, 0x2,
    0xff, 0xff, 0x80, 0x0,

    /* U+0067 "g" */
    0x0, 0x7, 0xcf, 0xfc, 0x63, 0xff, 0xff, 0x70,
    0xc, 0xff, 0xff, 0xff, 0xdf, 0xff, 0xf8, 0x9,
    0xff, 0xff, 0xff, 0xff, 0xff, 0xff, 0x81, 0xff,
    0xff, 0xff, 0xff, 0xff, 0xff, 0xf8, 0x6f, 0xff,
    0xff, 0x63, 0x8f, 0xff, 0xff, 0x89, 0xff, 0xff,
    0x70, 0x0, 0xaf, 0xff, 0xf8, 0xbf, 0xff, 0xf2,
    0x0, 0x5, 0xff, 0xff, 0x8c, 0xff, 0xff, 0x0,
    0x0, 0x4f, 0xff, 0xf8, 0xdf, 0xff, 0xf0, 0x0,
    0x4, 0xff, 0xff, 0x8d, 0xff, 0xff, 0x0, 0x0,
    0x4f, 0xff, 0xf8, 0xdf, 0xff, 0xf0, 0x0, 0x4,
    0xff, 0xff, 0x8c, 0xff, 0xff, 0x10, 0x0, 0x5f,
    0xff, 0xf8, 0xaf, 0xff, 0xf5, 0x0, 0x9, 0xff,
    0xff, 0x87, 0xff, 0xff, 0xe4, 0x15, 0xff, 0xff,
    0xf8, 0x2f, 0xff, 0xff, 0xff, 0xff, 0xff, 0xff,
    0x80, 0xaf, 0xff, 0xff, 0xff, 0xff, 0xff, 0xf8,
    0x0, 0xcf, 0xff, 0xff, 0xfc, 0xff, 0xff, 0x80,
    0x0, 0x6c, 0xff, 0xc5, 0x5f, 0xff, 0xf7, 0x0,
    0x0, 0x0, 0x0, 0xb, 0xff, 0xff, 0x50, 0x0,
    0x0, 0x0, 0x2a, 0xff, 0xff, 0xf1, 0x0, 0x5,
    0xee, 0xff, 0xff, 0xff, 0xfb, 0x0, 0x0, 0x7f,
    0xff, 0xff, 0xff, 0xff, 0x20, 0x0, 0x8, 0xff,
    0xff, 0xff, 0xfe, 0x40, 0x0, 0x0, 0x8f, 0xff,
    0xff, 0xf9, 0x10, 0x0, 0x0, 0x2, 0x67, 0x76,
    0x30, 0x0, 0x0, 0x0,

    /* U+0068 "h" */
    0x6f, 0xff, 0xf4, 0x0, 0x0, 0x0, 0x0, 0x7,
    0xff, 0xff, 0x50, 0x0, 0x0, 0x0, 0x0, 0x7f,
    0xff, 0xf5, 0x0, 0x0, 0x0, 0x0, 0x7, 0xff,
    0xff, 0x50, 0x0, 0x0, 0x0, 0x0, 0x7f, 0xff,
    0xf5, 0x0, 0x0, 0x0, 0x0, 0x7, 0xff, 0xff,
    0x50, 0x0, 0x0, 0x0, 0x0, 0x7f, 0xff, 0xf5,
    0x3b, 0xef, 0xd8, 0x0, 0x7, 0xff, 0xff, 0xaf,
    0xff, 0xff, 0xfd, 0x10, 0x7f, 0xff, 0xff, 0xff,
    0xff, 0xff, 0xfa, 0x7, 0xff, 0xff, 0xff, 0xff,
    0xff, 0xff, 0xf1, 0x7f, 0xff, 0xff, 0x73, 0x7f,
    0xff, 0xff, 0x57, 0xff, 0xff, 0x90, 0x0, 0x9f,
    0xff, 0xf6, 0x7f, 0xff, 0xf5, 0x0, 0x5, 0xff,
    0xff, 0x77, 0xff, 0xff, 0x50, 0x0, 0x5f, 0xff,
    0xf7, 0x7f, 0xff, 0xf5, 0x0, 0x5, 0xff, 0xff,
    0x77, 0xff, 0xff, 0x50, 0x0, 0x5f, 0xff, 0xf7,
    0x7f, 0xff, 0xf5, 0x0, 0x5, 0xff, 0xff, 0x77,
    0xff, 0xff, 0x50, 0x0, 0x5f, 0xff, 0xf7, 0x7f,
    0xff, 0xf5, 0x0, 0x5, 0xff, 0xff, 0x77, 0xff,
    0xff, 0x50, 0x0, 0x5f, 0xff, 0xf7, 0x7f, 0xff,
    0xf5, 0x0, 0x5, 0xff, 0xff, 0x77, 0xff, 0xff,
    0x50, 0x0, 0x5f, 0xff, 0xf7, 0x7f, 0xff, 0xf5,
    0x0, 0x5, 0xff, 0xff, 0x76, 0xff, 0xff, 0x40,
    0x0, 0x4f, 0xff, 0xf6,

    /* U+0069 "i" */
    0x8, 0xee, 0x80, 0x5f, 0xff, 0xf6, 0x9f, 0xff,
    0xfa, 0x7f, 0xff, 0xf8, 0x1e, 0xff, 0xe1, 0x0,
    0x55, 0x10, 0x0, 0x0, 0x0, 0x5f, 0xff, 0xf5,
    0x6f, 0xff, 0xf6, 0x6f, 0xff, 0xf6, 0x6f, 0xff,
    0xf6, 0x6f, 0xff, 0xf6, 0x6f, 0xff, 0xf6, 0x6f,
    0xff, 0xf6, 0x6f, 0xff, 0xf6, 0x6f, 0xff, 0xf6,
    0x6f, 0xff, 0xf6, 0x6f, 0xff, 0xf6, 0x6f, 0xff,
    0xf6, 0x6f, 0xff, 0xf6, 0x6f, 0xff, 0xf6, 0x6f,
    0xff, 0xf6, 0x6f, 0xff, 0xf6, 0x6f, 0xff, 0xf6,
    0x5f, 0xff, 0xf5,

    /* U+006A "j" */
    0x0, 0x0, 0x8e, 0xe8, 0x0, 0x0, 0x5f, 0xff,
    0xf5, 0x0, 0x9, 0xff, 0xff, 0x90, 0x0, 0x8f,
    0xff, 0xf8, 0x0, 0x1, 0xef, 0xfe, 0x10, 0x0,
    0x0, 0x55, 0x10, 0x0, 0x0, 0x0, 0x0, 0x0,
    0x0, 0x0, 0x0, 0x0, 0x0, 0x5, 0xff, 0xff,
    0x50, 0x0, 0x6f, 0xff, 0xf6, 0x0, 0x6, 0xff,
    0xff, 0x60, 0x0, 0x6f, 0xff, 0xf6, 0x0, 0x6,
    0xff, 0xff, 0x60, 0x0, 0x6f, 0xff, 0xf6, 0x0,
    0x6, 0xff, 0xff, 0x60, 0x0, 0x6f, 0xff, 0xf6,
    0x0, 0x6, 0xff, 0xff, 0x60, 0x0, 0x6f, 0xff,
    0xf6, 0x0, 0x6, 0xff, 0xff, 0x60, 0x0, 0x6f,
    0xff, 0xf6, 0x0, 0x6, 0xff, 0xff, 0x60, 0x0,
    0x6f, 0xff, 0xf6, 0x0, 0x6, 0xff, 0xff, 0x60,
    0x0, 0x6f, 0xff, 0xf6, 0x0, 0x6, 0xff, 0xff,
    0x60, 0x0, 0x6f, 0xff, 0xf6, 0x0, 0x8, 0xff,
    0xff, 0x50, 0x1, 0xef, 0xff, 0xf4, 0x8a, 0xef,
    0xff, 0xff, 0x1f, 0xff, 0xff, 0xff, 0xd0, 0xff,
    0xff, 0xff, 0xf4, 0xf, 0xff, 0xff, 0xc3, 0x0,
    0x77, 0x64, 0x10, 0x0, 0x0,

    /* U+006B "k" */
    0x6f, 0xff, 0xf4, 0x0, 0x0, 0x0, 0x0, 0x0,
    0x7f, 0xff, 0xf5, 0x0, 0x0, 0x0, 0x0, 0x0,
    0x7f, 0xff, 0xf5, 0x0, 0x0, 0x0, 0x0, 0x0,
    0x7f, 0xff, 0xf5, 0x0, 0x0, 0x0, 0x0, 0x0,
    0x7f, 0xff, 0xf5, 0x0, 0x0, 0x0, 0x0, 0x0,
    0x7f, 0xff, 0xf5, 0x0, 0x0, 0x0, 0x0, 0x0,
    0x7f, 0xff, 0xf5, 0x0, 0xc, 0xff, 0xff, 0x50,
    0x7f, 0xff, 0xf5, 0x0, 0x8f, 0xff, 0xfb, 0x0,
    0x7f, 0xff, 0xf5, 0x4, 0xff, 0xff, 0xe1, 0x0,
    0x7f, 0xff, 0xf5, 0x1e, 0xff, 0xff, 0x40, 0x0,
    0x7f, 0xff, 0xf5, 0xaf, 0xff, 0xf9, 0x0, 0x0,
    0x7f, 0xff, 0xfb, 0xff, 0xff, 0xd0, 0x0, 0x0,
    0x7f, 0xff, 0xff, 0xff, 0xff, 0x60, 0x0, 0x0,
    0x7f, 0xff, 0xff, 0xff, 0xff, 0xc0, 0x0, 0x0,
    0x7f, 0xff, 0xff, 0xff, 0xff, 0xf3, 0x0, 0x0,
    0x7f, 0xff, 0xff, 0xff, 0xff, 0xf9, 0x0, 0x0,
    0x7f, 0xff, 0xff, 0xb9, 0xff, 0xff, 0x10, 0x0,
    0x7f, 0xff, 0xfe, 0x13, 0xff, 0xff, 0x70, 0x0,
    0x7f, 0xff, 0xf6, 0x0, 0xdf, 0xff, 0xd0, 0x0,
    0x7f, 0xff, 0xf5, 0x0, 0x8f, 0xff, 0xf4, 0x0,
    0x7f, 0xff, 0xf5, 0x0, 0x2f, 0xff, 0xfb, 0x0,
    0x7f, 0xff, 0xf5, 0x0, 0xc, 0xff, 0xff, 0x20,
    0x7f, 0xff, 0xf5, 0x0, 0x6, 0xff, 0xff, 0x90,
    0x6f, 0xff, 0xf4, 0x0, 0x1, 0xff, 0xff, 0xe0,

    /* U+006C "l" */
    0x7f, 0xff, 0xf3, 0x8f, 0xff, 0xf4, 0x8f, 0xff,
    0xf4, 0x8f, 0xff, 0xf4, 0x8f, 0xff, 0xf4, 0x8f,
    0xff, 0xf4, 0x8f, 0xff, 0xf4, 0x8f, 0xff, 0xf4,
    0x8f, 0xff, 0xf4, 0x8f, 0xff, 0xf4, 0x8f, 0xff,
    0xf4, 0x8f, 0xff, 0xf4, 0x8f, 0xff, 0xf4, 0x8f,
    0xff, 0xf4, 0x8f, 0xff, 0xf4, 0x8f, 0xff, 0xf4,
    0x8f, 0xff, 0xf4, 0x8f, 0xff, 0xf4, 0x8f, 0xff,
    0xf4, 0x8f, 0xff, 0xf4, 0x8f, 0xff, 0xf4, 0x8f,
    0xff, 0xf4, 0x8f, 0xff, 0xf4, 0x7f, 0xff, 0xf3,

    /* U+006D "m" */
    0x6f, 0xff, 0xf3, 0x4b, 0xef, 0xd8, 0x0, 0x4,
    0xbe, 0xfd, 0x70, 0x0, 0x7f, 0xff, 0xfc, 0xff,
    0xff, 0xff, 0xd0, 0x8f, 0xff, 0xff, 0xfc, 0x0,
    0x7f, 0xff, 0xff, 0xff, 0xff, 0xff, 0xfd, 0xff,
    0xff, 0xff, 0xff, 0x80, 0x7f, 0xff, 0xff, 0xff,
    0xff, 0xff, 0xff, 0xff, 0xff, 0xff, 0xff, 0xe0,
    0x7f, 0xff, 0xff, 0x73, 0x8f, 0xff, 0xff, 0xf7,
    0x38, 0xff, 0xff, 0xf2, 0x7f, 0xff, 0xf9, 0x0,
    0xb, 0xff, 0xff, 0x90, 0x0, 0xcf, 0xff, 0xf3,
    0x7f, 0xff, 0xf5, 0x0, 0x7, 0xff, 0xff, 0x50,
    0x0, 0x8f, 0xff, 0xf4, 0x7f, 0xff, 0xf4, 0x0,
    0x7, 0xff, 0xff, 0x40, 0x0, 0x7f, 0xff, 0xf4,
    0x7f, 0xff, 0xf4, 0x0, 0x7, 0xff, 0xff, 0x40,
    0x0, 0x7f, 0xff, 0xf4, 0x7f, 0xff, 0xf4, 0x0,
    0x7, 0xff, 0xff, 0x40, 0x0, 0x7f, 0xff, 0xf4,
    0x7f, 0xff, 0xf4, 0x0, 0x7, 0xff, 0xff, 0x40,
    0x0, 0x7f, 0xff, 0xf4, 0x7f, 0xff, 0xf4, 0x0,
    0x7, 0xff, 0xff, 0x40, 0x0, 0x7f, 0xff, 0xf4,
    0x7f, 0xff, 0xf4, 0x0, 0x7, 0xff, 0xff, 0x40,
    0x0, 0x7f, 0xff, 0xf4, 0x7f, 0xff, 0xf4, 0x0,
    0x7, 0xff, 0xff, 0x40, 0x0, 0x7f, 0xff, 0xf4,
    0x7f, 0xff, 0xf4, 0x0, 0x7, 0xff, 0xff, 0x40,
    0x0, 0x7f, 0xff, 0xf4, 0x7f, 0xff, 0xf4, 0x0,
    0x7, 0xff, 0xff, 0x40, 0x0, 0x7f, 0xff, 0xf4,
    0x7f, 0xff, 0xf4, 0x0, 0x7, 0xff, 0xff, 0x40,
    0x0, 0x7f, 0xff, 0xf4, 0x6f, 0xff, 0xf4, 0x0,
    0x6, 0xff, 0xff, 0x40, 0x0, 0x7f, 0xff, 0xf3,

    /* U+006E "n" */
    0x6f, 0xff, 0xf4, 0x4b, 0xff, 0xd8, 0x0, 0x7,
    0xff, 0xff, 0xcf, 0xff, 0xff, 0xfd, 0x10, 0x7f,
    0xff, 0xff, 0xff, 0xff, 0xff, 0xfa, 0x7, 0xff,
    0xff, 0xff, 0xff, 0xff, 0xff, 0xf1, 0x7f, 0xff,
    0xff, 0x73, 0x7f, 0xff, 0xff, 0x57, 0xff, 0xff,
    0x90, 0x0, 0x9f, 0xff, 0xf6, 0x7f, 0xff, 0xf5,
    0x0, 0x5, 0xff, 0xff, 0x77, 0xff, 0xff, 0x50,
    0x0, 0x5f, 0xff, 0xf7, 0x7f, 0xff, 0xf5, 0x0,
    0x5, 0xff, 0xff, 0x77, 0xff, 0xff, 0x50, 0x0,
    0x5f, 0xff, 0xf7, 0x7f, 0xff, 0xf5, 0x0, 0x5,
    0xff, 0xff, 0x77, 0xff, 0xff, 0x50, 0x0, 0x5f,
    0xff, 0xf7, 0x7f, 0xff, 0xf5, 0x0, 0x5, 0xff,
    0xff, 0x77, 0xff, 0xff, 0x50, 0x0, 0x5f, 0xff,
    0xf7, 0x7f, 0xff, 0xf5, 0x0, 0x5, 0xff, 0xff,
    0x77, 0xff, 0xff, 0x50, 0x0, 0x5f, 0xff, 0xf7,
    0x7f, 0xff, 0xf5, 0x0, 0x5, 0xff, 0xff, 0x76,
    0xff, 0xff, 0x40, 0x0, 0x4f, 0xff, 0xf6,

    /* U+006F "o" */
    0x0, 0x1, 0x7c, 0xef, 0xec, 0x81, 0x0, 0x0,
    0x4, 0xef, 0xff, 0xff, 0xff, 0xf5, 0x0, 0x4,
    0xff, 0xff, 0xff, 0xff, 0xff, 0xf5, 0x0, 0xef,
    0xff, 0xff, 0xff, 0xff, 0xff, 0xe0, 0x4f, 0xff,
    0xff, 0x73, 0x6f, 0xff, 0xff, 0x58, 0xff, 0xff,
    0x70, 0x0, 0x5f, 0xff, 0xf9, 0xaf, 0xff, 0xf2,
    0x0, 0x1, 0xff, 0xff, 0xbc, 0xff, 0xff, 0x10,
    0x0, 0xf, 0xff, 0xfd, 0xcf, 0xff, 0xf0, 0x0,
    0x0, 0xff, 0xff, 0xdc, 0xff, 0xff, 0x0, 0x0,
    0xf, 0xff, 0xfd, 0xcf, 0xff, 0xf0, 0x0, 0x0,
    0xff, 0xff, 0xda, 0xff, 0xff, 0x20, 0x0, 0x1f,
    0xff, 0xfb, 0x8f, 0xff, 0xf7, 0x0, 0x6, 0xff,
    0xff, 0x94, 0xff, 0xff, 0xf7, 0x36, 0xff, 0xff,
    0xf5, 0xe, 0xff, 0xff, 0xff, 0xff, 0xff, 0xfe,
    0x0, 0x4f, 0xff, 0xff, 0xff, 0xff, 0xff, 0x50,
    0x0, 0x5e, 0xff, 0xff, 0xff, 0xff, 0x60, 0x0,
    0x0, 0x17, 0xce, 0xff, 0xc8, 0x10, 0x0,

    /* U+0070 "p" */
    0x4f, 0xff, 0xf6, 0x5b, 0xff, 0xd7, 0x0, 0x5,
    0xff, 0xff, 0xef, 0xff, 0xff, 0xfb, 0x0, 0x5f,
    0xff, 0xff, 0xff, 0xff, 0xff, 0xf7, 0x5, 0xff,
    0xff, 0xff, 0xff, 0xff, 0xff, 0xf0, 0x5f, 0xff,
    0xff, 0xa3, 0x5e, 0xff, 0xff, 0x55, 0xff, 0xff,
    0xe0, 0x0, 0x6f, 0xff, 0xf9, 0x5f, 0xff, 0xfa,
    0x0, 0x1, 0xff, 0xff, 0xb5, 0xff, 0xff, 0x80,
    0x0, 0xf, 0xff, 0xfd, 0x5f, 0xff, 0xf7, 0x0,
    0x0, 0xef, 0xff, 0xe5, 0xff, 0xff, 0x70, 0x0,
    0xe, 0xff, 0xfe, 0x5f, 0xff, 0xf8, 0x0, 0x0,
    0xff, 0xff, 0xd5, 0xff, 0xff, 0xa0, 0x0, 0x1f,
    0xff, 0xfc, 0x5f, 0xff, 0xfe, 0x0, 0x6, 0xff,
    0xff, 0xa5, 0xff, 0xff, 0xfa, 0x35, 0xff, 0xff,
    0xf6, 0x5f, 0xff, 0xff, 0xff, 0xff, 0xff, 0xff,
    0x15, 0xff, 0xff, 0xff, 0xff, 0xff, 0xff, 0x90,
    0x5f, 0xff, 0xfd, 0xff, 0xff, 0xff, 0xc0, 0x5,
    0xff, 0xff, 0x74, 0xcf, 0xfd, 0x70, 0x0, 0x5f,
    0xff, 0xf7, 0x0, 0x0, 0x0, 0x0, 0x5, 0xff,
    0xff, 0x70, 0x0, 0x0, 0x0, 0x0, 0x5f, 0xff,
    0xf7, 0x0, 0x0, 0x0, 0x0, 0x5, 0xff, 0xff,
    0x70, 0x0, 0x0, 0x0, 0x0, 0x5f, 0xff, 0xf7,
    0x0, 0x0, 0x0, 0x0, 0x4, 0xff, 0xff, 0x60,
    0x0, 0x0, 0x0, 0x0,

    /* U+0071 "q" */
    0x0, 0x4, 0xcf, 0xfd, 0x72, 0xff, 0xff, 0x90,
    0x7, 0xff, 0xff, 0xff, 0xef, 0xff, 0xfa, 0x3,
    0xff, 0xff, 0xff, 0xff, 0xff, 0xff, 0xa0, 0xbf,
    0xff, 0xff, 0xff, 0xff, 0xff, 0xfa, 0x1f, 0xff,
    0xff, 0x83, 0x7f, 0xff, 0xff, 0xa4, 0xff, 0xff,
    0xa0, 0x0, 0xaf, 0xff, 0xfa, 0x7f, 0xff, 0xf5,
    0x0, 0x5, 0xff, 0xff, 0xa9, 0xff, 0xff, 0x30,
    0x0, 0x3f, 0xff, 0xfa, 0x9f, 0xff, 0xf3, 0x0,
    0x3, 0xff, 0xff, 0xaa, 0xff, 0xff, 0x30, 0x0,
    0x3f, 0xff, 0xfa, 0x9f, 0xff, 0xf3, 0x0, 0x4,
    0xff, 0xff, 0xa7, 0xff, 0xff, 0x60, 0x0, 0x6f,
    0xff, 0xfa, 0x5f, 0xff, 0xfb, 0x0, 0xa, 0xff,
    0xff, 0xa1, 0xff, 0xff, 0xf8, 0x37, 0xff, 0xff,
    0xfa, 0xc, 0xff, 0xff, 0xff, 0xff, 0xff, 0xff,
    0xa0, 0x4f, 0xff, 0xff, 0xff, 0xff, 0xff, 0xfa,
    0x0, 0x8f, 0xff, 0xff, 0xfc, 0xff, 0xff, 0xa0,
    0x0, 0x5c, 0xff, 0xd7, 0x2f, 0xff, 0xfa, 0x0,
    0x0, 0x0, 0x0, 0x2, 0xff, 0xff, 0xa0, 0x0,
    0x0, 0x0, 0x0, 0x2f, 0xff, 0xfa, 0x0, 0x0,
    0x0, 0x0, 0x2, 0xff, 0xff, 0xa0, 0x0, 0x0,
    0x0, 0x0, 0x2f, 0xff, 0xfa, 0x0, 0x0, 0x0,
    0x0, 0x2, 0xff, 0xff, 0xa0, 0x0, 0x0, 0x0,
    0x0, 0x1f, 0xff, 0xf9,

    /* U+0072 "r" */
    0x6f, 0xff, 0xf4, 0x3b, 0xfe, 0x67, 0xff, 0xff,
    0x8f, 0xff, 0xf9, 0x7f, 0xff, 0xff, 0xff, 0xff,
    0x67, 0xff, 0xff, 0xff, 0xff, 0xf4, 0x7f, 0xff,
    0xff, 0xff, 0xff, 0x17, 0xff, 0xff, 0xfa, 0x31,
    0x20, 0x7f, 0xff, 0xfc, 0x0, 0x0, 0x7, 0xff,
    0xff, 0x60, 0x0, 0x0, 0x7f, 0xff, 0xf5, 0x0,
    0x0, 0x7, 0xff, 0xff, 0x50, 0x0, 0x0, 0x7f,
    0xff, 0xf5, 0x0, 0x0, 0x7, 0xff, 0xff, 0x50,
    0x0, 0x0, 0x7f, 0xff, 0xf5, 0x0, 0x0, 0x7,
    0xff, 0xff, 0x50, 0x0, 0x0, 0x7f, 0xff, 0xf5,
    0x0, 0x0, 0x7, 0xff, 0xff, 0x50, 0x0, 0x0,
    0x7f, 0xff, 0xf5, 0x0, 0x0, 0x6, 0xff, 0xff,
    0x40, 0x0, 0x0,

    /* U+0073 "s" */
    0x0, 0x6, 0xbe, 0xff, 0xd9, 0x30, 0x0, 0x2,
    0xdf, 0xff, 0xff, 0xff, 0xf8, 0x0, 0xe, 0xff,
    0xff, 0xff, 0xff, 0xff, 0x70, 0x7f, 0xff, 0xff,
    0xde, 0xff, 0xff, 0xf1, 0xbf, 0xff, 0xf3, 0x0,
    0x7f, 0xff, 0xf5, 0xcf, 0xff, 0xd0, 0x0, 0xe,
    0xff, 0xf6, 0xbf, 0xff, 0xf9, 0x10, 0x0, 0x0,
    0x0, 0x6f, 0xff, 0xff, 0xfc, 0x61, 0x0, 0x0,
    0xb, 0xff, 0xff, 0xff, 0xff, 0x91, 0x0, 0x0,
    0x7f, 0xff, 0xff, 0xff, 0xff, 0x50, 0x0, 0x1,
    0x7d, 0xff, 0xff, 0xff, 0xf3, 0x0, 0x0, 0x0,
    0x28, 0xff, 0xff, 0xf9, 0xbc, 0xcc, 0x60, 0x0,
    0x3f, 0xff, 0xfb, 0xef, 0xff, 0xd0, 0x0, 0x4f,
    0xff, 0xfa, 0xbf, 0xff, 0xfe, 0xab, 0xff, 0xff,
    0xf7, 0x3f, 0xff, 0xff, 0xff, 0xff, 0xff, 0xe0,
    0x4, 0xef, 0xff, 0xff, 0xff, 0xfd, 0x20, 0x0,
    0x7, 0xbe, 0xff, 0xeb, 0x50, 0x0,

    /* U+0074 "t" */
    0x0, 0x17, 0x88, 0x71, 0x0, 0x0, 0x4, 0xff,
    0xff, 0x50, 0x0, 0x0, 0x4f, 0xff, 0xf5, 0x0,
    0x0, 0x4, 0xff, 0xff, 0x50, 0x0, 0x0, 0x4f,
    0xff, 0xf5, 0x0, 0x5, 0xff, 0xff, 0xff, 0xff,
    0xf7, 0x6f, 0xff, 0xff, 0xff, 0xff, 0x86, 0xff,
    0xff, 0xff, 0xff, 0xf8, 0x3a, 0xcf, 0xff, 0xfc,
    0xaa, 0x40, 0x4, 0xff, 0xff, 0x50, 0x0, 0x0,
    0x4f, 0xff, 0xf5, 0x0, 0x0, 0x4, 0xff, 0xff,
    0x50, 0x0, 0x0, 0x4f, 0xff, 0xf5, 0x0, 0x0,
    0x4, 0xff, 0xff, 0x50, 0x0, 0x0, 0x4f, 0xff,
    0xf5, 0x0, 0x0, 0x4, 0xff, 0xff, 0x50, 0x0,
    0x0, 0x4f, 0xff, 0xf5, 0x0, 0x0, 0x4, 0xff,
    0xff, 0x70, 0x0, 0x0, 0x3f, 0xff, 0xfd, 0x42,
    0x0, 0x3, 0xff, 0xff, 0xff, 0xf2, 0x0, 0xf,
    0xff, 0xff, 0xff, 0x20, 0x0, 0x7f, 0xff, 0xff,
    0xf2, 0x0, 0x0, 0x5b, 0xef, 0xff, 0x20,

    /* U+0075 "u" */
    0x8f, 0xff, 0xf2, 0x0, 0x6, 0xff, 0xff, 0x49,
    0xff, 0xff, 0x30, 0x0, 0x7f, 0xff, 0xf5, 0x9f,
    0xff, 0xf3, 0x0, 0x7, 0xff, 0xff, 0x59, 0xff,
    0xff, 0x30, 0x0, 0x7f, 0xff, 0xf5, 0x9f, 0xff,
    0xf3, 0x0, 0x7, 0xff, 0xff, 0x59, 0xff, 0xff,
    0x30, 0x0, 0x7f, 0xff, 0xf5, 0x9f, 0xff, 0xf3,
    0x0, 0x7, 0xff, 0xff, 0x59, 0xff, 0xff, 0x30,
    0x0, 0x7f, 0xff, 0xf5, 0x9f, 0xff, 0xf3, 0x0,
    0x7, 0xff, 0xff, 0x59, 0xff, 0xff, 0x30, 0x0,
    0x7f, 0xff, 0xf5, 0x9f, 0xff, 0xf3, 0x0, 0x7,
    0xff, 0xff, 0x59, 0xff, 0xff, 0x30, 0x0, 0x7f,
    0xff, 0xf5, 0x9f, 0xff, 0xf6, 0x0, 0xb, 0xff,
    0xff, 0x58, 0xff, 0xff, 0xe5, 0x28, 0xff, 0xff,
    0xf5, 0x5f, 0xff, 0xff, 0xff, 0xff, 0xff, 0xff,
    0x50, 0xef, 0xff, 0xff, 0xff, 0xff, 0xff, 0xf5,
    0x3, 0xef, 0xff, 0xff, 0xfd, 0xff, 0xff, 0x50,
    0x1, 0x9d, 0xff, 0xb4, 0x6f, 0xff, 0xf4,

    /* U+0076 "v" */
    0x4f, 0xff, 0xfc, 0x0, 0x0, 0x9f, 0xff, 0xf7,
    0xf, 0xff, 0xff, 0x0, 0x0, 0xdf, 0xff, 0xf3,
    0xb, 0xff, 0xff, 0x40, 0x0, 0xff, 0xff, 0xf0,
    0x7, 0xff, 0xff, 0x70, 0x4, 0xff, 0xff, 0xb0,
    0x3, 0xff, 0xff, 0xb0, 0x7, 0xff, 0xff, 0x60,
    0x0, 0xef, 0xff, 0xe0, 0xa, 0xff, 0xff, 0x20,
    0x0, 0xaf, 0xff, 0xf2, 0xe, 0xff, 0xfe, 0x0,
    0x0, 0x5f, 0xff, 0xf5, 0x1f, 0xff, 0xf9, 0x0,
    0x0, 0x1f, 0xff, 0xf8, 0x4f, 0xff, 0xf5, 0x0,
    0x0, 0xd, 0xff, 0xfc, 0x8f, 0xff, 0xf1, 0x0,
    0x0, 0x8, 0xff, 0xff, 0xcf, 0xff, 0xc0, 0x0,
    0x0, 0x4, 0xff, 0xff, 0xff, 0xff, 0x80, 0x0,
    0x0, 0x0, 0xff, 0xff, 0xff, 0xff, 0x30, 0x0,
    0x0, 0x0, 0xbf, 0xff, 0xff, 0xff, 0x0, 0x0,
    0x0, 0x0, 0x6f, 0xff, 0xff, 0xfb, 0x0, 0x0,
    0x0, 0x0, 0x2f, 0xff, 0xff, 0xf6, 0x0, 0x0,
    0x0, 0x0, 0xe, 0xff, 0xff, 0xf2, 0x0, 0x0,
    0x0, 0x0, 0x9, 0xff, 0xff, 0xd0, 0x0, 0x0,

    /* U+0077 "w" */
    0x4f, 0xff, 0xf5, 0x0, 0x6, 0xff, 0xff, 0x0,
    0x0, 0xaf, 0xff, 0xf0, 0x1f, 0xff, 0xf9, 0x0,
    0xa, 0xff, 0xff, 0x30, 0x0, 0xef, 0xff, 0xd0,
    0xd, 0xff, 0xfd, 0x0, 0xd, 0xff, 0xff, 0x70,
    0x1, 0xff, 0xff, 0x90, 0x9, 0xff, 0xff, 0x0,
    0x1f, 0xff, 0xff, 0xa0, 0x4, 0xff, 0xff, 0x50,
    0x5, 0xff, 0xff, 0x30, 0x4f, 0xff, 0xff, 0xe0,
    0x8, 0xff, 0xff, 0x10, 0x1, 0xff, 0xff, 0x70,
    0x7f, 0xff, 0xff, 0xf1, 0xb, 0xff, 0xfd, 0x0,
    0x0, 0xdf, 0xff, 0xa0, 0xbf, 0xff, 0xff, 0xf5,
    0xf, 0xff, 0xf9, 0x0, 0x0, 0x9f, 0xff, 0xd0,
    0xef, 0xff, 0xff, 0xf8, 0x2f, 0xff, 0xf5, 0x0,
    0x0, 0x5f, 0xff, 0xf2, 0xff, 0xfe, 0xff, 0xfc,
    0x6f, 0xff, 0xf1, 0x0, 0x0, 0x2f, 0xff, 0xf9,
    0xff, 0xf7, 0xff, 0xff, 0x9f, 0xff, 0xd0, 0x0,
    0x0, 0xe, 0xff, 0xff, 0xff, 0xf3, 0xbf, 0xff,
    0xff, 0xff, 0x90, 0x0, 0x0, 0xa, 0xff, 0xff,
    0xff, 0xf0, 0x8f, 0xff, 0xff, 0xff, 0x50, 0x0,
    0x0, 0x6, 0xff, 0xff, 0xff, 0xc0, 0x4f, 0xff,
    0xff, 0xff, 0x10, 0x0, 0x0, 0x2, 0xff, 0xff,
    0xff, 0x90, 0xf, 0xff, 0xff, 0xfd, 0x0, 0x0,
    0x0, 0x0, 0xef, 0xff, 0xff, 0x60, 0xd, 0xff,
    0xff, 0xf9, 0x0, 0x0, 0x0, 0x0, 0xaf, 0xff,
    0xff, 0x20, 0x9, 0xff, 0xff, 0xf5, 0x0, 0x0,
    0x0, 0x0, 0x6f, 0xff, 0xff, 0x0, 0x5, 0xff,
    0xff, 0xf1, 0x0, 0x0, 0x0, 0x0, 0x2f, 0xff,
    0xfb, 0x0, 0x1, 0xff, 0xff, 0xc0, 0x0, 0x0,

    /* U+0078 "x" */
    0x3f, 0xff, 0xfd, 0x0, 0x0, 0x6f, 0xff, 0xfd,
    0x0, 0xbf, 0xff, 0xf6, 0x0, 0xe, 0xff, 0xff,
    0x50, 0x3, 0xff, 0xff, 0xe0, 0x8, 0xff, 0xff,
    0xc0, 0x0, 0xa, 0xff, 0xff, 0x71, 0xff, 0xff,
    0xf3, 0x0, 0x0, 0x1f, 0xff, 0xff, 0xaf, 0xff,
    0xfa, 0x0, 0x0, 0x0, 0x8f, 0xff, 0xff, 0xff,
    0xff, 0x20, 0x0, 0x0, 0x0, 0xef, 0xff, 0xff,
    0xff, 0x80, 0x0, 0x0, 0x0, 0x6, 0xff, 0xff,
    0xff, 0xe1, 0x0, 0x0, 0x0, 0x0, 0xd, 0xff,
    0xff, 0xf7, 0x0, 0x0, 0x0, 0x0, 0x0, 0xdf,
    0xff, 0xff, 0x70, 0x0, 0x0, 0x0, 0x0, 0x6f,
    0xff, 0xff, 0xfe, 0x10, 0x0, 0x0, 0x0, 0xe,
    0xff, 0xff, 0xff, 0xf8, 0x0, 0x0, 0x0, 0x8,
    0xff, 0xff, 0xff, 0xff, 0xf2, 0x0, 0x0, 0x1,
    0xff, 0xff, 0xf8, 0xff, 0xff, 0xa0, 0x0, 0x0,
    0xaf, 0xff, 0xf9, 0xd, 0xff, 0xff, 0x30, 0x0,
    0x3f, 0xff, 0xff, 0x10, 0x5f, 0xff, 0xfc, 0x0,
    0xb, 0xff, 0xff, 0x80, 0x0, 0xcf, 0xff, 0xf5,
    0x3, 0xff, 0xff, 0xe1, 0x0, 0x4, 0xff, 0xff,
    0xd0,

    /* U+0079 "y" */
    0x6f, 0xff, 0xf9, 0x0, 0x0, 0xcf, 0xff, 0xf2,
    0x2f, 0xff, 0xfd, 0x0, 0x0, 0xff, 0xff, 0xe0,
    0xd, 0xff, 0xff, 0x0, 0x3, 0xff, 0xff, 0xa0,
    0x9, 0xff, 0xff, 0x40, 0x6, 0xff, 0xff, 0x50,
    0x4, 0xff, 0xff, 0x70, 0x9, 0xff, 0xff, 0x10,
    0x0, 0xff, 0xff, 0xa0, 0xd, 0xff, 0xfc, 0x0,
    0x0, 0xbf, 0xff, 0xd0, 0xf, 0xff, 0xf7, 0x0,
    0x0, 0x7f, 0xff, 0xf1, 0x3f, 0xff, 0xf2, 0x0,
    0x0, 0x2f, 0xff, 0xf4, 0x7f, 0xff, 0xe0, 0x0,
    0x0, 0xd, 0xff, 0xf7, 0xaf, 0xff, 0x90, 0x0,
    0x0, 0x9, 0xff, 0xfb, 0xdf, 0xff, 0x40, 0x0,
    0x0, 0x4, 0xff, 0xff, 0xff, 0xff, 0x0, 0x0,
    0x0, 0x0, 0xff, 0xff, 0xff, 0xfb, 0x0, 0x0,
    0x0, 0x0, 0xbf, 0xff, 0xff, 0xf6, 0x0, 0x0,
    0x0, 0x0, 0x6f, 0xff, 0xff, 0xf2, 0x0, 0x0,
    0x0, 0x0, 0x2f, 0xff, 0xff, 0xd0, 0x0, 0x0,
    0x0, 0x0, 0xd, 0xff, 0xff, 0x80, 0x0, 0x0,
    0x0, 0x0, 0x9, 0xff, 0xff, 0x40, 0x0, 0x0,
    0x0, 0x0, 0xb, 0xff, 0xff, 0x0, 0x0, 0x0,
    0x0, 0x0, 0x3f, 0xff, 0xfa, 0x0, 0x0, 0x0,
    0x5, 0x8b, 0xff, 0xff, 0xf4, 0x0, 0x0, 0x0,
    0xb, 0xff, 0xff, 0xff, 0xc0, 0x0, 0x0, 0x0,
    0xb, 0xff, 0xff, 0xfe, 0x20, 0x0, 0x0, 0x0,
    0xb, 0xff, 0xff, 0xa2, 0x0, 0x0, 0x0, 0x0,
    0x5, 0x76, 0x41, 0x0, 0x0, 0x0, 0x0, 0x0,

    /* U+007A "z" */
    0xf, 0xff, 0xff, 0xff, 0xff, 0xff, 0xf2, 0x1f,
    0xff, 0xff, 0xff, 0xff, 0xff, 0xf3, 0x1f, 0xff,
    0xff, 0xff, 0xff, 0xff, 0xf3, 0x1f, 0xff, 0xff,
    0xff, 0xff, 0xff, 0xf3, 0x5, 0x66, 0x66, 0x6d,
    0xff, 0xff, 0xf1, 0x0, 0x0, 0x0, 0x5f, 0xff,
    0xff, 0x60, 0x0, 0x0, 0x2, 0xff, 0xff, 0xfa,
    0x0, 0x0, 0x0, 0xc, 0xff, 0xff, 0xd0, 0x0,
    0x0, 0x0, 0x8f, 0xff, 0xff, 0x20, 0x0, 0x0,
    0x4, 0xff, 0xff, 0xf5, 0x0, 0x0, 0x0, 0x1e,
    0xff, 0xff, 0x80, 0x0, 0x0, 0x0, 0xbf, 0xff,
    0xfc, 0x0, 0x0, 0x0, 0x7, 0xff, 0xff, 0xe1,
    0x0, 0x0, 0x0, 0x2f, 0xff, 0xff, 0xa6, 0x66,
    0x66, 0x61, 0x4f, 0xff, 0xff, 0xff, 0xff, 0xff,
    0xf6, 0x4f, 0xff, 0xff, 0xff, 0xff, 0xff, 0xf6,
    0x4f, 0xff, 0xff, 0xff, 0xff, 0xff, 0xf6, 0x3f,
    0xff, 0xff, 0xff, 0xff, 0xff, 0xf5,

    /* U+007B "{" */
    0x0, 0x0, 0x8d, 0xff, 0xff, 0x20, 0x0, 0xbf,
    0xff, 0xff, 0xf3, 0x0, 0x3f, 0xff, 0xff, 0xff,
    0x30, 0x7, 0xff, 0xff, 0xff, 0xf2, 0x0, 0x8f,
    0xff, 0xfe, 0x42, 0x0, 0x8, 0xff, 0xff, 0x60,
    0x0, 0x0, 0x8f, 0xff, 0xf4, 0x0, 0x0, 0x8,
    0xff, 0xff, 0x40, 0x0, 0x0, 0x8f, 0xff, 0xf4,
    0x0, 0x0, 0x8, 0xff, 0xff, 0x40, 0x0, 0x0,
    0x8f, 0xff, 0xf4, 0x0, 0x0, 0x8, 0xff, 0xff,
    0x40, 0x0, 0x0, 0xaf, 0xff, 0xf3, 0x0, 0x0,
    0x1f, 0xff, 0xff, 0x20, 0x0, 0x8e, 0xff, 0xff,
    0xd0, 0x0, 0xf, 0xff, 0xff, 0xf4, 0x0, 0x0,
    0xff, 0xff, 0xf8, 0x0, 0x0, 0xf, 0xff, 0xff,
    0xf6, 0x0, 0x0, 0x5c, 0xff, 0xff, 0xe0, 0x0,
    0x0, 0xe, 0xff, 0xff, 0x20, 0x0, 0x0, 0xaf,
    0xff, 0xf3, 0x0, 0x0, 0x8, 0xff, 0xff, 0x40,
    0x0, 0x0, 0x8f, 0xff, 0xf4, 0x0, 0x0, 0x8,
    0xff, 0xff, 0x40, 0x0, 0x0, 0x8f, 0xff, 0xf4,
    0x0, 0x0, 0x8, 0xff, 0xff, 0x40, 0x0, 0x0,
    0x8f, 0xff, 0xf4, 0x0, 0x0, 0x8, 0xff, 0xff,
    0x60, 0x0, 0x0, 0x8f, 0xff, 0xfe, 0x53, 0x0,
    0x7, 0xff, 0xff, 0xff, 0xf2, 0x0, 0x3f, 0xff,
    0xff, 0xff, 0x30, 0x0, 0xbf, 0xff, 0xff, 0xf3,
    0x0, 0x0, 0x8d, 0xff, 0xff, 0x20,

    /* U+007C "|" */
    0xf, 0xff, 0xfa, 0x1f, 0xff, 0xfb, 0x1f, 0xff,
    0xfb, 0x1f, 0xff, 0xfb, 0x1f, 0xff, 0xfb, 0x1f,
    0xff, 0xfb, 0x1f, 0xff, 0xfb, 0x1f, 0xff, 0xfb,
    0x1f, 0xff, 0xfb, 0x1f, 0xff, 0xfb, 0x1f, 0xff,
    0xfb, 0x1f, 0xff, 0xfb, 0x1f, 0xff, 0xfb, 0x1f,
    0xff, 0xfb, 0x1f, 0xff, 0xfb, 0x1f, 0xff, 0xfb,
    0x1f, 0xff, 0xfb, 0x1f, 0xff, 0xfb, 0x1f, 0xff,
    0xfb, 0x1f, 0xff, 0xfb, 0x1f, 0xff, 0xfb, 0x1f,
    0xff, 0xfb, 0x1f, 0xff, 0xfb, 0x1f, 0xff, 0xfb,
    0x1f, 0xff, 0xfb, 0x1f, 0xff, 0xfb, 0x1f, 0xff,
    0xfb, 0x1f, 0xff, 0xfb, 0xf, 0xff, 0xfa,

    /* U+007D "}" */
    0xef, 0xff, 0xe9, 0x10, 0x0, 0xf, 0xff, 0xff,
    0xfe, 0x10, 0x0, 0xff, 0xff, 0xff, 0xf7, 0x0,
    0xf, 0xff, 0xff, 0xff, 0xb0, 0x0, 0x13, 0xcf,
    0xff, 0xfc, 0x0, 0x0, 0x2, 0xff, 0xff, 0xc0,
    0x0, 0x0, 0xf, 0xff, 0xfc, 0x0, 0x0, 0x0,
    0xff, 0xff, 0xc0, 0x0, 0x0, 0xf, 0xff, 0xfc,
    0x0, 0x0, 0x0, 0xff, 0xff, 0xc0, 0x0, 0x0,
    0xf, 0xff, 0xfc, 0x0, 0x0, 0x0, 0xff, 0xff,
    0xc0, 0x0, 0x0, 0xf, 0xff, 0xfe, 0x0, 0x0,
    0x0, 0xef, 0xff, 0xf5, 0x0, 0x0, 0x9, 0xff,
    0xff, 0xfa, 0x10, 0x0, 0x1e, 0xff, 0xff, 0xf3,
    0x0, 0x0, 0x4f, 0xff, 0xff, 0x30, 0x0, 0x2f,
    0xff, 0xff, 0xf2, 0x0, 0xa, 0xff, 0xff, 0xe7,
    0x0, 0x0, 0xef, 0xff, 0xf3, 0x0, 0x0, 0xf,
    0xff, 0xfd, 0x0, 0x0, 0x0, 0xff, 0xff, 0xc0,
    0x0, 0x0, 0xf, 0xff, 0xfc, 0x0, 0x0, 0x0,
    0xff, 0xff, 0xc0, 0x0, 0x0, 0xf, 0xff, 0xfc,
    0x0, 0x0, 0x0, 0xff, 0xff, 0xc0, 0x0, 0x0,
    0xf, 0xff, 0xfc, 0x0, 0x0, 0x2, 0xff, 0xff,
    0xc0, 0x0, 0x24, 0xcf, 0xff, 0xfc, 0x0, 0xf,
    0xff, 0xff, 0xff, 0xb0, 0x0, 0xff, 0xff, 0xff,
    0xf7, 0x0, 0xf, 0xff, 0xff, 0xfd, 0x10, 0x0,
    0xef, 0xff, 0xe9, 0x10, 0x0, 0x0,

    /* U+007E "~" */
    0x0, 0x0, 0x2, 0x10, 0x0, 0x0, 0x0, 0x0,
    0x0, 0x0, 0x8e, 0xff, 0xc5, 0x0, 0x0, 0x72,
    0x0, 0x0, 0xbf, 0xff, 0xff, 0xfc, 0x54, 0xaf,
    0xf7, 0x0, 0x8f, 0xff, 0xff, 0xff, 0xff, 0xff,
    0xff, 0xf4, 0xe, 0xff, 0xff, 0xff, 0xff, 0xff,
    0xff, 0xfc, 0x0, 0x3c, 0xfa, 0x11, 0x6d, 0xff,
    0xff, 0xfd, 0x10, 0x0, 0x5, 0x0, 0x0, 0x6,
    0xdf, 0xd8, 0x0, 0x0,

    /* U+00B7 "·" */
    0x1, 0x55, 0x0, 0x2e, 0xff, 0xd0, 0xaf, 0xff,
    0xf7, 0xbf, 0xff, 0xf8, 0x7f, 0xff, 0xf4, 0x9,
    0xee, 0x70,

    /* U+2013 "–" */
    0x2, 0x22, 0x22, 0x22, 0x22, 0x22, 0x21, 0x1f,
    0xff, 0xff, 0xff, 0xff, 0xff, 0xfa, 0x1f, 0xff,
    0xff, 0xff, 0xff, 0xff, 0xfa, 0x1f, 0xff, 0xff,
    0xff, 0xff, 0xff, 0xfa, 0x1f, 0xff, 0xff, 0xff,
    0xff, 0xff, 0xf9,

    /* U+2026 "…" */
    0x0, 0x56, 0x10, 0x0, 0x0, 0x5, 0x62, 0x0,
    0x0, 0x0, 0x46, 0x20, 0xd, 0xff, 0xf2, 0x0,
    0x0, 0xcf, 0xff, 0x30, 0x0, 0xb, 0xff, 0xf4,
    0x7f, 0xff, 0xfa, 0x0, 0x5, 0xff, 0xff, 0xb0,
    0x0, 0x4f, 0xff, 0xfc, 0x8f, 0xff, 0xfb, 0x0,
    0x7, 0xff, 0xff, 0xd0, 0x0, 0x5f, 0xff, 0xfe,
    0x4f, 0xff, 0xf7, 0x0, 0x3, 0xff, 0xff, 0x80,
    0x0, 0x2f, 0xff, 0xfa, 0x6, 0xee, 0x90, 0x0,
    0x0, 0x5d, 0xfa, 0x0, 0x0, 0x5, 0xdf, 0xa1
};


/*---------------------
 *  GLYPH DESCRIPTION
 *--------------------*/

static const lv_font_fmt_txt_glyph_dsc_t glyph_dsc[] = {
    {.bitmap_index = 0, .adv_w = 0, .box_w = 0, .box_h = 0, .ofs_x = 0, .ofs_y = 0} /* id = 0 reserved */,
    {.bitmap_index = 0, .adv_w = 109, .box_w = 0, .box_h = 0, .ofs_x = 0, .ofs_y = 0},
    {.bitmap_index = 0, .adv_w = 169, .box_w = 6, .box_h = 24, .ofs_x = 2, .ofs_y = 0},
    {.bitmap_index = 72, .adv_w = 191, .box_w = 12, .box_h = 8, .ofs_x = 0, .ofs_y = 16},
    {.bitmap_index = 120, .adv_w = 354, .box_w = 20, .box_h = 24, .ofs_x = 1, .ofs_y = 0},
    {.bitmap_index = 360, .adv_w = 276, .box_w = 16, .box_h = 30, .ofs_x = 1, .ofs_y = -3},
    {.bitmap_index = 600, .adv_w = 432, .box_w = 25, .box_h = 24, .ofs_x = 1, .ofs_y = 0},
    {.bitmap_index = 900, .adv_w = 356, .box_w = 20, .box_h = 24, .ofs_x = 1, .ofs_y = 0},
    {.bitmap_index = 1140, .adv_w = 92, .box_w = 6, .box_h = 8, .ofs_x = 0, .ofs_y = 16},
    {.bitmap_index = 1164, .adv_w = 179, .box_w = 9, .box_h = 30, .ofs_x = 0, .ofs_y = -3},
    {.bitmap_index = 1299, .adv_w = 179, .box_w = 10, .box_h = 30, .ofs_x = 2, .ofs_y = -3},
    {.bitmap_index = 1449, .adv_w = 207, .box_w = 13, .box_h = 13, .ofs_x = 0, .ofs_y = 14},
    {.bitmap_index = 1534, .adv_w = 251, .box_w = 15, .box_h = 15, .ofs_x = 0, .ofs_y = 3},
    {.bitmap_index = 1647, .adv_w = 129, .box_w = 6, .box_h = 9, .ofs_x = 1, .ofs_y = -3},
    {.bitmap_index = 1674, .adv_w = 201, .box_w = 12, .box_h = 5, .ofs_x = 0, .ofs_y = 8},
    {.bitmap_index = 1704, .adv_w = 134, .box_w = 6, .box_h = 6, .ofs_x = 1, .ofs_y = 0},
    {.bitmap_index = 1722, .adv_w = 242, .box_w = 14, .box_h = 24, .ofs_x = 0, .ofs_y = 0},
    {.bitmap_index = 1890, .adv_w = 278, .box_w = 16, .box_h = 24, .ofs_x = 1, .ofs_y = 0},
    {.bitmap_index = 2082, .adv_w = 174, .box_w = 10, .box_h = 24, .ofs_x = 0, .ofs_y = 0},
    {.bitmap_index = 2202, .adv_w = 271, .box_w = 15, .box_h = 24, .ofs_x = 1, .ofs_y = 0},
    {.bitmap_index = 2382, .adv_w = 265, .box_w = 16, .box_h = 24, .ofs_x = 0, .ofs_y = 0},
    {.bitmap_index = 2574, .adv_w = 296, .box_w = 18, .box_h = 24, .ofs_x = 0, .ofs_y = 0},
    {.bitmap_index = 2790, .adv_w = 265, .box_w = 15, .box_h = 24, .ofs_x = 1, .ofs_y = 0},
    {.bitmap_index = 2970, .adv_w = 265, .box_w = 15, .box_h = 24, .ofs_x = 1, .ofs_y = 0},
    {.bitmap_index = 3150, .adv_w = 245, .box_w = 15, .box_h = 24, .ofs_x = 0, .ofs_y = 0},
    {.bitmap_index = 3330, .adv_w = 267, .box_w = 15, .box_h = 24, .ofs_x = 1, .ofs_y = 0},
    {.bitmap_index = 3510, .adv_w = 262, .box_w = 16, .box_h = 24, .ofs_x = 0, .ofs_y = 0},
    {.bitmap_index = 3702, .adv_w = 174, .box_w = 7, .box_h = 17, .ofs_x = 2, .ofs_y = 0},
    {.bitmap_index = 3762, .adv_w = 149, .box_w = 7, .box_h = 20, .ofs_x = 1, .ofs_y = -3},
    {.bitmap_index = 3832, .adv_w = 251, .box_w = 15, .box_h = 18, .ofs_x = 0, .ofs_y = 1},
    {.bitmap_index = 3967, .adv_w = 251, .box_w = 15, .box_h = 10, .ofs_x = 0, .ofs_y = 5},
    {.bitmap_index = 4042, .adv_w = 251, .box_w = 15, .box_h = 18, .ofs_x = 0, .ofs_y = 1},
    {.bitmap_index = 4177, .adv_w = 261, .box_w = 16, .box_h = 24, .ofs_x = 0, .ofs_y = 0},
    {.bitmap_index = 4369, .adv_w = 428, .box_w = 25, .box_h = 25, .ofs_x = 1, .ofs_y = -3},
    {.bitmap_index = 4682, .adv_w = 314, .box_w = 19, .box_h = 24, .ofs_x = 0, .ofs_y = 0},
    {.bitmap_index = 4910, .adv_w = 296, .box_w = 17, .box_h = 24, .ofs_x = 1, .ofs_y = 0},
    {.bitmap_index = 5114, .adv_w = 292, .box_w = 16, .box_h = 24, .ofs_x = 1, .ofs_y = 0},
    {.bitmap_index = 5306, .adv_w = 298, .box_w = 17, .box_h = 24, .ofs_x = 1, .ofs_y = 0},
    {.bitmap_index = 5510, .adv_w = 278, .box_w = 16, .box_h = 24, .ofs_x = 1, .ofs_y = 0},
    {.bitmap_index = 5702, .adv_w = 267, .box_w = 16, .box_h = 24, .ofs_x = 1, .ofs_y = 0},
    {.bitmap_index = 5894, .adv_w = 294, .box_w = 16, .box_h = 24, .ofs_x = 1, .ofs_y = 0},
    {.bitmap_index = 6086, .adv_w = 301, .box_w = 17, .box_h = 24, .ofs_x = 1, .ofs_y = 0},
    {.bitmap_index = 6290, .adv_w = 134, .box_w = 6, .box_h = 24, .ofs_x = 1, .ofs_y = 0},
    {.bitmap_index = 6362, .adv_w = 282, .box_w = 16, .box_h = 24, .ofs_x = 0, .ofs_y = 0},
    {.bitmap_index = 6554, .adv_w = 304, .box_w = 18, .box_h = 24, .ofs_x = 1, .ofs_y = 0},
    {.bitmap_index = 6770, .adv_w = 271, .box_w = 16, .box_h = 24, .ofs_x = 1, .ofs_y = 0},
    {.bitmap_index = 6962, .adv_w = 343, .box_w = 19, .box_h = 24, .ofs_x = 1, .ofs_y = 0},
    {.bitmap_index = 7190, .adv_w = 321, .box_w = 18, .box_h = 24, .ofs_x = 1, .ofs_y = 0},
    {.bitmap_index = 7406, .adv_w = 298, .box_w = 17, .box_h = 24, .ofs_x = 1, .ofs_y = 0},
    {.bitmap_index = 7610, .adv_w = 289, .box_w = 17, .box_h = 24, .ofs_x = 1, .ofs_y = 0},
    {.bitmap_index = 7814, .adv_w = 287, .box_w = 16, .box_h = 28, .ofs_x = 1, .ofs_y = -4},
    {.bitmap_index = 8038, .adv_w = 295, .box_w = 17, .box_h = 24, .ofs_x = 1, .ofs_y = 0},
    {.bitmap_index = 8242, .adv_w = 283, .box_w = 16, .box_h = 24, .ofs_x = 1, .ofs_y = 0},
    {.bitmap_index = 8434, .adv_w = 286, .box_w = 17, .box_h = 24, .ofs_x = 0, .ofs_y = 0},
    {.bitmap_index = 8638, .adv_w = 301, .box_w = 17, .box_h = 24, .ofs_x = 1, .ofs_y = 0},
    {.bitmap_index = 8842, .adv_w = 302, .box_w = 19, .box_h = 24, .ofs_x = 0, .ofs_y = 0},
    {.bitmap_index = 9070, .adv_w = 426, .box_w = 26, .box_h = 24, .ofs_x = 0, .ofs_y = 0},
    {.bitmap_index = 9382, .adv_w = 301, .box_w = 18, .box_h = 24, .ofs_x = 0, .ofs_y = 0},
    {.bitmap_index = 9598, .adv_w = 297, .box_w = 18, .box_h = 24, .ofs_x = 0, .ofs_y = 0},
    {.bitmap_index = 9814, .adv_w = 264, .box_w = 16, .box_h = 24, .ofs_x = 0, .ofs_y = 0},
    {.bitmap_index = 10006, .adv_w = 207, .box_w = 9, .box_h = 33, .ofs_x = 1, .ofs_y = -5},
    {.bitmap_index = 10155, .adv_w = 242, .box_w = 14, .box_h = 24, .ofs_x = 1, .ofs_y = 0},
    {.bitmap_index = 10323, .adv_w = 207, .box_w = 9, .box_h = 33, .ofs_x = 3, .ofs_y = -5},
    {.bitmap_index = 10472, .adv_w = 244, .box_w = 15, .box_h = 14, .ofs_x = 0, .ofs_y = 10},
    {.bitmap_index = 10577, .adv_w = 257, .box_w = 16, .box_h = 4, .ofs_x = 0, .ofs_y = 0},
    {.bitmap_index = 10609, .adv_w = 123, .box_w = 7, .box_h = 5, .ofs_x = 0, .ofs_y = 20},
    {.bitmap_index = 10627, .adv_w = 265, .box_w = 16, .box_h = 18, .ofs_x = 0, .ofs_y = 0},
    {.bitmap_index = 10771, .adv_w = 275, .box_w = 15, .box_h = 24, .ofs_x = 1, .ofs_y = 0},
    {.bitmap_index = 10951, .adv_w = 264, .box_w = 15, .box_h = 18, .ofs_x = 1, .ofs_y = 0},
    {.bitmap_index = 11086, .adv_w = 275, .box_w = 15, .box_h = 24, .ofs_x = 1, .ofs_y = 0},
    {.bitmap_index = 11266, .adv_w = 268, .box_w = 15, .box_h = 18, .ofs_x = 1, .ofs_y = 0},
    {.bitmap_index = 11401, .adv_w = 186, .box_w = 11, .box_h = 24, .ofs_x = 0, .ofs_y = 0},
    {.bitmap_index = 11533, .adv_w = 271, .box_w = 15, .box_h = 25, .ofs_x = 1, .ofs_y = -7},
    {.bitmap_index = 11721, .adv_w = 270, .box_w = 15, .box_h = 24, .ofs_x = 1, .ofs_y = 0},
    {.bitmap_index = 11901, .adv_w = 129, .box_w = 6, .box_h = 25, .ofs_x = 1, .ofs_y = 0},
    {.bitmap_index = 11976, .adv_w = 128, .box_w = 9, .box_h = 33, .ofs_x = -2, .ofs_y = -7},
    {.bitmap_index = 12125, .adv_w = 267, .box_w = 16, .box_h = 24, .ofs_x = 1, .ofs_y = 0},
    {.bitmap_index = 12317, .adv_w = 123, .box_w = 6, .box_h = 24, .ofs_x = 1, .ofs_y = 0},
    {.bitmap_index = 12389, .adv_w = 411, .box_w = 24, .box_h = 18, .ofs_x = 1, .ofs_y = 0},
    {.bitmap_index = 12605, .adv_w = 270, .box_w = 15, .box_h = 18, .ofs_x = 1, .ofs_y = 0},
    {.bitmap_index = 12740, .adv_w = 274, .box_w = 15, .box_h = 18, .ofs_x = 1, .ofs_y = 0},
    {.bitmap_index = 12875, .adv_w = 276, .box_w = 15, .box_h = 24, .ofs_x = 1, .ofs_y = -6},
    {.bitmap_index = 13055, .adv_w = 276, .box_w = 15, .box_h = 24, .ofs_x = 1, .ofs_y = -6},
    {.bitmap_index = 13235, .adv_w = 193, .box_w = 11, .box_h = 18, .ofs_x = 1, .ofs_y = 0},
    {.bitmap_index = 13334, .adv_w = 249, .box_w = 14, .box_h = 18, .ofs_x = 1, .ofs_y = 0},
    {.bitmap_index = 13460, .adv_w = 182, .box_w = 11, .box_h = 23, .ofs_x = 0, .ofs_y = 0},
    {.bitmap_index = 13587, .adv_w = 270, .box_w = 15, .box_h = 18, .ofs_x = 1, .ofs_y = 0},
    {.bitmap_index = 13722, .adv_w = 260, .box_w = 16, .box_h = 18, .ofs_x = 0, .ofs_y = 0},
    {.bitmap_index = 13866, .adv_w = 380, .box_w = 24, .box_h = 18, .ofs_x = 0, .ofs_y = 0},
    {.bitmap_index = 14082, .adv_w = 265, .box_w = 17, .box_h = 18, .ofs_x = 0, .ofs_y = 0},
    {.bitmap_index = 14235, .adv_w = 252, .box_w = 16, .box_h = 25, .ofs_x = 0, .ofs_y = -7},
    {.bitmap_index = 14435, .adv_w = 226, .box_w = 14, .box_h = 18, .ofs_x = 0, .ofs_y = 0},
    {.bitmap_index = 14561, .adv_w = 196, .box_w = 11, .box_h = 33, .ofs_x = 1, .ofs_y = -5},
    {.bitmap_index = 14743, .adv_w = 106, .box_w = 6, .box_h = 29, .ofs_x = 0, .ofs_y = -3},
    {.bitmap_index = 14830, .adv_w = 196, .box_w = 11, .box_h = 33, .ofs_x = 1, .ofs_y = -5},
    {.bitmap_index = 15012, .adv_w = 279, .box_w = 17, .box_h = 7, .ofs_x = 0, .ofs_y = 7},
    {.bitmap_index = 15072, .adv_w = 125, .box_w = 6, .box_h = 6, .ofs_x = 1, .ofs_y = 7},
    {.bitmap_index = 15090, .adv_w = 233, .box_w = 14, .box_h = 5, .ofs_x = 0, .ofs_y = 8},
    {.bitmap_index = 15125, .adv_w = 424, .box_w = 24, .box_h = 6, .ofs_x = 1, .ofs_y = 0}
};

/*---------------------
 *  CHARACTER MAPPING
 *--------------------*/

static const uint16_t unicode_list_1[] = {
    0x0, 0x1f5c, 0x1f6f
};

/*Collect the unicode lists and glyph_id offsets*/
static const lv_font_fmt_txt_cmap_t cmaps[] =
{
    {
        .range_start = 32, .range_length = 95, .glyph_id_start = 1,
        .unicode_list = NULL, .glyph_id_ofs_list = NULL, .list_length = 0, .type = LV_FONT_FMT_TXT_CMAP_FORMAT0_TINY
    },
    {
        .range_start = 183, .range_length = 8048, .glyph_id_start = 96,
        .unicode_list = unicode_list_1, .glyph_id_ofs_list = NULL, .list_length = 3, .type = LV_FONT_FMT_TXT_CMAP_SPARSE_TINY
    }
};

/*-----------------
 *    KERNING
 *----------------*/


/*Map glyph_ids to kern left classes*/
static const uint8_t kern_left_class_mapping[] =
{
    0, 0, 0, 1, 0, 0, 0, 0,
    1, 0, 0, 0, 2, 3, 4, 3,
    5, 6, 7, 8, 9, 10, 11, 9,
    12, 13, 14, 0, 0, 0, 0, 0,
    0, 0, 15, 16, 17, 16, 18, 19,
    17, 20, 21, 22, 23, 24, 0, 25,
    17, 26, 27, 28, 29, 30, 22, 31,
    31, 32, 33, 0, 0, 0, 0, 0,
    0, 0, 34, 35, 36, 0, 37, 38,
    39, 35, 40, 0, 41, 42, 35, 35,
    4, 35, 39, 43, 44, 45, 0, 46,
    46, 47, 46, 48, 0, 0, 0, 0,
    0, 0, 0
};

/*Map glyph_ids to kern right classes*/
static const uint8_t kern_right_class_mapping[] =
{
    0, 0, 0, 1, 0, 0, 0, 0,
    1, 0, 0, 0, 0, 2, 3, 2,
    4, 5, 6, 7, 8, 9, 0, 0,
    10, 0, 0, 11, 11, 0, 0, 0,
    12, 0, 13, 14, 15, 14, 14, 14,
    15, 16, 0, 17, 18, 19, 0, 14,
    15, 14, 15, 20, 21, 22, 23, 24,
    24, 25, 26, 27, 0, 0, 0, 0,
    0, 0, 28, 29, 3, 3, 3, 30,
    31, 29, 32, 33, 29, 0, 34, 34,
    3, 34, 31, 34, 35, 30, 36, 37,
    37, 38, 37, 39, 0, 0, 0, 0,
    0, 0, 0
};

/*Kern values between classes*/
static const int8_t kern_class_values[] =
{
    0, 0, 0, 0, 0, 0, 0, 0,
    -6, 0, 0, 0, 0, 0, 0, 0,
    0, 0, 0, 0, 0, 0, 0, 0,
    0, 0, 0, 0, 0, 0, 0, 0,
    0, 0, 0, 0, 0, 0, 0, 0,
    0, 0, 0, 0, 0, -4, 0, 0,
    -10, 0, 0, 0, 0, 0, 0, 0,
    0, 0, 0, 0, 0, 0, 0, 0,
    0, 0, 0, 0, 0, 0, 0, 0,
    0, 0, 0, 0, 0, 0, 0, 0,
    0, 0, -18, 0, 0, 0, 0, -9,
    0, 0, 0, 0, 0, 0, 0, 0,
    0, 0, 0, 0, 0, 0, 0, 0,
    0, 0, 0, 0, 0, 0, 0, 0,
    0, 0, 0, 0, 0, -10, -5, 0,
    -2, 0, 0, 0, 0, 0, -21, 0,
    0, 0, 0, 0, 0, 0, 0, 0,
    0, 0, -6, 0, 0, 0, 0, 0,
    0, 0, -4, 0, 0, 0, 0, 0,
    0, -12, -13, 0, 0, 0, -36, 0,
    0, 0, 0, 0, 0, 0, 0, 0,
    -45, -2, -14, 0, -2, -2, -3, -2,
    -2, 0, 0, 0, 0, 4, 0, -43,
    0, -5, -25, 0, 0, -12, -23, -6,
    -16, 0, -6, 0, 0, 0, 0, 0,
    -3, 0, 0, 0, 0, 0, 0, 0,
    0, 0, 0, 0, 0, 0, 0, 0,
    0, 0, 0, 0, 0, 0, 0, 0,
    0, 0, 0, 0, 0, 0, 0, 0,
    0, 0, 0, 0, 0, 0, 0, -1,
    1, 0, 0, 0, 0, 0, 0, 0,
    0, 0, 0, 0, 0, 0, 0, 0,
    0, 0, 0, 0, 0, 0, 0, 0,
    0, 0, 0, 0, 0, 0, 0, 0,
    0, 0, 0, 0, 0, 0, -5, 0,
    -4, 0, 0, 0, 0, 0, 0, 0,
    0, 0, 0, 0, 0, 0, 0, 0,
    0, 0, 0, 0, 0, 0, 0, 0,
    0, 0, 0, 0, 0, 0, 0, 0,
    0, 0, 0, 0, 0, -5, 0, 0,
    0, 0, 0, 0, 0, 0, 0, 0,
    0, 0, 0, 0, 0, 0, 0, 0,
    0, 0, 0, 0, 0, 0, 0, 0,
    0, 0, 0, 0, 0, 0, 0, -10,
    0, 0, 0, 0, -41, 0, 0, 0,
    -35, 0, 0, 0, 0, 0, 0, 0,
    0, 0, 0, 0, 0, 0, 0, 0,
    0, 0, 0, 0, 0, 0, 0, 0,
    0, 0, 0, 0, 0, 0, 0, 0,
    0, 0, 0, -5, 0, 0, 0, 0,
    0, 0, 0, 0, 0, 0, 0, 0,
    0, 0, 0, 0, 0, 0, 0, 0,
    0, 0, 0, 0, 0, 0, 0, 0,
    0, 0, 0, 0, 0, 0, -30, 0,
    -51, 0, 1, 0, 0, 0, 0, 0,
    0, 0, 0, 0, 0, 0, 0, 0,
    0, 0, 0, 0, 0, 0, 0, 0,
    0, 0, 0, 0, 0, 0, 0, 0,
    0, 0, 0, 0, 0, 0, 0, 0,
    0, -7, 0, 0, 0, 0, 0, 0,
    0, 0, 0, 0, 0, 0, 0, 0,
    0, 0, 0, 0, 0, 0, 0, 0,
    0, 0, 0, 0, 0, 0, 0, 0,
    0, 0, 0, 0, 0, 0, 0, 0,
    -9, 0, 0, 0, 0, 0, 0, 0,
    0, 0, 0, 0, 0, 0, 0, 0,
    0, 0, 0, 0, 0, 0, 0, 0,
    0, 0, 0, 0, 0, 0, 0, 0,
    0, 0, -40, 0, -5, 4, 0, 0,
    0, 0, 0, 0, 0, 0, 4, 0,
    -11, 0, 1, 0, 0, 0, -18, -40,
    -4, -26, 1, -39, 2, 0, 0, -10,
    -6, 0, 0, 0, -1, -4, -26, 2,
    0, 0, -3, 0, -1, 0, 0, 0,
    0, 0, 0, 0, 0, -16, -1, 0,
    0, 0, -1, 0, 0, 0, -5, 0,
    -14, -15, -21, 0, -1, 0, -2, -3,
    0, 0, 0, -4, -2, -3, 0, 0,
    0, -2, -2, 0, 0, 0, 0, 0,
    0, 0, 0, 0, -7, 0, 0, 0,
    2, 0, 0, 0, 0, -2, 0, -4,
    -4, -11, 0, -1, 0, 0, -3, 0,
    0, 0, 0, 0, -2, 0, 0, 0,
    0, -1, 1, 0, 0, 0, 0, 0,
    0, 0, 0, 4, 0, 0, 0, 2,
    0, 0, 0, 0, 0, 0, 2, 0,
    0, 0, 0, 0, 0, 0, 0, 0,
    0, -1, 0, 0, 0, 0, 0, -26,
    -25, -30, 0, 0, 0, 0, 0, 0,
    -4, 0, -32, 0, -1, 0, -18, 0,
    0, 0, 0, 0, 0, 0, 0, 0,
    0, -21, 0, -2, -21, 0, 0, -17,
    -22, -15, -21, -21, -14, 0, 0, 0,
    0, 0, 0, 0, 0, 0, 0, 0,
    0, 1, -1, 0, 0, 0, 0, 0,
    0, 0, 0, 0, 0, 0, 0, 0,
    0, 0, 0, 0, 0, 0, 0, 0,
    0, 0, 0, 0, 0, 0, 0, 0,
    0, 0, 0, 0, 0, 0, 0, 0,
    0, 0, 0, -1, 0, 0, 0, 0,
    0, 0, 0, 0, 0, 0, 0, 0,
    0, 0, 0, 0, 0, 0, 0, 0,
    0, 0, 0, 0, -3, 0, -7, 0,
    0, 0, 0, 0, 0, 0, 0, -9,
    -2, -2, 0, 0, 0, 0, 0, 0,
    0, 0, 0, 0, 0, 0, 0, 0,
    0, 0, 0, 0, 0, 0, 0, 0,
    0, 0, 0, 2, -10, 2, 0, 0,
    0, 0, 0, 0, 0, 0, 5, 0,
    -14, 0, -6, 0, 0, 0, -12, 0,
    0, 0, 2, 0, 0, 0, 0, 0,
    -8, 0, 0, 0, -4, 0, -14, 0,
    0, -27, 2, 0, 2, 0, 0, 0,
    0, 0, 0, 0, -4, 9, 0, -3,
    0, 0, 0, 0, 0, -1, -45, 0,
    -11, 0, -23, 0, 0, 0, -8, 0,
    0, 0, 0, 0, 0, -8, 0, 4,
    0, 0, 0, 0, 0, 0, 0, 0,
    0, 0, 0, 0, 0, -2, 0, 0,
    0, 0, 0, 0, 0, 0, 0, 0,
    0, 0, 0, 0, 0, 0, 0, 0,
    0, 0, 0, 0, 0, 0, 0, 0,
    -9, -8, -18, 0, 0, 0, 0, 0,
    0, 0, 0, -24, 0, 0, 0, -23,
    0, 0, 0, 0, 0, 0, -9, -15,
    -15, 0, -2, 0, 0, -5, 0, 0,
    0, -5, 0, 0, 0, 0, 0, -1,
    -2, 0, 0, 0, 0, 0, 0, 0,
    0, 4, -8, 0, 0, 0, 2, 0,
    0, 0, 0, -4, 0, -10, -13, -18,
    0, -1, 0, 0, -3, 0, 0, 0,
    0, 0, -2, 0, 0, 0, 0, -2,
    2, 0, 0, 0, 0, 0, 0, 0,
    0, 5, 0, 0, 0, 0, 0, 0,
    0, 1, -1, 0, -7, 2, -15, 0,
    0, 0, 0, 0, 0, 0, 0, 0,
    0, 0, 0, 0, 0, -2, 0, 0,
    0, 0, 0, 0, 0, 0, 0, 0,
    0, -1, 0, 0, 1, 0, 0, 0,
    0, -4, 0, -10, -18, -15, 0, -2,
    0, 0, 0, 0, 0, 0, 0, 0,
    -2, 0, 0, 0, -31, -42, -2, 0,
    0, 0, 0, 0, 0, 0, 8, -33,
    0, -13, 0, -14, 0, -1, 0, -2,
    0, 0, 0, 0, 0, 0, -23, 0,
    -5, -35, -2, 0, -23, -34, -17, -23,
    -17, -8, 0, -26, -30, -33, 0, 0,
    0, 0, 0, 0, -14, 0, -48, -2,
    -14, 0, -23, -3, 0, -1, -10, 0,
    0, 0, 0, 0, 0, -24, 0, -4,
    -26, 0, 0, -10, -24, -8, -9, -6,
    -4, 0, 1, -13, 0, 0, 0, 0,
    0, 0, 0, -2, 0, 1, -1, -12,
    0, -6, 0, 0, 0, -15, 0, 0,
    0, 0, 0, 0, -5, 0, -4, -15,
    0, 0, 0, -6, -4, -22, 0, 0,
    0, -46, -38, -33, 0, 0, 0, 0,
    0, 0, -20, 0, -53, -4, -16, 0,
    -34, 0, -1, -2, -15, 0, 0, 0,
    0, 0, 0, -18, 0, -19, -40, 0,
    0, -24, -16, -21, -22, -17, -14, -9,
    -1, 0, 0, 0, 0, 0, 0, 0,
    0, 0, 0, 0, 0, 0, 0, 0,
    0, 0, 0, 0, -10, 0, 0, 0,
    -12, 0, 0, 0, -3, 0, 0, 0,
    0, 0, 0, -8, 0, 0, -12, -4,
    -1, -2, 0, 0, 0, 0, 0, 0,
    0, 0, 0, 0, 0, 0, 0, 0,
    0, 0, 0, 0, 0, 0, 0, 0,
    0, 0, 0, 0, 0, 0, 0, 0,
    0, 0, -8, -4, 0, -8, -7, -2,
    0, 0, 0, 0, 0, 0, 0, 0,
    0, 0, 0, 0, 0, 0, 0, 0,
    0, 0, 0, 0, 0, 0, 0, 0,
    0, 0, -2, 0, 0, 0, 0, 0,
    0, -9, -10, 2, -15, -6, 0, 0,
    0, 0, 0, 0, 0, 0, 0, -1,
    0, 0, 0, 0, 0, 0, 0, 0,
    0, 0, 0, 0, 0, 0, 0, -3,
    0, -4, 0, 0, 0, 0, -2, 0,
    -11, -7, 0, 2, -15, -8, -4, 0,
    0, 0, 0, 0, 0, 0, 2, 0,
    0, 0, 0, 0, 0, 0, 0, 0,
    0, 0, 0, 0, 0, 0, -2, 0,
    0, -7, 0, 0, 0, -3, 0, 0,
    0, 0, -2, 0, 0, 0, 0, 0,
    0, 0, 0, 0, 0, 0, 0, 0,
    0, 0, 0, 0, 0, 0, 0, 0,
    0, 0, 0, 0, 0, 0, 0, 0,
    0, 1, 1, 0, -1, 0, -2, 0,
    0, 0, 0, 0, 0, 0, 0, 0,
    0, 0, 0, 0, 0, 0, 0, 0,
    0, 0, 0, 0, 0, 0, 0, 0,
    0, 0, 0, 0, 0, 0, 0, 0,
    0, -5, 0, 0, 0, 0, 0, 0,
    0, 0, -18, 0, 0, 0, 0, 0,
    0, 0, 0, 0, 0, 0, 0, 0,
    0, 0, 0, 0, 0, 0, 0, 0,
    0, 0, 0, -6, 0, -4, -15, 0,
    0, 0, -9, 0, 0, 0, 0, 0,
    0, 0, 0, 0, 0, 0, 0, 0,
    0, 0, 0, 0, 0, 0, 0, 0,
    0, 0, 0, 0, 0, 0, 0, 0,
    0, 0, 0, 1, 0, 0, 0, 0,
    0, 0, 0, 0, 0, 0, 6, -11,
    -5, 0, 0, 0, 0, 0, 0, 0,
    0, 2, 0, 0, 0, 0, 0, 0,
    0, 0, 0, 0, 0, 0, 0, 0,
    0, -3, 0, 2, -9, 0, 0, 0,
    -2, 0, 4, 0, 2, -7, 0, 0,
    0, 0, 0, 0, 0, 0, 0, 0,
    -1, 0, 0, 0, 0, 0, 0, 0,
    0, 0, 0, 0, 0, 0, 0, 0,
    0, 0, -1, 0, 0, 0, 0, -4,
    0, -16, -8, 0, 1, 0, -2, 0,
    0, 0, 0, 0, 0, 0, 0, 0,
    0, 0, 0, 0, 0, 0, 0, 0,
    0, 0, 0, 0, 0, 0, 0, 0,
    0, 0, -1, 0, 0, 0, 0, 0,
    0, 0, 0, 0, -16, -14, -16, 0,
    0, 0, 0, 0, 0, -6, 0, 0,
    0, 0, 0, 0, 0, 0, 0, 0,
    0, 0, 0, 0, 0, 0, -11, 0,
    0, -15, 0, 0, 0, -14, 0, 2,
    0, 0, 0, 0, -16, 0, 0, 0,
    0, 0, 0, 0, -6, 0, 0, 0,
    0, 0, 0, 0, 0, 0, 0, 0,
    0, 0, 0, 0, 0, 0, 0, 0,
    -8, 0, 0, 0, -2, 0, 0, 0,
    0, 0, 0, 0, 4, 0, 0, 0,
    0, 0, 0, 0, 0, 0, 0, 0,
    0, 0, 0, 0, 0, 0, 0, 0,
    0, 0, 0, 0, 0, 0, 0, 0,
    0, 0, 0, 0, 0, 0, 0, 0
};


/*Collect the kern class' data in one place*/
static const lv_font_fmt_txt_kern_classes_t kern_classes =
{
    .class_pair_values   = kern_class_values,
    .left_class_mapping  = kern_left_class_mapping,
    .right_class_mapping = kern_right_class_mapping,
    .left_class_cnt      = 48,
    .right_class_cnt     = 39,
};

/*--------------------
 *  ALL CUSTOM DATA
 *--------------------*/

#if LVGL_VERSION_MAJOR == 8
/*Store all the custom data of the font*/
static  lv_font_fmt_txt_glyph_cache_t cache;
#endif

#if LVGL_VERSION_MAJOR >= 8
static const lv_font_fmt_txt_dsc_t font_dsc = {
#else
static lv_font_fmt_txt_dsc_t font_dsc = {
#endif
    .glyph_bitmap = glyph_bitmap,
    .glyph_dsc = glyph_dsc,
    .cmaps = cmaps,
    .kern_dsc = &kern_classes,
    .kern_scale = 16,
    .cmap_num = 2,
    .bpp = 4,
    .kern_classes = 1,
    .bitmap_format = 0,
#if LVGL_VERSION_MAJOR == 8
    .cache = &cache
#endif
};



/*-----------------
 *  PUBLIC FONT
 *----------------*/

/*Initialize a public general font descriptor*/
#if LVGL_VERSION_MAJOR >= 8
const lv_font_t zk_font_b_34 = {
#else
lv_font_t zk_font_b_34 = {
#endif
    .get_glyph_dsc = lv_font_get_glyph_dsc_fmt_txt,    /*Function pointer to get glyph's data*/
    .get_glyph_bitmap = lv_font_get_bitmap_fmt_txt,    /*Function pointer to get glyph's bitmap*/
    .line_height = 35,          /*The maximum line height required by the font*/
    .base_line = 7,             /*Baseline measured from the bottom of the line*/
#if !(LVGL_VERSION_MAJOR == 6 && LVGL_VERSION_MINOR == 0)
    .subpx = LV_FONT_SUBPX_NONE,
#endif
#if LV_VERSION_CHECK(7, 4, 0) || LVGL_VERSION_MAJOR >= 8
    .underline_position = -3,
    .underline_thickness = 2,
#endif
    .dsc = &font_dsc,          /*The custom font data. Will be accessed by `get_glyph_bitmap/dsc` */
#if LV_VERSION_CHECK(8, 2, 0) || LVGL_VERSION_MAJOR >= 9
    .fallback = NULL,
#endif
    .user_data = NULL,
};



#endif /*#if ZK_FONT_B_34*/

