/* Generated by lv_font_conv 1.5.3; do not edit. */
/*******************************************************************************
 * Size: 36 px
 * Bpp: 4
 * Opts: --bpp 4 --no-compress --no-prefilter --format lvgl --lv-include lvgl.h --lv-font-name zk_font_xb_36 --font fonts/BarlowSemiCondensed-ExtraBold.ttf --size 36 --range 0x20-0x7E,0xB7,0x2013,0x2026 -o generated/zk_font_xb_36.c
 ******************************************************************************/

#ifdef LV_LVGL_H_INCLUDE_SIMPLE
#include "lvgl.h"
#else
#include "lvgl.h"
#endif

#ifndef ZK_FONT_XB_36
#define ZK_FONT_XB_36 1
#endif

#if ZK_FONT_XB_36

/*-----------------
 *    BITMAPS
 *----------------*/

/*Store the image of the glyphs*/
static LV_ATTRIBUTE_LARGE_CONST const uint8_t glyph_bitmap[] = {
    /* U+0020 " " */

    /* U+0021 "!" */
    0x3f, 0xff, 0xff, 0xb3, 0xff, 0xff, 0xfb, 0x2f,
    0xff, 0xff, 0xa1, 0xff, 0xff, 0xfa, 0x1f, 0xff,
    0xff, 0x90, 0xff, 0xff, 0xf8, 0xf, 0xff, 0xff,
    0x80, 0xff, 0xff, 0xf7, 0xe, 0xff, 0xff, 0x60,
    0xef, 0xff, 0xf6, 0xd, 0xff, 0xff, 0x50, 0xcf,
    0xff, 0xf5, 0xc, 0xff, 0xff, 0x40, 0xbf, 0xff,
    0xf3, 0xa, 0xff, 0xff, 0x30, 0xaf, 0xff, 0xf2,
    0x4, 0x88, 0x87, 0x0, 0x0, 0x0, 0x0, 0x0,
    0x3, 0x10, 0x0, 0x6f, 0xff, 0xa0, 0x2f, 0xff,
    0xff, 0x75, 0xff, 0xff, 0xfb, 0x5f, 0xff, 0xff,
    0xa0, 0xef, 0xff, 0xf4, 0x2, 0xbf, 0xd5, 0x0,

    /* U+0022 "\"" */
    0x8f, 0xff, 0xff, 0x0, 0xef, 0xff, 0xfa, 0x8f,
    0xff, 0xfe, 0x0, 0xdf, 0xff, 0xf9, 0x7f, 0xff,
    0xfd, 0x0, 0xcf, 0xff, 0xf8, 0x6f, 0xff, 0xfc,
    0x0, 0xbf, 0xff, 0xf7, 0x5f, 0xff, 0xfb, 0x0,
    0xaf, 0xff, 0xf6, 0x3f, 0xff, 0xfa, 0x0, 0x9f,
    0xff, 0xf4, 0x2f, 0xff, 0xf8, 0x0, 0x8f, 0xff,
    0xf3, 0x1f, 0xff, 0xf7, 0x0, 0x6f, 0xff, 0xf2,
    0x6, 0x77, 0x72, 0x0, 0x17, 0x77, 0x60,

    /* U+0023 "#" */
    0x0, 0x0, 0x5, 0x88, 0x88, 0x70, 0x0, 0x78,
    0x88, 0x87, 0x0, 0x0, 0x0, 0xe, 0xff, 0xff,
    0xf0, 0x1, 0xff, 0xff, 0xfe, 0x0, 0x0, 0x0,
    0xf, 0xff, 0xff, 0xe0, 0x3, 0xff, 0xff, 0xfc,
    0x0, 0x0, 0x0, 0x3f, 0xff, 0xff, 0xc0, 0x5,
    0xff, 0xff, 0xfa, 0x0, 0x0, 0x0, 0x5f, 0xff,
    0xff, 0xa0, 0x7, 0xff, 0xff, 0xf8, 0x0, 0x0,
    0x22, 0x8f, 0xff, 0xff, 0x92, 0x2a, 0xff, 0xff,
    0xf7, 0x20, 0x8, 0xff, 0xff, 0xff, 0xff, 0xff,
    0xff, 0xff, 0xff, 0xff, 0xf9, 0x8, 0xff, 0xff,
    0xff, 0xff, 0xff, 0xff, 0xff, 0xff, 0xff, 0xfa,
    0x8, 0xff, 0xff, 0xff, 0xff, 0xff, 0xff, 0xff,
    0xff, 0xff, 0xfa, 0x8, 0xff, 0xff, 0xff, 0xff,
    0xff, 0xff, 0xff, 0xff, 0xff, 0xfa, 0x7, 0xff,
    0xff, 0xff, 0xff, 0xff, 0xff, 0xff, 0xff, 0xff,
    0xf9, 0x0, 0x6, 0xff, 0xff, 0xf9, 0x0, 0x8f,
    0xff, 0xff, 0x70, 0x0, 0x0, 0x8, 0xff, 0xff,
    0xf7, 0x0, 0xaf, 0xff, 0xff, 0x40, 0x0, 0x1,
    0x1b, 0xff, 0xff, 0xf6, 0x11, 0xdf, 0xff, 0xff,
    0x41, 0x0, 0xdf, 0xff, 0xff, 0xff, 0xff, 0xff,
    0xff, 0xff, 0xff, 0xff, 0x50, 0xdf, 0xff, 0xff,
    0xff, 0xff, 0xff, 0xff, 0xff, 0xff, 0xff, 0x50,
    0xdf, 0xff, 0xff, 0xff, 0xff, 0xff, 0xff, 0xff,
    0xff, 0xff, 0x50, 0xdf, 0xff, 0xff, 0xff, 0xff,
    0xff, 0xff, 0xff, 0xff, 0xff, 0x50, 0xcf, 0xff,
    0xff, 0xff, 0xff, 0xff, 0xff, 0xff, 0xff, 0xff,
    0x40, 0x0, 0xaf, 0xff, 0xff, 0x50, 0xc, 0xff,
    0xff, 0xf3, 0x0, 0x0, 0x0, 0xcf, 0xff, 0xff,
    0x30, 0xe, 0xff, 0xff, 0xf1, 0x0, 0x0, 0x0,
    0xef, 0xff, 0xff, 0x10, 0xf, 0xff, 0xff, 0xe0,
    0x0, 0x0, 0x0, 0xff, 0xff, 0xfe, 0x0, 0x3f,
    0xff, 0xff, 0xc0, 0x0, 0x0, 0x2, 0xff, 0xff,
    0xfc, 0x0, 0x4f, 0xff, 0xff, 0x90, 0x0, 0x0,

    /* U+0024 "$" */
    0x0, 0x0, 0x3, 0xff, 0xff, 0x70, 0x0, 0x0,
    0x0, 0x0, 0x0, 0x3f, 0xff, 0xf8, 0x0, 0x0,
    0x0, 0x0, 0x0, 0x3, 0xff, 0xff, 0x70, 0x0,
    0x0, 0x0, 0x0, 0x17, 0xdf, 0xff, 0xfe, 0x92,
    0x0, 0x0, 0x0, 0x5e, 0xff, 0xff, 0xff, 0xff,
    0xf9, 0x0, 0x0, 0x5f, 0xff, 0xff, 0xff, 0xff,
    0xff, 0xfb, 0x0, 0x1f, 0xff, 0xff, 0xff, 0xff,
    0xff, 0xff, 0xf7, 0x8, 0xff, 0xff, 0xff, 0xff,
    0xff, 0xff, 0xff, 0xe0, 0xcf, 0xff, 0xff, 0x81,
    0x16, 0xff, 0xff, 0xff, 0x4e, 0xff, 0xff, 0xe0,
    0x0, 0x7, 0xff, 0xff, 0xf7, 0xdf, 0xff, 0xfe,
    0x0, 0x0, 0x4f, 0xff, 0xff, 0x8b, 0xff, 0xff,
    0xf8, 0x0, 0x1, 0x88, 0x88, 0x83, 0x6f, 0xff,
    0xff, 0xfc, 0x30, 0x0, 0x0, 0x0, 0x0, 0xef,
    0xff, 0xff, 0xff, 0xa2, 0x0, 0x0, 0x0, 0x3,
    0xff, 0xff, 0xff, 0xff, 0xf9, 0x10, 0x0, 0x0,
    0x4, 0xff, 0xff, 0xff, 0xff, 0xfe, 0x50, 0x0,
    0x0, 0x2, 0xbf, 0xff, 0xff, 0xff, 0xff, 0x90,
    0x0, 0x0, 0x0, 0x4d, 0xff, 0xff, 0xff, 0xff,
    0x70, 0x0, 0x0, 0x0, 0x5, 0xdf, 0xff, 0xff,
    0xff, 0x11, 0x22, 0x22, 0x0, 0x0, 0x6f, 0xff,
    0xff, 0xf6, 0xff, 0xff, 0xfb, 0x0, 0x0, 0x6f,
    0xff, 0xff, 0x9f, 0xff, 0xff, 0xe0, 0x0, 0x2,
    0xff, 0xff, 0xfa, 0xdf, 0xff, 0xff, 0x80, 0x0,
    0x8f, 0xff, 0xff, 0x8a, 0xff, 0xff, 0xff, 0xeb,
    0xdf, 0xff, 0xff, 0xf5, 0x3f, 0xff, 0xff, 0xff,
    0xff, 0xff, 0xff, 0xfe, 0x0, 0x9f, 0xff, 0xff,
    0xff, 0xff, 0xff, 0xff, 0x50, 0x0, 0x9f, 0xff,
    0xff, 0xff, 0xff, 0xff, 0x60, 0x0, 0x0, 0x4c,
    0xff, 0xff, 0xff, 0xfa, 0x20, 0x0, 0x0, 0x0,
    0x4, 0xff, 0xff, 0xa0, 0x0, 0x0, 0x0, 0x0,
    0x0, 0x3f, 0xff, 0xf8, 0x0, 0x0, 0x0, 0x0,
    0x0, 0x3, 0xff, 0xff, 0x80, 0x0, 0x0, 0x0,

    /* U+0025 "%" */
    0x0, 0x4, 0xae, 0xfd, 0x92, 0x0, 0x0, 0x0,
    0x5, 0xff, 0xfc, 0x0, 0x0, 0x0, 0x9f, 0xff,
    0xff, 0xff, 0x50, 0x0, 0x0, 0xe, 0xff, 0xf5,
    0x0, 0x0, 0x8, 0xff, 0xff, 0xff, 0xff, 0xf3,
    0x0, 0x0, 0x7f, 0xff, 0xc0, 0x0, 0x0, 0x1f,
    0xff, 0xe6, 0x48, 0xff, 0xfc, 0x0, 0x1, 0xff,
    0xff, 0x30, 0x0, 0x0, 0x5f, 0xff, 0x20, 0x0,
    0x6f, 0xff, 0x10, 0x9, 0xff, 0xfa, 0x0, 0x0,
    0x0, 0x7f, 0xfe, 0x0, 0x0, 0x2f, 0xff, 0x20,
    0x2f, 0xff, 0xf2, 0x0, 0x0, 0x0, 0x5f, 0xff,
    0x20, 0x0, 0x6f, 0xff, 0x10, 0xbf, 0xff, 0x90,
    0x0, 0x0, 0x0, 0x1f, 0xff, 0xe7, 0x48, 0xff,
    0xfc, 0x3, 0xff, 0xff, 0x10, 0x0, 0x0, 0x0,
    0x7, 0xff, 0xff, 0xff, 0xff, 0xf3, 0xc, 0xff,
    0xf7, 0x0, 0x0, 0x0, 0x0, 0x0, 0x9f, 0xff,
    0xff, 0xff, 0x50, 0x5f, 0xff, 0xe0, 0x0, 0x0,
    0x0, 0x0, 0x0, 0x4, 0xae, 0xfd, 0x92, 0x0,
    0xdf, 0xff, 0x50, 0x0, 0x0, 0x0, 0x0, 0x0,
    0x0, 0x0, 0x0, 0x0, 0x7, 0xff, 0xfc, 0x0,
    0x0, 0x0, 0x0, 0x0, 0x0, 0x0, 0x0, 0x0,
    0x0, 0x1e, 0xff, 0xf4, 0x0, 0x0, 0x0, 0x0,
    0x0, 0x0, 0x0, 0x0, 0x0, 0x0, 0x8f, 0xff,
    0xb0, 0x4, 0xbe, 0xfc, 0x70, 0x0, 0x0, 0x0,
    0x0, 0x0, 0x1, 0xff, 0xff, 0x20, 0x9f, 0xff,
    0xff, 0xfd, 0x20, 0x0, 0x0, 0x0, 0x0, 0xa,
    0xff, 0xf9, 0x8, 0xff, 0xff, 0xff, 0xff, 0xd0,
    0x0, 0x0, 0x0, 0x0, 0x3f, 0xff, 0xf1, 0x2f,
    0xff, 0xe6, 0x5b, 0xff, 0xf6, 0x0, 0x0, 0x0,
    0x0, 0xbf, 0xff, 0x80, 0x7f, 0xff, 0x20, 0x0,
    0xbf, 0xfc, 0x0, 0x0, 0x0, 0x4, 0xff, 0xfe,
    0x0, 0xaf, 0xfb, 0x0, 0x0, 0x5f, 0xff, 0x0,
    0x0, 0x0, 0xd, 0xff, 0xf6, 0x0, 0xaf, 0xfb,
    0x0, 0x0, 0x5f, 0xfe, 0x0, 0x0, 0x0, 0x6f,
    0xff, 0xd0, 0x0, 0x7f, 0xff, 0x20, 0x0, 0xbf,
    0xfc, 0x0, 0x0, 0x0, 0xef, 0xff, 0x40, 0x0,
    0x2f, 0xff, 0xe6, 0x5b, 0xff, 0xf6, 0x0, 0x0,
    0x7, 0xff, 0xfc, 0x0, 0x0, 0x8, 0xff, 0xff,
    0xff, 0xff, 0xd0, 0x0, 0x0, 0x1f, 0xff, 0xf3,
    0x0, 0x0, 0x0, 0x9f, 0xff, 0xff, 0xfd, 0x20,
    0x0, 0x0, 0x8f, 0xff, 0xa0, 0x0, 0x0, 0x0,
    0x4, 0xbe, 0xfd, 0x70, 0x0,

    /* U+0026 "&" */
    0x0, 0x0, 0x0, 0x5a, 0xdf, 0xfd, 0xa4, 0x0,
    0x0, 0x0, 0x0, 0x0, 0x0, 0x2, 0xcf, 0xff,
    0xff, 0xff, 0xfc, 0x20, 0x0, 0x0, 0x0, 0x0,
    0x2, 0xef, 0xff, 0xff, 0xff, 0xff, 0xfe, 0x20,
    0x0, 0x0, 0x0, 0x0, 0xcf, 0xff, 0xff, 0xff,
    0xff, 0xff, 0xfd, 0x0, 0x0, 0x0, 0x0, 0x3f,
    0xff, 0xff, 0xff, 0xff, 0xff, 0xff, 0xf5, 0x0,
    0x0, 0x0, 0x6, 0xff, 0xff, 0xff, 0x87, 0xef,
    0xff, 0xff, 0x90, 0x0, 0x0, 0x0, 0x7f, 0xff,
    0xff, 0x80, 0x5, 0xff, 0xff, 0xfb, 0x0, 0x0,
    0x0, 0x6, 0xff, 0xff, 0xf9, 0x0, 0x5f, 0xff,
    0xff, 0xb0, 0x0, 0x0, 0x0, 0x1f, 0xff, 0xff,
    0xf3, 0x1d, 0xff, 0xff, 0xf8, 0x0, 0x0, 0x0,
    0x0, 0xaf, 0xff, 0xff, 0xee, 0xff, 0xff, 0xff,
    0x20, 0x0, 0x0, 0x0, 0x1, 0xef, 0xff, 0xff,
    0xff, 0xff, 0xff, 0x80, 0x0, 0x0, 0x0, 0x0,
    0x3, 0xff, 0xff, 0xff, 0xff, 0xff, 0xa0, 0x0,
    0x0, 0x0, 0x0, 0x0, 0x7f, 0xff, 0xff, 0xff,
    0xff, 0x80, 0x0, 0x0, 0x0, 0x0, 0x0, 0xaf,
    0xff, 0xff, 0xff, 0xff, 0xb0, 0x0, 0x4e, 0x60,
    0x0, 0x0, 0x9f, 0xff, 0xff, 0xff, 0xff, 0xff,
    0x70, 0xe, 0xff, 0xd4, 0x0, 0x5f, 0xff, 0xff,
    0xff, 0xff, 0xff, 0xff, 0x6a, 0xff, 0xff, 0xf5,
    0xb, 0xff, 0xff, 0xfd, 0x2b, 0xff, 0xff, 0xff,
    0xff, 0xff, 0xfe, 0x0, 0xff, 0xff, 0xff, 0x20,
    0xc, 0xff, 0xff, 0xff, 0xff, 0xff, 0x40, 0xf,
    0xff, 0xff, 0xf0, 0x0, 0x1d, 0xff, 0xff, 0xff,
    0xff, 0x80, 0x0, 0xff, 0xff, 0xff, 0xa2, 0x14,
    0xbf, 0xff, 0xff, 0xff, 0xb0, 0x0, 0xc, 0xff,
    0xff, 0xff, 0xff, 0xff, 0xff, 0xff, 0xff, 0xfc,
    0x0, 0x0, 0x7f, 0xff, 0xff, 0xff, 0xff, 0xff,
    0xff, 0xff, 0xff, 0xf9, 0x0, 0x0, 0xcf, 0xff,
    0xff, 0xff, 0xff, 0xff, 0xff, 0xff, 0xff, 0xf5,
    0x0, 0x0, 0xaf, 0xff, 0xff, 0xff, 0xff, 0xfd,
    0xbf, 0xff, 0xff, 0xf2, 0x0, 0x0, 0x38, 0xce,
    0xff, 0xeb, 0x83, 0x0, 0xbf, 0xff, 0xff, 0xc0,

    /* U+0027 "'" */
    0x8f, 0xff, 0xff, 0x48, 0xff, 0xff, 0xf4, 0x7f,
    0xff, 0xff, 0x26, 0xff, 0xff, 0xf1, 0x5f, 0xff,
    0xff, 0x3, 0xff, 0xff, 0xe0, 0x2f, 0xff, 0xfd,
    0x1, 0xff, 0xff, 0xc0, 0x6, 0x77, 0x74, 0x0,

    /* U+0028 "(" */
    0x0, 0x0, 0x28, 0x88, 0x88, 0x30, 0x0, 0xd,
    0xff, 0xff, 0xf3, 0x0, 0x8, 0xff, 0xff, 0xfc,
    0x0, 0x2, 0xff, 0xff, 0xff, 0x40, 0x0, 0x9f,
    0xff, 0xff, 0xd0, 0x0, 0x1f, 0xff, 0xff, 0xf8,
    0x0, 0x7, 0xff, 0xff, 0xff, 0x20, 0x0, 0xcf,
    0xff, 0xff, 0xd0, 0x0, 0x1f, 0xff, 0xff, 0xf8,
    0x0, 0x5, 0xff, 0xff, 0xff, 0x50, 0x0, 0x8f,
    0xff, 0xff, 0xf2, 0x0, 0xa, 0xff, 0xff, 0xff,
    0x0, 0x0, 0xcf, 0xff, 0xff, 0xe0, 0x0, 0xe,
    0xff, 0xff, 0xfc, 0x0, 0x0, 0xef, 0xff, 0xff,
    0xc0, 0x0, 0xf, 0xff, 0xff, 0xfb, 0x0, 0x0,
    0xff, 0xff, 0xff, 0xc0, 0x0, 0xe, 0xff, 0xff,
    0xfc, 0x0, 0x0, 0xdf, 0xff, 0xff, 0xd0, 0x0,
    0xb, 0xff, 0xff, 0xff, 0x0, 0x0, 0x9f, 0xff,
    0xff, 0xf1, 0x0, 0x6, 0xff, 0xff, 0xff, 0x30,
    0x0, 0x3f, 0xff, 0xff, 0xf6, 0x0, 0x0, 0xef,
    0xff, 0xff, 0xa0, 0x0, 0x9, 0xff, 0xff, 0xff,
    0x0, 0x0, 0x3f, 0xff, 0xff, 0xf5, 0x0, 0x0,
    0xdf, 0xff, 0xff, 0xb0, 0x0, 0x5, 0xff, 0xff,
    0xff, 0x10, 0x0, 0xc, 0xff, 0xff, 0xf8, 0x0,
    0x0, 0x3f, 0xff, 0xff, 0xf0, 0x0, 0x0, 0x7f,
    0xff, 0xff, 0x60,

    /* U+0029 ")" */
    0x48, 0x88, 0x88, 0x20, 0x0, 0x4, 0xff, 0xff,
    0xfd, 0x0, 0x0, 0xc, 0xff, 0xff, 0xf8, 0x0,
    0x0, 0x5f, 0xff, 0xff, 0xf1, 0x0, 0x0, 0xef,
    0xff, 0xff, 0x90, 0x0, 0x8, 0xff, 0xff, 0xff,
    0x10, 0x0, 0x3f, 0xff, 0xff, 0xf6, 0x0, 0x0,
    0xdf, 0xff, 0xff, 0xc0, 0x0, 0x9, 0xff, 0xff,
    0xff, 0x0, 0x0, 0x5f, 0xff, 0xff, 0xf4, 0x0,
    0x2, 0xff, 0xff, 0xff, 0x70, 0x0, 0xf, 0xff,
    0xff, 0xfa, 0x0, 0x0, 0xef, 0xff, 0xff, 0xb0,
    0x0, 0xc, 0xff, 0xff, 0xfd, 0x0, 0x0, 0xcf,
    0xff, 0xff, 0xe0, 0x0, 0xb, 0xff, 0xff, 0xfe,
    0x0, 0x0, 0xcf, 0xff, 0xff, 0xe0, 0x0, 0xc,
    0xff, 0xff, 0xfd, 0x0, 0x0, 0xdf, 0xff, 0xff,
    0xc0, 0x0, 0xf, 0xff, 0xff, 0xfa, 0x0, 0x1,
    0xff, 0xff, 0xff, 0x80, 0x0, 0x4f, 0xff, 0xff,
    0xf5, 0x0, 0x7, 0xff, 0xff, 0xff, 0x20, 0x0,
    0xbf, 0xff, 0xff, 0xe0, 0x0, 0x1f, 0xff, 0xff,
    0xf9, 0x0, 0x6, 0xff, 0xff, 0xff, 0x30, 0x0,
    0xbf, 0xff, 0xff, 0xc0, 0x0, 0x2f, 0xff, 0xff,
    0xf5, 0x0, 0x9, 0xff, 0xff, 0xfc, 0x0, 0x1,
    0xff, 0xff, 0xff, 0x20, 0x0, 0x7f, 0xff, 0xff,
    0x60, 0x0, 0x0,

    /* U+002A "*" */
    0x0, 0x0, 0x8, 0xbb, 0x40, 0x0, 0x0, 0x0,
    0x0, 0xc, 0xff, 0x80, 0x0, 0x0, 0x3, 0xd5,
    0xc, 0xff, 0x80, 0x8c, 0x0, 0xb, 0xff, 0xce,
    0xff, 0xce, 0xff, 0x70, 0x3f, 0xff, 0xff, 0xff,
    0xff, 0xff, 0xe0, 0x8, 0xff, 0xff, 0xff, 0xff,
    0xfd, 0x50, 0x0, 0x1c, 0xff, 0xff, 0xff, 0x90,
    0x0, 0x3, 0xbf, 0xff, 0xff, 0xff, 0xf9, 0x10,
    0x3f, 0xff, 0xff, 0xff, 0xff, 0xff, 0xe0, 0xe,
    0xff, 0xff, 0xff, 0xef, 0xff, 0xa0, 0x6, 0xfa,
    0x1c, 0xff, 0x83, 0xdf, 0x10, 0x0, 0x20, 0xc,
    0xff, 0x80, 0x3, 0x0, 0x0, 0x0, 0xc, 0xff,
    0x70, 0x0, 0x0,

    /* U+002B "+" */
    0x0, 0x0, 0x1, 0xff, 0xff, 0x90, 0x0, 0x0,
    0x0, 0x0, 0x2, 0xff, 0xff, 0xa0, 0x0, 0x0,
    0x0, 0x0, 0x2, 0xff, 0xff, 0xa0, 0x0, 0x0,
    0x0, 0x0, 0x2, 0xff, 0xff, 0xa0, 0x0, 0x0,
    0x0, 0x0, 0x2, 0xff, 0xff, 0xa0, 0x0, 0x0,
    0x2f, 0xff, 0xff, 0xff, 0xff, 0xff, 0xff, 0xfa,
    0x2f, 0xff, 0xff, 0xff, 0xff, 0xff, 0xff, 0xfb,
    0x2f, 0xff, 0xff, 0xff, 0xff, 0xff, 0xff, 0xfb,
    0x2f, 0xff, 0xff, 0xff, 0xff, 0xff, 0xff, 0xfb,
    0x1c, 0xdd, 0xdd, 0xff, 0xff, 0xfd, 0xdd, 0xd8,
    0x0, 0x0, 0x2, 0xff, 0xff, 0xa0, 0x0, 0x0,
    0x0, 0x0, 0x2, 0xff, 0xff, 0xa0, 0x0, 0x0,
    0x0, 0x0, 0x2, 0xff, 0xff, 0xa0, 0x0, 0x0,
    0x0, 0x0, 0x2, 0xff, 0xff, 0xa0, 0x0, 0x0,
    0x0, 0x0, 0x1, 0xef, 0xff, 0x90, 0x0, 0x0,

    /* U+002C "," */
    0x8, 0x88, 0x88, 0x12, 0xff, 0xff, 0xf1, 0x3f,
    0xff, 0xfd, 0x5, 0xff, 0xff, 0x90, 0x7f, 0xff,
    0xf5, 0x8, 0xff, 0xff, 0x10, 0xaf, 0xff, 0xd0,
    0xb, 0xff, 0xf9, 0x0, 0xdf, 0xff, 0x50, 0xe,
    0xff, 0xf1, 0x0,

    /* U+002D "-" */
    0x2, 0x22, 0x22, 0x22, 0x22, 0x22, 0x12, 0xff,
    0xff, 0xff, 0xff, 0xff, 0xfa, 0x2f, 0xff, 0xff,
    0xff, 0xff, 0xff, 0xb2, 0xff, 0xff, 0xff, 0xff,
    0xff, 0xfb, 0x2f, 0xff, 0xff, 0xff, 0xff, 0xff,
    0xb2, 0xff, 0xff, 0xff, 0xff, 0xff, 0xfa,

    /* U+002E "." */
    0x0, 0x24, 0x10, 0x0, 0x9f, 0xff, 0x70, 0x6f,
    0xff, 0xff, 0x3a, 0xff, 0xff, 0xf7, 0x9f, 0xff,
    0xff, 0x63, 0xff, 0xff, 0xe1, 0x5, 0xdf, 0xc3,
    0x0,

    /* U+002F "/" */
    0x0, 0x0, 0x0, 0x0, 0x4, 0xff, 0xff, 0xf8,
    0x0, 0x0, 0x0, 0x0, 0xb, 0xff, 0xff, 0xf4,
    0x0, 0x0, 0x0, 0x0, 0x1f, 0xff, 0xff, 0xd0,
    0x0, 0x0, 0x0, 0x0, 0x7f, 0xff, 0xff, 0x80,
    0x0, 0x0, 0x0, 0x0, 0xdf, 0xff, 0xff, 0x20,
    0x0, 0x0, 0x0, 0x3, 0xff, 0xff, 0xfc, 0x0,
    0x0, 0x0, 0x0, 0x9, 0xff, 0xff, 0xf6, 0x0,
    0x0, 0x0, 0x0, 0xe, 0xff, 0xff, 0xf0, 0x0,
    0x0, 0x0, 0x0, 0x5f, 0xff, 0xff, 0xa0, 0x0,
    0x0, 0x0, 0x0, 0xbf, 0xff, 0xff, 0x40, 0x0,
    0x0, 0x0, 0x1, 0xff, 0xff, 0xfe, 0x0, 0x0,
    0x0, 0x0, 0x7, 0xff, 0xff, 0xf8, 0x0, 0x0,
    0x0, 0x0, 0xd, 0xff, 0xff, 0xf2, 0x0, 0x0,
    0x0, 0x0, 0x3f, 0xff, 0xff, 0xc0, 0x0, 0x0,
    0x0, 0x0, 0x9f, 0xff, 0xff, 0x60, 0x0, 0x0,
    0x0, 0x0, 0xff, 0xff, 0xff, 0x0, 0x0, 0x0,
    0x0, 0x5, 0xff, 0xff, 0xfa, 0x0, 0x0, 0x0,
    0x0, 0xb, 0xff, 0xff, 0xf4, 0x0, 0x0, 0x0,
    0x0, 0x1f, 0xff, 0xff, 0xe0, 0x0, 0x0, 0x0,
    0x0, 0x7f, 0xff, 0xff, 0x80, 0x0, 0x0, 0x0,
    0x0, 0xdf, 0xff, 0xff, 0x20, 0x0, 0x0, 0x0,
    0x3, 0xff, 0xff, 0xfc, 0x0, 0x0, 0x0, 0x0,
    0x9, 0xff, 0xff, 0xf6, 0x0, 0x0, 0x0, 0x0,
    0xf, 0xff, 0xff, 0xf0, 0x0, 0x0, 0x0, 0x0,
    0x4f, 0xff, 0xff, 0x90, 0x0, 0x0, 0x0, 0x0,

    /* U+0030 "0" */
    0x0, 0x0, 0x4a, 0xdf, 0xfe, 0xb7, 0x10, 0x0,
    0x0, 0x2, 0xcf, 0xff, 0xff, 0xff, 0xff, 0x60,
    0x0, 0x2, 0xef, 0xff, 0xff, 0xff, 0xff, 0xff,
    0x80, 0x0, 0xcf, 0xff, 0xff, 0xff, 0xff, 0xff,
    0xff, 0x40, 0x5f, 0xff, 0xff, 0xff, 0xff, 0xff,
    0xff, 0xfc, 0xa, 0xff, 0xff, 0xfe, 0x53, 0x9f,
    0xff, 0xff, 0xf2, 0xdf, 0xff, 0xff, 0x40, 0x0,
    0xcf, 0xff, 0xff, 0x5e, 0xff, 0xff, 0xf1, 0x0,
    0x9, 0xff, 0xff, 0xf6, 0xef, 0xff, 0xff, 0x10,
    0x0, 0x8f, 0xff, 0xff, 0x6e, 0xff, 0xff, 0xf1,
    0x0, 0x8, 0xff, 0xff, 0xf6, 0xef, 0xff, 0xff,
    0x10, 0x0, 0x8f, 0xff, 0xff, 0x6e, 0xff, 0xff,
    0xf1, 0x0, 0x8, 0xff, 0xff, 0xf6, 0xef, 0xff,
    0xff, 0x10, 0x0, 0x8f, 0xff, 0xff, 0x6e, 0xff,
    0xff, 0xf1, 0x0, 0x8, 0xff, 0xff, 0xf6, 0xef,
    0xff, 0xff, 0x10, 0x0, 0x8f, 0xff, 0xff, 0x6e,
    0xff, 0xff, 0xf1, 0x0, 0x8, 0xff, 0xff, 0xf6,
    0xef, 0xff, 0xff, 0x10, 0x0, 0x8f, 0xff, 0xff,
    0x6e, 0xff, 0xff, 0xf1, 0x0, 0x9, 0xff, 0xff,
    0xf6, 0xdf, 0xff, 0xff, 0x40, 0x0, 0xcf, 0xff,
    0xff, 0x59, 0xff, 0xff, 0xfe, 0x53, 0x9f, 0xff,
    0xff, 0xf1, 0x4f, 0xff, 0xff, 0xff, 0xff, 0xff,
    0xff, 0xfc, 0x0, 0xcf, 0xff, 0xff, 0xff, 0xff,
    0xff, 0xff, 0x40, 0x1, 0xef, 0xff, 0xff, 0xff,
    0xff, 0xff, 0x80, 0x0, 0x1, 0xcf, 0xff, 0xff,
    0xff, 0xff, 0x60, 0x0, 0x0, 0x0, 0x4a, 0xdf,
    0xfe, 0xb7, 0x10, 0x0, 0x0,

    /* U+0031 "1" */
    0x0, 0x39, 0xff, 0xff, 0xff, 0x62, 0xdf, 0xff,
    0xff, 0xff, 0xf7, 0x5f, 0xff, 0xff, 0xff, 0xff,
    0x75, 0xff, 0xff, 0xff, 0xff, 0xf7, 0x4f, 0xff,
    0xff, 0xff, 0xff, 0x74, 0xfc, 0xac, 0xff, 0xff,
    0xf7, 0x0, 0x0, 0x8f, 0xff, 0xff, 0x70, 0x0,
    0x8, 0xff, 0xff, 0xf7, 0x0, 0x0, 0x8f, 0xff,
    0xff, 0x70, 0x0, 0x8, 0xff, 0xff, 0xf7, 0x0,
    0x0, 0x8f, 0xff, 0xff, 0x70, 0x0, 0x8, 0xff,
    0xff, 0xf7, 0x0, 0x0, 0x8f, 0xff, 0xff, 0x70,
    0x0, 0x8, 0xff, 0xff, 0xf7, 0x0, 0x0, 0x8f,
    0xff, 0xff, 0x70, 0x0, 0x8, 0xff, 0xff, 0xf7,
    0x0, 0x0, 0x8f, 0xff, 0xff, 0x70, 0x0, 0x8,
    0xff, 0xff, 0xf7, 0x0, 0x0, 0x8f, 0xff, 0xff,
    0x70, 0x0, 0x8, 0xff, 0xff, 0xf7, 0x0, 0x0,
    0x8f, 0xff, 0xff, 0x70, 0x0, 0x8, 0xff, 0xff,
    0xf7, 0x0, 0x0, 0x8f, 0xff, 0xff, 0x70, 0x0,
    0x8, 0xff, 0xff, 0xf7, 0x0, 0x0, 0x7f, 0xff,
    0xff, 0x60,

    /* U+0032 "2" */
    0x0, 0x0, 0x4, 0x9d, 0xef, 0xdb, 0x60, 0x0,
    0x0, 0x0, 0x3, 0xcf, 0xff, 0xff, 0xff, 0xfe,
    0x50, 0x0, 0x0, 0x4f, 0xff, 0xff, 0xff, 0xff,
    0xff, 0xf6, 0x0, 0x1, 0xff, 0xff, 0xff, 0xff,
    0xff, 0xff, 0xff, 0x20, 0x8, 0xff, 0xff, 0xff,
    0xff, 0xff, 0xff, 0xff, 0x90, 0xd, 0xff, 0xff,
    0xfc, 0x33, 0xbf, 0xff, 0xff, 0xf0, 0xf, 0xff,
    0xff, 0xf2, 0x0, 0xf, 0xff, 0xff, 0xf1, 0xf,
    0xff, 0xff, 0xf0, 0x0, 0xe, 0xff, 0xff, 0xf2,
    0xb, 0xcc, 0xcc, 0xb0, 0x0, 0x2f, 0xff, 0xff,
    0xf0, 0x0, 0x0, 0x0, 0x0, 0x0, 0xaf, 0xff,
    0xff, 0xc0, 0x0, 0x0, 0x0, 0x0, 0x4, 0xff,
    0xff, 0xff, 0x60, 0x0, 0x0, 0x0, 0x0, 0x1e,
    0xff, 0xff, 0xfd, 0x0, 0x0, 0x0, 0x0, 0x0,
    0xdf, 0xff, 0xff, 0xf3, 0x0, 0x0, 0x0, 0x0,
    0xb, 0xff, 0xff, 0xff, 0x70, 0x0, 0x0, 0x0,
    0x0, 0x9f, 0xff, 0xff, 0xfa, 0x0, 0x0, 0x0,
    0x0, 0x7, 0xff, 0xff, 0xff, 0xb0, 0x0, 0x0,
    0x0, 0x0, 0x6f, 0xff, 0xff, 0xfc, 0x0, 0x0,
    0x0, 0x0, 0x5, 0xff, 0xff, 0xff, 0xc1, 0x0,
    0x0, 0x0, 0x0, 0x4f, 0xff, 0xff, 0xfd, 0x10,
    0x0, 0x0, 0x0, 0x3, 0xff, 0xff, 0xff, 0xe3,
    0x22, 0x22, 0x22, 0x20, 0xd, 0xff, 0xff, 0xff,
    0xff, 0xff, 0xff, 0xff, 0xf7, 0xe, 0xff, 0xff,
    0xff, 0xff, 0xff, 0xff, 0xff, 0xf8, 0xe, 0xff,
    0xff, 0xff, 0xff, 0xff, 0xff, 0xff, 0xf8, 0xe,
    0xff, 0xff, 0xff, 0xff, 0xff, 0xff, 0xff, 0xf8,
    0xd, 0xff, 0xff, 0xff, 0xff, 0xff, 0xff, 0xff,
    0xf7,

    /* U+0033 "3" */
    0x9, 0xff, 0xff, 0xff, 0xff, 0xff, 0xff, 0xff,
    0x90, 0xaf, 0xff, 0xff, 0xff, 0xff, 0xff, 0xff,
    0xfa, 0xa, 0xff, 0xff, 0xff, 0xff, 0xff, 0xff,
    0xff, 0xa0, 0xaf, 0xff, 0xff, 0xff, 0xff, 0xff,
    0xff, 0xfa, 0x9, 0xff, 0xff, 0xff, 0xff, 0xff,
    0xff, 0xff, 0x90, 0x14, 0x44, 0x44, 0x48, 0xff,
    0xff, 0xff, 0xf3, 0x0, 0x0, 0x0, 0x6, 0xff,
    0xff, 0xff, 0xe3, 0x0, 0x0, 0x0, 0x7, 0xff,
    0xff, 0xff, 0xe2, 0x0, 0x0, 0x0, 0x9, 0xff,
    0xff, 0xff, 0xe2, 0x0, 0x0, 0x0, 0xa, 0xff,
    0xff, 0xff, 0xf6, 0x0, 0x0, 0x0, 0x0, 0x9f,
    0xff, 0xff, 0xff, 0xfe, 0x40, 0x0, 0x0, 0x0,
    0xaf, 0xff, 0xff, 0xff, 0xff, 0x40, 0x0, 0x0,
    0x0, 0xbe, 0x8a, 0xff, 0xff, 0xfe, 0x0, 0x0,
    0x0, 0x0, 0x0, 0x9, 0xff, 0xff, 0xf4, 0x0,
    0x0, 0x0, 0x0, 0x0, 0x3f, 0xff, 0xff, 0x90,
    0x0, 0x0, 0x0, 0x0, 0x0, 0xff, 0xff, 0xfb,
    0x18, 0x88, 0x88, 0x50, 0x0, 0xf, 0xff, 0xff,
    0xc2, 0xff, 0xff, 0xfe, 0x0, 0x2, 0xff, 0xff,
    0xfc, 0xf, 0xff, 0xff, 0xf2, 0x0, 0x5f, 0xff,
    0xff, 0xa0, 0xdf, 0xff, 0xff, 0xc3, 0x4e, 0xff,
    0xff, 0xf6, 0x8, 0xff, 0xff, 0xff, 0xff, 0xff,
    0xff, 0xff, 0x10, 0x1f, 0xff, 0xff, 0xff, 0xff,
    0xff, 0xff, 0x90, 0x0, 0x4f, 0xff, 0xff, 0xff,
    0xff, 0xff, 0xd0, 0x0, 0x0, 0x4e, 0xff, 0xff,
    0xff, 0xff, 0xb1, 0x0, 0x0, 0x0, 0x6, 0xbe,
    0xff, 0xda, 0x40, 0x0, 0x0,

    /* U+0034 "4" */
    0x0, 0x0, 0x0, 0xdf, 0xff, 0xff, 0x60, 0x0,
    0x0, 0x0, 0x0, 0x0, 0x4, 0xff, 0xff, 0xff,
    0x10, 0x0, 0x0, 0x0, 0x0, 0x0, 0xa, 0xff,
    0xff, 0xfb, 0x0, 0x0, 0x0, 0x0, 0x0, 0x0,
    0x1f, 0xff, 0xff, 0xf5, 0x0, 0x0, 0x0, 0x0,
    0x0, 0x0, 0x6f, 0xff, 0xff, 0xf0, 0x0, 0x0,
    0x0, 0x0, 0x0, 0x0, 0xcf, 0xff, 0xff, 0x90,
    0x0, 0x0, 0x0, 0x0, 0x0, 0x2, 0xff, 0xff,
    0xff, 0x30, 0x0, 0x0, 0x0, 0x0, 0x0, 0x9,
    0xff, 0xff, 0xfd, 0x0, 0x0, 0x0, 0x0, 0x0,
    0x0, 0xe, 0xff, 0xff, 0xf7, 0x0, 0x0, 0x0,
    0x0, 0x0, 0x0, 0x5f, 0xff, 0xff, 0xf1, 0x6,
    0xdd, 0xdd, 0xd5, 0x0, 0x0, 0xbf, 0xff, 0xff,
    0xb0, 0x8, 0xff, 0xff, 0xf7, 0x0, 0x1, 0xff,
    0xff, 0xff, 0x50, 0x8, 0xff, 0xff, 0xf7, 0x0,
    0x7, 0xff, 0xff, 0xfe, 0x0, 0x8, 0xff, 0xff,
    0xf7, 0x0, 0xd, 0xff, 0xff, 0xfd, 0x66, 0x6b,
    0xff, 0xff, 0xfa, 0x61, 0x3f, 0xff, 0xff, 0xff,
    0xff, 0xff, 0xff, 0xff, 0xff, 0xf6, 0x5f, 0xff,
    0xff, 0xff, 0xff, 0xff, 0xff, 0xff, 0xff, 0xf7,
    0x5f, 0xff, 0xff, 0xff, 0xff, 0xff, 0xff, 0xff,
    0xff, 0xf7, 0x5f, 0xff, 0xff, 0xff, 0xff, 0xff,
    0xff, 0xff, 0xff, 0xf7, 0x4f, 0xff, 0xff, 0xff,
    0xff, 0xff, 0xff, 0xff, 0xff, 0xf6, 0x0, 0x0,
    0x0, 0x0, 0x0, 0x8, 0xff, 0xff, 0xf7, 0x0,
    0x0, 0x0, 0x0, 0x0, 0x0, 0x8, 0xff, 0xff,
    0xf7, 0x0, 0x0, 0x0, 0x0, 0x0, 0x0, 0x8,
    0xff, 0xff, 0xf7, 0x0, 0x0, 0x0, 0x0, 0x0,
    0x0, 0x8, 0xff, 0xff, 0xf7, 0x0, 0x0, 0x0,
    0x0, 0x0, 0x0, 0x8, 0xff, 0xff, 0xf7, 0x0,
    0x0, 0x0, 0x0, 0x0, 0x0, 0x7, 0xff, 0xff,
    0xf6, 0x0,

    /* U+0035 "5" */
    0xdf, 0xff, 0xff, 0xff, 0xff, 0xff, 0xff, 0xf9,
    0xe, 0xff, 0xff, 0xff, 0xff, 0xff, 0xff, 0xff,
    0xa0, 0xef, 0xff, 0xff, 0xff, 0xff, 0xff, 0xff,
    0xfa, 0xe, 0xff, 0xff, 0xff, 0xff, 0xff, 0xff,
    0xff, 0xa0, 0xef, 0xff, 0xff, 0xff, 0xff, 0xff,
    0xff, 0xf9, 0xe, 0xff, 0xff, 0xf3, 0x22, 0x22,
    0x22, 0x22, 0x0, 0xef, 0xff, 0xff, 0x10, 0x0,
    0x0, 0x0, 0x0, 0xe, 0xff, 0xff, 0xf1, 0x0,
    0x0, 0x0, 0x0, 0x0, 0xef, 0xff, 0xff, 0x10,
    0x12, 0x10, 0x0, 0x0, 0xe, 0xff, 0xff, 0xf6,
    0xdf, 0xff, 0xe7, 0x0, 0x0, 0xef, 0xff, 0xff,
    0xff, 0xff, 0xff, 0xfd, 0x10, 0xe, 0xff, 0xff,
    0xff, 0xff, 0xff, 0xff, 0xfb, 0x0, 0xef, 0xff,
    0xff, 0xff, 0xff, 0xff, 0xff, 0xf4, 0xe, 0xff,
    0xff, 0xff, 0xff, 0xff, 0xff, 0xff, 0xa0, 0xef,
    0xff, 0xff, 0xb2, 0x1a, 0xff, 0xff, 0xfe, 0x3,
    0x44, 0x44, 0x40, 0x0, 0x1f, 0xff, 0xff, 0xf0,
    0x0, 0x0, 0x0, 0x0, 0x0, 0xef, 0xff, 0xff,
    0x15, 0x66, 0x66, 0x60, 0x0, 0xf, 0xff, 0xff,
    0xf1, 0xdf, 0xff, 0xff, 0x50, 0x3, 0xff, 0xff,
    0xff, 0x9, 0xff, 0xff, 0xfd, 0x43, 0xcf, 0xff,
    0xff, 0xc0, 0x4f, 0xff, 0xff, 0xff, 0xff, 0xff,
    0xff, 0xf7, 0x0, 0xdf, 0xff, 0xff, 0xff, 0xff,
    0xff, 0xfe, 0x10, 0x2, 0xff, 0xff, 0xff, 0xff,
    0xff, 0xff, 0x50, 0x0, 0x3, 0xdf, 0xff, 0xff,
    0xff, 0xfe, 0x40, 0x0, 0x0, 0x0, 0x5a, 0xef,
    0xfe, 0xb6, 0x0, 0x0, 0x0,

    /* U+0036 "6" */
    0x0, 0x1, 0x7b, 0xef, 0xfd, 0xa6, 0x0, 0x0,
    0x0, 0x7, 0xff, 0xff, 0xff, 0xff, 0xfe, 0x40,
    0x0, 0x8, 0xff, 0xff, 0xff, 0xff, 0xff, 0xff,
    0x50, 0x4, 0xff, 0xff, 0xff, 0xff, 0xff, 0xff,
    0xfe, 0x0, 0xaf, 0xff, 0xff, 0xff, 0xff, 0xff,
    0xff, 0xf6, 0xd, 0xff, 0xff, 0xfb, 0x45, 0xef,
    0xff, 0xff, 0x80, 0xff, 0xff, 0xff, 0x20, 0x6,
    0xff, 0xff, 0xfa, 0xf, 0xff, 0xff, 0xf1, 0x0,
    0x16, 0x77, 0x77, 0x30, 0xff, 0xff, 0xff, 0x16,
    0xab, 0xa6, 0x0, 0x0, 0xf, 0xff, 0xff, 0xfe,
    0xff, 0xff, 0xfe, 0x30, 0x0, 0xff, 0xff, 0xff,
    0xff, 0xff, 0xff, 0xfe, 0x20, 0xf, 0xff, 0xff,
    0xff, 0xff, 0xff, 0xff, 0xfc, 0x0, 0xff, 0xff,
    0xff, 0xff, 0xff, 0xff, 0xff, 0xf5, 0xe, 0xff,
    0xff, 0xfd, 0x21, 0xbf, 0xff, 0xff, 0xa0, 0xef,
    0xff, 0xff, 0x50, 0x2, 0xff, 0xff, 0xfe, 0xe,
    0xff, 0xff, 0xf2, 0x0, 0xf, 0xff, 0xff, 0xf0,
    0xef, 0xff, 0xff, 0x10, 0x0, 0xef, 0xff, 0xff,
    0x1e, 0xff, 0xff, 0xf2, 0x0, 0xf, 0xff, 0xff,
    0xf1, 0xdf, 0xff, 0xff, 0x50, 0x3, 0xff, 0xff,
    0xff, 0x9, 0xff, 0xff, 0xfe, 0x43, 0xdf, 0xff,
    0xff, 0xb0, 0x3f, 0xff, 0xff, 0xff, 0xff, 0xff,
    0xff, 0xf6, 0x0, 0xaf, 0xff, 0xff, 0xff, 0xff,
    0xff, 0xfe, 0x0, 0x1, 0xdf, 0xff, 0xff, 0xff,
    0xff, 0xff, 0x40, 0x0, 0x1, 0xbf, 0xff, 0xff,
    0xff, 0xfe, 0x40, 0x0, 0x0, 0x0, 0x4a, 0xdf,
    0xfe, 0xb6, 0x0, 0x0, 0x0,

    /* U+0037 "7" */
    0x7f, 0xff, 0xff, 0xff, 0xff, 0xff, 0xff, 0xff,
    0x48, 0xff, 0xff, 0xff, 0xff, 0xff, 0xff, 0xff,
    0xf5, 0x8f, 0xff, 0xff, 0xff, 0xff, 0xff, 0xff,
    0xff, 0x58, 0xff, 0xff, 0xff, 0xff, 0xff, 0xff,
    0xff, 0xf5, 0x8f, 0xff, 0xff, 0xff, 0xff, 0xff,
    0xff, 0xff, 0x48, 0xff, 0xff, 0x52, 0x22, 0x4f,
    0xff, 0xff, 0xf2, 0x8f, 0xff, 0xf3, 0x0, 0x7,
    0xff, 0xff, 0xfd, 0x0, 0x22, 0x22, 0x0, 0x0,
    0xdf, 0xff, 0xff, 0x70, 0x0, 0x0, 0x0, 0x0,
    0x2f, 0xff, 0xff, 0xf2, 0x0, 0x0, 0x0, 0x0,
    0x8, 0xff, 0xff, 0xfc, 0x0, 0x0, 0x0, 0x0,
    0x0, 0xdf, 0xff, 0xff, 0x60, 0x0, 0x0, 0x0,
    0x0, 0x3f, 0xff, 0xff, 0xf1, 0x0, 0x0, 0x0,
    0x0, 0x9, 0xff, 0xff, 0xfb, 0x0, 0x0, 0x0,
    0x0, 0x0, 0xef, 0xff, 0xff, 0x50, 0x0, 0x0,
    0x0, 0x0, 0x4f, 0xff, 0xff, 0xf0, 0x0, 0x0,
    0x0, 0x0, 0x9, 0xff, 0xff, 0xfa, 0x0, 0x0,
    0x0, 0x0, 0x0, 0xef, 0xff, 0xff, 0x50, 0x0,
    0x0, 0x0, 0x0, 0x5f, 0xff, 0xff, 0xf0, 0x0,
    0x0, 0x0, 0x0, 0xa, 0xff, 0xff, 0xf9, 0x0,
    0x0, 0x0, 0x0, 0x0, 0xff, 0xff, 0xff, 0x40,
    0x0, 0x0, 0x0, 0x0, 0x5f, 0xff, 0xff, 0xe0,
    0x0, 0x0, 0x0, 0x0, 0xb, 0xff, 0xff, 0xf9,
    0x0, 0x0, 0x0, 0x0, 0x1, 0xff, 0xff, 0xff,
    0x30, 0x0, 0x0, 0x0, 0x0, 0x6f, 0xff, 0xff,
    0xd0, 0x0, 0x0, 0x0, 0x0, 0xa, 0xff, 0xff,
    0xf7, 0x0, 0x0, 0x0, 0x0,

    /* U+0038 "8" */
    0x0, 0x0, 0x5, 0xad, 0xff, 0xda, 0x50, 0x0,
    0x0, 0x0, 0x3d, 0xff, 0xff, 0xff, 0xff, 0xd3,
    0x0, 0x0, 0x3f, 0xff, 0xff, 0xff, 0xff, 0xff,
    0xf3, 0x0, 0x1e, 0xff, 0xff, 0xff, 0xff, 0xff,
    0xff, 0xd0, 0x7, 0xff, 0xff, 0xff, 0xff, 0xff,
    0xff, 0xff, 0x60, 0xcf, 0xff, 0xff, 0xc3, 0x3c,
    0xff, 0xff, 0xfa, 0xe, 0xff, 0xff, 0xf2, 0x0,
    0x3f, 0xff, 0xff, 0xd0, 0xdf, 0xff, 0xff, 0x0,
    0x0, 0xff, 0xff, 0xfc, 0xb, 0xff, 0xff, 0xf3,
    0x0, 0x4f, 0xff, 0xff, 0xa0, 0x6f, 0xff, 0xff,
    0xd4, 0x5e, 0xff, 0xff, 0xf4, 0x0, 0xdf, 0xff,
    0xff, 0xff, 0xff, 0xff, 0xfb, 0x0, 0x1, 0xdf,
    0xff, 0xff, 0xff, 0xff, 0xfb, 0x0, 0x0, 0x4f,
    0xff, 0xff, 0xff, 0xff, 0xff, 0xe3, 0x0, 0x1f,
    0xff, 0xff, 0xff, 0xff, 0xff, 0xff, 0xe0, 0x8,
    0xff, 0xff, 0xfb, 0x11, 0xcf, 0xff, 0xff, 0x60,
    0xdf, 0xff, 0xff, 0x20, 0x3, 0xff, 0xff, 0xfb,
    0xf, 0xff, 0xff, 0xf0, 0x0, 0xf, 0xff, 0xff,
    0xd0, 0xff, 0xff, 0xff, 0x0, 0x0, 0xff, 0xff,
    0xfe, 0xf, 0xff, 0xff, 0xf4, 0x0, 0x4f, 0xff,
    0xff, 0xd0, 0xcf, 0xff, 0xff, 0xd3, 0x4d, 0xff,
    0xff, 0xfa, 0x7, 0xff, 0xff, 0xff, 0xff, 0xff,
    0xff, 0xff, 0x50, 0xe, 0xff, 0xff, 0xff, 0xff,
    0xff, 0xff, 0xd0, 0x0, 0x4f, 0xff, 0xff, 0xff,
    0xff, 0xff, 0xe2, 0x0, 0x0, 0x3d, 0xff, 0xff,
    0xff, 0xff, 0xc2, 0x0, 0x0, 0x0, 0x5, 0xae,
    0xff, 0xea, 0x50, 0x0, 0x0,

    /* U+0039 "9" */
    0x0, 0x0, 0x28, 0xce, 0xfe, 0xc7, 0x20, 0x0,
    0x0, 0x0, 0x9f, 0xff, 0xff, 0xff, 0xff, 0x70,
    0x0, 0x0, 0xbf, 0xff, 0xff, 0xff, 0xff, 0xff,
    0x80, 0x0, 0x6f, 0xff, 0xff, 0xff, 0xff, 0xff,
    0xff, 0x50, 0xd, 0xff, 0xff, 0xff, 0xff, 0xff,
    0xff, 0xfe, 0x2, 0xff, 0xff, 0xff, 0x82, 0x6f,
    0xff, 0xff, 0xf4, 0x5f, 0xff, 0xff, 0xd0, 0x0,
    0xaf, 0xff, 0xff, 0x76, 0xff, 0xff, 0xfa, 0x0,
    0x7, 0xff, 0xff, 0xf9, 0x6f, 0xff, 0xff, 0x90,
    0x0, 0x6f, 0xff, 0xff, 0x94, 0xff, 0xff, 0xfc,
    0x0, 0x9, 0xff, 0xff, 0xf9, 0x1f, 0xff, 0xff,
    0xf5, 0x4, 0xff, 0xff, 0xff, 0x90, 0xcf, 0xff,
    0xff, 0xff, 0xff, 0xff, 0xff, 0xf9, 0x4, 0xff,
    0xff, 0xff, 0xff, 0xff, 0xff, 0xff, 0x90, 0x9,
    0xff, 0xff, 0xff, 0xff, 0xff, 0xff, 0xf9, 0x0,
    0x8, 0xff, 0xff, 0xff, 0xdf, 0xff, 0xff, 0x90,
    0x0, 0x2, 0x7a, 0xb9, 0x26, 0xff, 0xff, 0xf9,
    0x2, 0x33, 0x33, 0x20, 0x0, 0x6f, 0xff, 0xff,
    0x90, 0xff, 0xff, 0xff, 0x0, 0x6, 0xff, 0xff,
    0xf9, 0xf, 0xff, 0xff, 0xf1, 0x0, 0x8f, 0xff,
    0xff, 0x90, 0xdf, 0xff, 0xff, 0xc4, 0x6f, 0xff,
    0xff, 0xf8, 0xa, 0xff, 0xff, 0xff, 0xff, 0xff,
    0xff, 0xff, 0x40, 0x3f, 0xff, 0xff, 0xff, 0xff,
    0xff, 0xff, 0xd0, 0x0, 0x7f, 0xff, 0xff, 0xff,
    0xff, 0xff, 0xf3, 0x0, 0x0, 0x6f, 0xff, 0xff,
    0xff, 0xff, 0xd3, 0x0, 0x0, 0x0, 0x17, 0xce,
    0xff, 0xda, 0x50, 0x0, 0x0,

    /* U+003A ":" */
    0x0, 0x9e, 0xe9, 0x0, 0xa, 0xff, 0xff, 0xa0,
    0xf, 0xff, 0xff, 0xf0, 0x1f, 0xff, 0xff, 0xf0,
    0xc, 0xff, 0xff, 0xc0, 0x2, 0xdf, 0xfd, 0x20,
    0x0, 0x3, 0x30, 0x0, 0x0, 0x0, 0x0, 0x0,
    0x0, 0x0, 0x0, 0x0, 0x0, 0x0, 0x0, 0x0,
    0x0, 0x0, 0x0, 0x0, 0x0, 0x3, 0x30, 0x0,
    0x2, 0xdf, 0xfd, 0x20, 0xc, 0xff, 0xff, 0xc0,
    0xf, 0xff, 0xff, 0xf0, 0xf, 0xff, 0xff, 0xf0,
    0xa, 0xff, 0xff, 0xa0, 0x0, 0x9e, 0xe9, 0x0,

    /* U+003B ";" */
    0x0, 0x9e, 0xea, 0x10, 0xb, 0xff, 0xff, 0xd1,
    0x4f, 0xff, 0xff, 0xf7, 0x6f, 0xff, 0xff, 0xf9,
    0x4f, 0xff, 0xff, 0xf7, 0xc, 0xff, 0xff, 0xe1,
    0x1, 0xaf, 0xfb, 0x20, 0x0, 0x0, 0x0, 0x0,
    0x0, 0x0, 0x0, 0x0, 0x0, 0x0, 0x0, 0x0,
    0x0, 0x0, 0x0, 0x0, 0x0, 0x0, 0x0, 0x0,
    0x2, 0x77, 0x77, 0x50, 0x8, 0xff, 0xff, 0xb0,
    0x9, 0xff, 0xff, 0x70, 0xb, 0xff, 0xff, 0x30,
    0xc, 0xff, 0xff, 0x0, 0xd, 0xff, 0xfc, 0x0,
    0xe, 0xff, 0xf8, 0x0, 0xf, 0xff, 0xf4, 0x0,
    0x1f, 0xff, 0xf1, 0x0, 0x1f, 0xff, 0xc0, 0x0,

    /* U+003C "<" */
    0x0, 0x0, 0x0, 0x0, 0x0, 0x0, 0x0, 0x2,
    0x0, 0x0, 0x0, 0x0, 0x0, 0x0, 0x7, 0xeb,
    0x0, 0x0, 0x0, 0x0, 0x0, 0x29, 0xff, 0xfb,
    0x0, 0x0, 0x0, 0x0, 0x3a, 0xff, 0xff, 0xfb,
    0x0, 0x0, 0x0, 0x5c, 0xff, 0xff, 0xff, 0xfb,
    0x0, 0x1, 0x7e, 0xff, 0xff, 0xff, 0xff, 0xfb,
    0x2, 0x9f, 0xff, 0xff, 0xff, 0xff, 0xff, 0xb4,
    0x2f, 0xff, 0xff, 0xff, 0xff, 0xfe, 0x82, 0x0,
    0x2f, 0xff, 0xff, 0xff, 0xfa, 0x40, 0x0, 0x0,
    0x2f, 0xff, 0xff, 0xf7, 0x10, 0x0, 0x0, 0x0,
    0x2f, 0xff, 0xff, 0xff, 0x93, 0x0, 0x0, 0x0,
    0x2f, 0xff, 0xff, 0xff, 0xff, 0xd7, 0x10, 0x0,
    0x9, 0xff, 0xff, 0xff, 0xff, 0xff, 0xfb, 0x50,
    0x0, 0x17, 0xef, 0xff, 0xff, 0xff, 0xff, 0xfa,
    0x0, 0x0, 0x5, 0xcf, 0xff, 0xff, 0xff, 0xfb,
    0x0, 0x0, 0x0, 0x4, 0xbf, 0xff, 0xff, 0xfb,
    0x0, 0x0, 0x0, 0x0, 0x2, 0x9f, 0xff, 0xfb,
    0x0, 0x0, 0x0, 0x0, 0x0, 0x1, 0x7e, 0xfb,
    0x0, 0x0, 0x0, 0x0, 0x0, 0x0, 0x0, 0x56,

    /* U+003D "=" */
    0x2f, 0xff, 0xff, 0xff, 0xff, 0xff, 0xff, 0xfa,
    0x2f, 0xff, 0xff, 0xff, 0xff, 0xff, 0xff, 0xfb,
    0x2f, 0xff, 0xff, 0xff, 0xff, 0xff, 0xff, 0xfb,
    0x2f, 0xff, 0xff, 0xff, 0xff, 0xff, 0xff, 0xfb,
    0x1c, 0xcc, 0xcc, 0xcc, 0xcc, 0xcc, 0xcc, 0xc8,
    0x0, 0x0, 0x0, 0x0, 0x0, 0x0, 0x0, 0x0,
    0x1c, 0xdd, 0xdd, 0xdd, 0xdd, 0xdd, 0xdd, 0xd8,
    0x2f, 0xff, 0xff, 0xff, 0xff, 0xff, 0xff, 0xfb,
    0x2f, 0xff, 0xff, 0xff, 0xff, 0xff, 0xff, 0xfb,
    0x2f, 0xff, 0xff, 0xff, 0xff, 0xff, 0xff, 0xfb,
    0x2f, 0xff, 0xff, 0xff, 0xff, 0xff, 0xff, 0xfa,

    /* U+003E ">" */
    0x1, 0x0, 0x0, 0x0, 0x0, 0x0, 0x0, 0x0,
    0x2f, 0xa3, 0x0, 0x0, 0x0, 0x0, 0x0, 0x0,
    0x2f, 0xff, 0xc5, 0x0, 0x0, 0x0, 0x0, 0x0,
    0x2f, 0xff, 0xff, 0xe7, 0x10, 0x0, 0x0, 0x0,
    0x2f, 0xff, 0xff, 0xff, 0xf9, 0x20, 0x0, 0x0,
    0x2f, 0xff, 0xff, 0xff, 0xff, 0xfb, 0x40, 0x0,
    0x8, 0xef, 0xff, 0xff, 0xff, 0xff, 0xfc, 0x50,
    0x0, 0x4, 0xbf, 0xff, 0xff, 0xff, 0xff, 0xfa,
    0x0, 0x0, 0x1, 0x7d, 0xff, 0xff, 0xff, 0xfb,
    0x0, 0x0, 0x0, 0x0, 0x3c, 0xff, 0xff, 0xfb,
    0x0, 0x0, 0x0, 0x16, 0xcf, 0xff, 0xff, 0xfb,
    0x0, 0x0, 0x4a, 0xff, 0xff, 0xff, 0xff, 0xfb,
    0x1, 0x7d, 0xff, 0xff, 0xff, 0xff, 0xff, 0xd4,
    0x2f, 0xff, 0xff, 0xff, 0xff, 0xff, 0xb4, 0x0,
    0x2f, 0xff, 0xff, 0xff, 0xff, 0x92, 0x0, 0x0,
    0x2f, 0xff, 0xff, 0xfe, 0x71, 0x0, 0x0, 0x0,
    0x2f, 0xff, 0xfc, 0x50, 0x0, 0x0, 0x0, 0x0,
    0x2f, 0xfb, 0x40, 0x0, 0x0, 0x0, 0x0, 0x0,
    0x19, 0x20, 0x0, 0x0, 0x0, 0x0, 0x0, 0x0,

    /* U+003F "?" */
    0x0, 0x0, 0x4, 0xad, 0xef, 0xec, 0x71, 0x0,
    0x0, 0x0, 0x2, 0xdf, 0xff, 0xff, 0xff, 0xff,
    0x80, 0x0, 0x0, 0x4f, 0xff, 0xff, 0xff, 0xff,
    0xff, 0xfa, 0x0, 0x2, 0xef, 0xff, 0xff, 0xff,
    0xff, 0xff, 0xff, 0x70, 0xa, 0xff, 0xff, 0xff,
    0xff, 0xff, 0xff, 0xff, 0xe0, 0xf, 0xff, 0xff,
    0xfe, 0x88, 0xdf, 0xff, 0xff, 0xf3, 0x3f, 0xff,
    0xff, 0xe1, 0x0, 0xe, 0xff, 0xff, 0xf5, 0x4f,
    0xff, 0xff, 0xa0, 0x0, 0xb, 0xff, 0xff, 0xf5,
    0x4, 0x44, 0x44, 0x20, 0x0, 0x1e, 0xff, 0xff,
    0xf3, 0x0, 0x0, 0x0, 0x0, 0x1, 0xcf, 0xff,
    0xff, 0xe0, 0x0, 0x0, 0x0, 0x0, 0x5e, 0xff,
    0xff, 0xff, 0x50, 0x0, 0x0, 0x0, 0x8, 0xff,
    0xff, 0xff, 0xf8, 0x0, 0x0, 0x0, 0x0, 0x8f,
    0xff, 0xff, 0xff, 0x50, 0x0, 0x0, 0x0, 0x1,
    0xff, 0xff, 0xff, 0xc2, 0x0, 0x0, 0x0, 0x0,
    0x6, 0xff, 0xff, 0xfd, 0x0, 0x0, 0x0, 0x0,
    0x0, 0x7, 0xff, 0xff, 0xf8, 0x0, 0x0, 0x0,
    0x0, 0x0, 0x4, 0xbb, 0xbb, 0xb4, 0x0, 0x0,
    0x0, 0x0, 0x0, 0x0, 0x0, 0x0, 0x0, 0x0,
    0x0, 0x0, 0x0, 0x0, 0x0, 0x2, 0x31, 0x0,
    0x0, 0x0, 0x0, 0x0, 0x0, 0x0, 0xaf, 0xff,
    0x70, 0x0, 0x0, 0x0, 0x0, 0x0, 0x6, 0xff,
    0xff, 0xf3, 0x0, 0x0, 0x0, 0x0, 0x0, 0xa,
    0xff, 0xff, 0xf7, 0x0, 0x0, 0x0, 0x0, 0x0,
    0xa, 0xff, 0xff, 0xf6, 0x0, 0x0, 0x0, 0x0,
    0x0, 0x4, 0xff, 0xff, 0xe1, 0x0, 0x0, 0x0,
    0x0, 0x0, 0x0, 0x5d, 0xfc, 0x30, 0x0, 0x0,
    0x0,

    /* U+0040 "@" */
    0x0, 0x0, 0x0, 0x0, 0x0, 0x5, 0xad, 0xef,
    0xfe, 0xb7, 0x20, 0x0, 0x0, 0x0, 0x0, 0x0,
    0x0, 0x0, 0x19, 0xff, 0xff, 0xff, 0xff, 0xff,
    0xfb, 0x30, 0x0, 0x0, 0x0, 0x0, 0x0, 0x6,
    0xff, 0xff, 0xff, 0xff, 0xff, 0xff, 0xff, 0xf7,
    0x0, 0x0, 0x0, 0x0, 0x0, 0xaf, 0xff, 0xff,
    0xfd, 0xba, 0xbe, 0xff, 0xff, 0xff, 0x80, 0x0,
    0x0, 0x0, 0xa, 0xff, 0xff, 0xf8, 0x10, 0x0,
    0x0, 0x29, 0xff, 0xff, 0xf5, 0x0, 0x0, 0x0,
    0x8f, 0xff, 0xfb, 0x10, 0x0, 0x0, 0x0, 0x0,
    0x4f, 0xff, 0xfe, 0x0, 0x0, 0x4, 0xff, 0xff,
    0x90, 0x0, 0x0, 0x0, 0x0, 0x0, 0x4, 0xff,
    0xff, 0x60, 0x0, 0xd, 0xff, 0xfa, 0x0, 0x2a,
    0xff, 0xc6, 0xff, 0xfa, 0x0, 0xbf, 0xff, 0xc0,
    0x0, 0x6f, 0xff, 0xe0, 0x2, 0xef, 0xff, 0xff,
    0xff, 0xf9, 0x0, 0x5f, 0xff, 0xf0, 0x0, 0xdf,
    0xff, 0x50, 0xc, 0xff, 0xff, 0xff, 0xff, 0xf7,
    0x0, 0x1f, 0xff, 0xf2, 0x3, 0xff, 0xfe, 0x0,
    0x2f, 0xff, 0xf8, 0xaf, 0xff, 0xf5, 0x0, 0xf,
    0xff, 0xf3, 0x7, 0xff, 0xf8, 0x0, 0x8f, 0xff,
    0x80, 0xf, 0xff, 0xf3, 0x0, 0xf, 0xff, 0xf2,
    0xb, 0xff, 0xf4, 0x0, 0xcf, 0xff, 0x30, 0xf,
    0xff, 0xf1, 0x0, 0xf, 0xff, 0xf1, 0xd, 0xff,
    0xf1, 0x0, 0xef, 0xff, 0x0, 0xf, 0xff, 0xf0,
    0x0, 0x3f, 0xff, 0xf0, 0xf, 0xff, 0xf0, 0x0,
    0xff, 0xfe, 0x0, 0x3f, 0xff, 0xe0, 0x0, 0x7f,
    0xff, 0xb0, 0xf, 0xff, 0xf0, 0x1, 0xff, 0xfd,
    0x0, 0x6f, 0xff, 0xf1, 0x0, 0xef, 0xff, 0x60,
    0xf, 0xff, 0xf1, 0x1, 0xff, 0xff, 0x31, 0xdf,
    0xff, 0xfc, 0x6c, 0xff, 0xfe, 0x10, 0xe, 0xff,
    0xf3, 0x0, 0xef, 0xff, 0xff, 0xff, 0xff, 0xff,
    0xff, 0xff, 0xf6, 0x0, 0xb, 0xff, 0xf8, 0x0,
    0x7f, 0xff, 0xff, 0xff, 0xff, 0xff, 0xff, 0xff,
    0x90, 0x0, 0x7, 0xff, 0xfe, 0x0, 0x9, 0xff,
    0xff, 0xd4, 0x4d, 0xff, 0xff, 0xd5, 0x0, 0x0,
    0x1, 0xff, 0xff, 0xa0, 0x0, 0x14, 0x42, 0x0,
    0x0, 0x24, 0x42, 0x0, 0x0, 0x0, 0x0, 0x9f,
    0xff, 0xf9, 0x0, 0x0, 0x0, 0x0, 0x2, 0x0,
    0x0, 0x0, 0x0, 0x0, 0x0, 0x1e, 0xff, 0xff,
    0xd6, 0x10, 0x0, 0x15, 0xcf, 0x40, 0x0, 0x0,
    0x0, 0x0, 0x0, 0x3, 0xff, 0xff, 0xff, 0xfe,
    0xde, 0xff, 0xff, 0xe0, 0x0, 0x0, 0x0, 0x0,
    0x0, 0x0, 0x4e, 0xff, 0xff, 0xff, 0xff, 0xff,
    0xff, 0xf4, 0x0, 0x0, 0x0, 0x0, 0x0, 0x0,
    0x1, 0xaf, 0xff, 0xff, 0xff, 0xff, 0xfb, 0x30,
    0x0, 0x0, 0x0, 0x0, 0x0, 0x0, 0x0, 0x2,
    0x8c, 0xef, 0xfd, 0xb7, 0x20, 0x0, 0x0, 0x0,
    0x0, 0x0,

    /* U+0041 "A" */
    0x0, 0x0, 0x0, 0xd, 0xff, 0xff, 0xff, 0x70,
    0x0, 0x0, 0x0, 0x0, 0x0, 0x2, 0xff, 0xff,
    0xff, 0xfc, 0x0, 0x0, 0x0, 0x0, 0x0, 0x0,
    0x6f, 0xff, 0xff, 0xff, 0xf0, 0x0, 0x0, 0x0,
    0x0, 0x0, 0xa, 0xff, 0xff, 0xff, 0xff, 0x40,
    0x0, 0x0, 0x0, 0x0, 0x0, 0xef, 0xff, 0xff,
    0xff, 0xf9, 0x0, 0x0, 0x0, 0x0, 0x0, 0x3f,
    0xff, 0xff, 0xff, 0xff, 0xd0, 0x0, 0x0, 0x0,
    0x0, 0x7, 0xff, 0xff, 0xff, 0xff, 0xff, 0x10,
    0x0, 0x0, 0x0, 0x0, 0xbf, 0xff, 0xfa, 0xff,
    0xff, 0xf5, 0x0, 0x0, 0x0, 0x0, 0xf, 0xff,
    0xff, 0x5d, 0xff, 0xff, 0xa0, 0x0, 0x0, 0x0,
    0x4, 0xff, 0xff, 0xf1, 0xaf, 0xff, 0xfe, 0x0,
    0x0, 0x0, 0x0, 0x8f, 0xff, 0xfe, 0x6, 0xff,
    0xff, 0xf2, 0x0, 0x0, 0x0, 0xd, 0xff, 0xff,
    0xa0, 0x2f, 0xff, 0xff, 0x70, 0x0, 0x0, 0x1,
    0xff, 0xff, 0xf7, 0x0, 0xff, 0xff, 0xfb, 0x0,
    0x0, 0x0, 0x5f, 0xff, 0xff, 0x30, 0xb, 0xff,
    0xff, 0xf0, 0x0, 0x0, 0x9, 0xff, 0xff, 0xf0,
    0x0, 0x8f, 0xff, 0xff, 0x30, 0x0, 0x0, 0xef,
    0xff, 0xfc, 0x0, 0x4, 0xff, 0xff, 0xf8, 0x0,
    0x0, 0x2f, 0xff, 0xff, 0xea, 0xaa, 0xbf, 0xff,
    0xff, 0xc0, 0x0, 0x6, 0xff, 0xff, 0xff, 0xff,
    0xff, 0xff, 0xff, 0xff, 0x0, 0x0, 0xaf, 0xff,
    0xff, 0xff, 0xff, 0xff, 0xff, 0xff, 0xf4, 0x0,
    0xe, 0xff, 0xff, 0xff, 0xff, 0xff, 0xff, 0xff,
    0xff, 0x90, 0x3, 0xff, 0xff, 0xff, 0xff, 0xff,
    0xff, 0xff, 0xff, 0xfd, 0x0, 0x7f, 0xff, 0xff,
    0x70, 0x0, 0x0, 0xe, 0xff, 0xff, 0xf1, 0xb,
    0xff, 0xff, 0xf4, 0x0, 0x0, 0x0, 0xbf, 0xff,
    0xff, 0x60, 0xff, 0xff, 0xff, 0x10, 0x0, 0x0,
    0x8, 0xff, 0xff, 0xfa, 0x3f, 0xff, 0xff, 0xd0,
    0x0, 0x0, 0x0, 0x4f, 0xff, 0xff, 0xd0,

    /* U+0042 "B" */
    0x6f, 0xff, 0xff, 0xff, 0xff, 0xeb, 0x82, 0x0,
    0x0, 0x7f, 0xff, 0xff, 0xff, 0xff, 0xff, 0xff,
    0x90, 0x0, 0x7f, 0xff, 0xff, 0xff, 0xff, 0xff,
    0xff, 0xfc, 0x0, 0x7f, 0xff, 0xff, 0xff, 0xff,
    0xff, 0xff, 0xff, 0x70, 0x7f, 0xff, 0xff, 0xff,
    0xff, 0xff, 0xff, 0xff, 0xd0, 0x7f, 0xff, 0xff,
    0x92, 0x23, 0xaf, 0xff, 0xff, 0xf1, 0x7f, 0xff,
    0xff, 0x70, 0x0, 0xd, 0xff, 0xff, 0xf2, 0x7f,
    0xff, 0xff, 0x70, 0x0, 0xa, 0xff, 0xff, 0xf2,
    0x7f, 0xff, 0xff, 0x70, 0x0, 0xc, 0xff, 0xff,
    0xf0, 0x7f, 0xff, 0xff, 0x80, 0x1, 0x8f, 0xff,
    0xff, 0xb0, 0x7f, 0xff, 0xff, 0xff, 0xff, 0xff,
    0xff, 0xff, 0x30, 0x7f, 0xff, 0xff, 0xff, 0xff,
    0xff, 0xff, 0xf5, 0x0, 0x7f, 0xff, 0xff, 0xff,
    0xff, 0xff, 0xff, 0xe2, 0x0, 0x7f, 0xff, 0xff,
    0xff, 0xff, 0xff, 0xff, 0xff, 0x20, 0x7f, 0xff,
    0xff, 0xda, 0xab, 0xef, 0xff, 0xff, 0xc0, 0x7f,
    0xff, 0xff, 0x70, 0x0, 0x1e, 0xff, 0xff, 0xf3,
    0x7f, 0xff, 0xff, 0x70, 0x0, 0x7, 0xff, 0xff,
    0xf7, 0x7f, 0xff, 0xff, 0x70, 0x0, 0x6, 0xff,
    0xff, 0xf8, 0x7f, 0xff, 0xff, 0x70, 0x0, 0xa,
    0xff, 0xff, 0xf8, 0x7f, 0xff, 0xff, 0x92, 0x23,
    0x8f, 0xff, 0xff, 0xf7, 0x7f, 0xff, 0xff, 0xff,
    0xff, 0xff, 0xff, 0xff, 0xf2, 0x7f, 0xff, 0xff,
    0xff, 0xff, 0xff, 0xff, 0xff, 0xb0, 0x7f, 0xff,
    0xff, 0xff, 0xff, 0xff, 0xff, 0xfe, 0x20, 0x7f,
    0xff, 0xff, 0xff, 0xff, 0xff, 0xff, 0xb1, 0x0,
    0x6f, 0xff, 0xff, 0xff, 0xff, 0xec, 0x93, 0x0,
    0x0,

    /* U+0043 "C" */
    0x0, 0x0, 0x17, 0xcd, 0xfe, 0xda, 0x40, 0x0,
    0x0, 0x0, 0x8, 0xff, 0xff, 0xff, 0xff, 0xfd,
    0x30, 0x0, 0x0, 0xcf, 0xff, 0xff, 0xff, 0xff,
    0xff, 0xf4, 0x0, 0x9, 0xff, 0xff, 0xff, 0xff,
    0xff, 0xff, 0xff, 0x20, 0x2f, 0xff, 0xff, 0xff,
    0xff, 0xff, 0xff, 0xff, 0xa0, 0x8f, 0xff, 0xff,
    0xf7, 0x24, 0xbf, 0xff, 0xff, 0xf0, 0xbf, 0xff,
    0xff, 0x70, 0x0, 0xe, 0xff, 0xff, 0xf3, 0xdf,
    0xff, 0xff, 0x20, 0x0, 0xa, 0xff, 0xff, 0xf5,
    0xdf, 0xff, 0xff, 0x20, 0x0, 0x3, 0x77, 0x77,
    0x71, 0xdf, 0xff, 0xff, 0x20, 0x0, 0x0, 0x0,
    0x0, 0x0, 0xdf, 0xff, 0xff, 0x20, 0x0, 0x0,
    0x0, 0x0, 0x0, 0xdf, 0xff, 0xff, 0x20, 0x0,
    0x0, 0x0, 0x0, 0x0, 0xdf, 0xff, 0xff, 0x20,
    0x0, 0x0, 0x0, 0x0, 0x0, 0xdf, 0xff, 0xff,
    0x20, 0x0, 0x0, 0x0, 0x0, 0x0, 0xdf, 0xff,
    0xff, 0x20, 0x0, 0x0, 0x0, 0x0, 0x0, 0xdf,
    0xff, 0xff, 0x20, 0x0, 0x0, 0x0, 0x0, 0x0,
    0xdf, 0xff, 0xff, 0x20, 0x0, 0x4, 0x77, 0x77,
    0x71, 0xdf, 0xff, 0xff, 0x20, 0x0, 0xa, 0xff,
    0xff, 0xf5, 0xbf, 0xff, 0xff, 0x70, 0x0, 0xe,
    0xff, 0xff, 0xf3, 0x7f, 0xff, 0xff, 0xf7, 0x34,
    0xcf, 0xff, 0xff, 0xf0, 0x2f, 0xff, 0xff, 0xff,
    0xff, 0xff, 0xff, 0xff, 0xa0, 0x8, 0xff, 0xff,
    0xff, 0xff, 0xff, 0xff, 0xfe, 0x20, 0x0, 0xbf,
    0xff, 0xff, 0xff, 0xff, 0xff, 0xf4, 0x0, 0x0,
    0x8, 0xff, 0xff, 0xff, 0xff, 0xfd, 0x30, 0x0,
    0x0, 0x0, 0x27, 0xce, 0xfe, 0xda, 0x40, 0x0,
    0x0,

    /* U+0044 "D" */
    0x6f, 0xff, 0xff, 0xff, 0xff, 0xdb, 0x61, 0x0,
    0x0, 0x7f, 0xff, 0xff, 0xff, 0xff, 0xff, 0xff,
    0x60, 0x0, 0x7f, 0xff, 0xff, 0xff, 0xff, 0xff,
    0xff, 0xf9, 0x0, 0x7f, 0xff, 0xff, 0xff, 0xff,
    0xff, 0xff, 0xff, 0x60, 0x7f, 0xff, 0xff, 0xff,
    0xff, 0xff, 0xff, 0xff, 0xe0, 0x7f, 0xff, 0xff,
    0x92, 0x23, 0xbf, 0xff, 0xff, 0xf4, 0x7f, 0xff,
    0xff, 0x70, 0x0, 0xd, 0xff, 0xff, 0xf7, 0x7f,
    0xff, 0xff, 0x70, 0x0, 0x8, 0xff, 0xff, 0xf8,
    0x7f, 0xff, 0xff, 0x70, 0x0, 0x7, 0xff, 0xff,
    0xf8, 0x7f, 0xff, 0xff, 0x70, 0x0, 0x7, 0xff,
    0xff, 0xf8, 0x7f, 0xff, 0xff, 0x70, 0x0, 0x7,
    0xff, 0xff, 0xf8, 0x7f, 0xff, 0xff, 0x70, 0x0,
    0x7, 0xff, 0xff, 0xf8, 0x7f, 0xff, 0xff, 0x70,
    0x0, 0x7, 0xff, 0xff, 0xf8, 0x7f, 0xff, 0xff,
    0x70, 0x0, 0x7, 0xff, 0xff, 0xf8, 0x7f, 0xff,
    0xff, 0x70, 0x0, 0x7, 0xff, 0xff, 0xf8, 0x7f,
    0xff, 0xff, 0x70, 0x0, 0x7, 0xff, 0xff, 0xf8,
    0x7f, 0xff, 0xff, 0x70, 0x0, 0x7, 0xff, 0xff,
    0xf8, 0x7f, 0xff, 0xff, 0x70, 0x0, 0x8, 0xff,
    0xff, 0xf8, 0x7f, 0xff, 0xff, 0x70, 0x0, 0xd,
    0xff, 0xff, 0xf7, 0x7f, 0xff, 0xff, 0x92, 0x23,
    0xbf, 0xff, 0xff, 0xf4, 0x7f, 0xff, 0xff, 0xff,
    0xff, 0xff, 0xff, 0xff, 0xe0, 0x7f, 0xff, 0xff,
    0xff, 0xff, 0xff, 0xff, 0xff, 0x60, 0x7f, 0xff,
    0xff, 0xff, 0xff, 0xff, 0xff, 0xf9, 0x0, 0x7f,
    0xff, 0xff, 0xff, 0xff, 0xff, 0xff, 0x60, 0x0,
    0x6f, 0xff, 0xff, 0xff, 0xff, 0xdb, 0x61, 0x0,
    0x0,

    /* U+0045 "E" */
    0x6f, 0xff, 0xff, 0xff, 0xff, 0xff, 0xff, 0xff,
    0x57, 0xff, 0xff, 0xff, 0xff, 0xff, 0xff, 0xff,
    0xf6, 0x7f, 0xff, 0xff, 0xff, 0xff, 0xff, 0xff,
    0xff, 0x67, 0xff, 0xff, 0xff, 0xff, 0xff, 0xff,
    0xff, 0xf6, 0x7f, 0xff, 0xff, 0xff, 0xff, 0xff,
    0xff, 0xff, 0x57, 0xff, 0xff, 0xf9, 0x22, 0x22,
    0x22, 0x22, 0x20, 0x7f, 0xff, 0xff, 0x70, 0x0,
    0x0, 0x0, 0x0, 0x7, 0xff, 0xff, 0xf7, 0x0,
    0x0, 0x0, 0x0, 0x0, 0x7f, 0xff, 0xff, 0x70,
    0x0, 0x0, 0x0, 0x0, 0x7, 0xff, 0xff, 0xf9,
    0x22, 0x22, 0x20, 0x0, 0x0, 0x7f, 0xff, 0xff,
    0xff, 0xff, 0xff, 0xb0, 0x0, 0x7, 0xff, 0xff,
    0xff, 0xff, 0xff, 0xfb, 0x0, 0x0, 0x7f, 0xff,
    0xff, 0xff, 0xff, 0xff, 0xb0, 0x0, 0x7, 0xff,
    0xff, 0xff, 0xff, 0xff, 0xfb, 0x0, 0x0, 0x7f,
    0xff, 0xff, 0xff, 0xff, 0xff, 0xa0, 0x0, 0x7,
    0xff, 0xff, 0xf8, 0x0, 0x0, 0x0, 0x0, 0x0,
    0x7f, 0xff, 0xff, 0x70, 0x0, 0x0, 0x0, 0x0,
    0x7, 0xff, 0xff, 0xf7, 0x0, 0x0, 0x0, 0x0,
    0x0, 0x7f, 0xff, 0xff, 0x70, 0x0, 0x0, 0x0,
    0x0, 0x7, 0xff, 0xff, 0xf9, 0x22, 0x22, 0x22,
    0x22, 0x20, 0x7f, 0xff, 0xff, 0xff, 0xff, 0xff,
    0xff, 0xff, 0x57, 0xff, 0xff, 0xff, 0xff, 0xff,
    0xff, 0xff, 0xf6, 0x7f, 0xff, 0xff, 0xff, 0xff,
    0xff, 0xff, 0xff, 0x67, 0xff, 0xff, 0xff, 0xff,
    0xff, 0xff, 0xff, 0xf6, 0x6f, 0xff, 0xff, 0xff,
    0xff, 0xff, 0xff, 0xff, 0x50,

    /* U+0046 "F" */
    0x6f, 0xff, 0xff, 0xff, 0xff, 0xff, 0xff, 0xff,
    0x47, 0xff, 0xff, 0xff, 0xff, 0xff, 0xff, 0xff,
    0xf5, 0x7f, 0xff, 0xff, 0xff, 0xff, 0xff, 0xff,
    0xff, 0x57, 0xff, 0xff, 0xff, 0xff, 0xff, 0xff,
    0xff, 0xf5, 0x7f, 0xff, 0xff, 0xff, 0xff, 0xff,
    0xff, 0xff, 0x57, 0xff, 0xff, 0xf9, 0x22, 0x22,
    0x22, 0x22, 0x20, 0x7f, 0xff, 0xff, 0x70, 0x0,
    0x0, 0x0, 0x0, 0x7, 0xff, 0xff, 0xf7, 0x0,
    0x0, 0x0, 0x0, 0x0, 0x7f, 0xff, 0xff, 0x70,
    0x0, 0x0, 0x0, 0x0, 0x7, 0xff, 0xff, 0xf9,
    0x22, 0x22, 0x20, 0x0, 0x0, 0x7f, 0xff, 0xff,
    0xff, 0xff, 0xff, 0xa0, 0x0, 0x7, 0xff, 0xff,
    0xff, 0xff, 0xff, 0xfb, 0x0, 0x0, 0x7f, 0xff,
    0xff, 0xff, 0xff, 0xff, 0xb0, 0x0, 0x7, 0xff,
    0xff, 0xff, 0xff, 0xff, 0xfb, 0x0, 0x0, 0x7f,
    0xff, 0xff, 0xff, 0xff, 0xff, 0xa0, 0x0, 0x7,
    0xff, 0xff, 0xf8, 0x0, 0x0, 0x0, 0x0, 0x0,
    0x7f, 0xff, 0xff, 0x70, 0x0, 0x0, 0x0, 0x0,
    0x7, 0xff, 0xff, 0xf7, 0x0, 0x0, 0x0, 0x0,
    0x0, 0x7f, 0xff, 0xff, 0x70, 0x0, 0x0, 0x0,
    0x0, 0x7, 0xff, 0xff, 0xf7, 0x0, 0x0, 0x0,
    0x0, 0x0, 0x7f, 0xff, 0xff, 0x70, 0x0, 0x0,
    0x0, 0x0, 0x7, 0xff, 0xff, 0xf7, 0x0, 0x0,
    0x0, 0x0, 0x0, 0x7f, 0xff, 0xff, 0x70, 0x0,
    0x0, 0x0, 0x0, 0x7, 0xff, 0xff, 0xf7, 0x0,
    0x0, 0x0, 0x0, 0x0, 0x6f, 0xff, 0xff, 0x60,
    0x0, 0x0, 0x0, 0x0, 0x0,

    /* U+0047 "G" */
    0x0, 0x0, 0x17, 0xcd, 0xfe, 0xda, 0x40, 0x0,
    0x0, 0x0, 0x8, 0xff, 0xff, 0xff, 0xff, 0xfd,
    0x30, 0x0, 0x0, 0xbf, 0xff, 0xff, 0xff, 0xff,
    0xff, 0xf5, 0x0, 0x9, 0xff, 0xff, 0xff, 0xff,
    0xff, 0xff, 0xff, 0x30, 0x2f, 0xff, 0xff, 0xff,
    0xff, 0xff, 0xff, 0xff, 0xb0, 0x8f, 0xff, 0xff,
    0xf7, 0x24, 0xbf, 0xff, 0xff, 0xf1, 0xbf, 0xff,
    0xff, 0x70, 0x0, 0xd, 0xff, 0xff, 0xf4, 0xdf,
    0xff, 0xff, 0x30, 0x0, 0xa, 0xff, 0xff, 0xf5,
    0xdf, 0xff, 0xff, 0x20, 0x0, 0x5, 0xaa, 0xaa,
    0x92, 0xdf, 0xff, 0xff, 0x20, 0x0, 0x0, 0x0,
    0x0, 0x0, 0xdf, 0xff, 0xff, 0x20, 0x0, 0x0,
    0x0, 0x0, 0x0, 0xdf, 0xff, 0xff, 0x20, 0x6f,
    0xff, 0xff, 0xff, 0xf4, 0xdf, 0xff, 0xff, 0x20,
    0x7f, 0xff, 0xff, 0xff, 0xf5, 0xdf, 0xff, 0xff,
    0x20, 0x7f, 0xff, 0xff, 0xff, 0xf5, 0xdf, 0xff,
    0xff, 0x20, 0x7f, 0xff, 0xff, 0xff, 0xf5, 0xdf,
    0xff, 0xff, 0x20, 0x4c, 0xce, 0xff, 0xff, 0xf5,
    0xdf, 0xff, 0xff, 0x20, 0x0, 0x8, 0xff, 0xff,
    0xf5, 0xdf, 0xff, 0xff, 0x30, 0x0, 0x9, 0xff,
    0xff, 0xf5, 0xbf, 0xff, 0xff, 0x80, 0x0, 0xc,
    0xff, 0xff, 0xf3, 0x8f, 0xff, 0xff, 0xf8, 0x33,
    0xaf, 0xff, 0xff, 0xf0, 0x2f, 0xff, 0xff, 0xff,
    0xff, 0xff, 0xff, 0xff, 0xa0, 0x8, 0xff, 0xff,
    0xff, 0xff, 0xff, 0xff, 0xfe, 0x20, 0x0, 0xbf,
    0xff, 0xff, 0xff, 0xff, 0xff, 0xf4, 0x0, 0x0,
    0x8, 0xff, 0xff, 0xff, 0xff, 0xfd, 0x30, 0x0,
    0x0, 0x0, 0x17, 0xce, 0xfe, 0xda, 0x40, 0x0,
    0x0,

    /* U+0048 "H" */
    0x6f, 0xff, 0xff, 0x60, 0x0, 0x7, 0xff, 0xff,
    0xf6, 0x7f, 0xff, 0xff, 0x70, 0x0, 0x8, 0xff,
    0xff, 0xf7, 0x7f, 0xff, 0xff, 0x70, 0x0, 0x8,
    0xff, 0xff, 0xf7, 0x7f, 0xff, 0xff, 0x70, 0x0,
    0x8, 0xff, 0xff, 0xf7, 0x7f, 0xff, 0xff, 0x70,
    0x0, 0x8, 0xff, 0xff, 0xf7, 0x7f, 0xff, 0xff,
    0x70, 0x0, 0x8, 0xff, 0xff, 0xf7, 0x7f, 0xff,
    0xff, 0x70, 0x0, 0x8, 0xff, 0xff, 0xf7, 0x7f,
    0xff, 0xff, 0x70, 0x0, 0x8, 0xff, 0xff, 0xf7,
    0x7f, 0xff, 0xff, 0x70, 0x0, 0x8, 0xff, 0xff,
    0xf7, 0x7f, 0xff, 0xff, 0x92, 0x22, 0x29, 0xff,
    0xff, 0xf7, 0x7f, 0xff, 0xff, 0xff, 0xff, 0xff,
    0xff, 0xff, 0xf7, 0x7f, 0xff, 0xff, 0xff, 0xff,
    0xff, 0xff, 0xff, 0xf7, 0x7f, 0xff, 0xff, 0xff,
    0xff, 0xff, 0xff, 0xff, 0xf7, 0x7f, 0xff, 0xff,
    0xff, 0xff, 0xff, 0xff, 0xff, 0xf7, 0x7f, 0xff,
    0xff, 0xff, 0xff, 0xff, 0xff, 0xff, 0xf7, 0x7f,
    0xff, 0xff, 0x80, 0x0, 0x8, 0xff, 0xff, 0xf7,
    0x7f, 0xff, 0xff, 0x70, 0x0, 0x8, 0xff, 0xff,
    0xf7, 0x7f, 0xff, 0xff, 0x70, 0x0, 0x8, 0xff,
    0xff, 0xf7, 0x7f, 0xff, 0xff, 0x70, 0x0, 0x8,
    0xff, 0xff, 0xf7, 0x7f, 0xff, 0xff, 0x70, 0x0,
    0x8, 0xff, 0xff, 0xf7, 0x7f, 0xff, 0xff, 0x70,
    0x0, 0x8, 0xff, 0xff, 0xf7, 0x7f, 0xff, 0xff,
    0x70, 0x0, 0x8, 0xff, 0xff, 0xf7, 0x7f, 0xff,
    0xff, 0x70, 0x0, 0x8, 0xff, 0xff, 0xf7, 0x7f,
    0xff, 0xff, 0x70, 0x0, 0x8, 0xff, 0xff, 0xf7,
    0x6f, 0xff, 0xff, 0x60, 0x0, 0x7, 0xff, 0xff,
    0xf6,

    /* U+0049 "I" */
    0x6f, 0xff, 0xff, 0x67, 0xff, 0xff, 0xf7, 0x7f,
    0xff, 0xff, 0x77, 0xff, 0xff, 0xf7, 0x7f, 0xff,
    0xff, 0x77, 0xff, 0xff, 0xf7, 0x7f, 0xff, 0xff,
    0x77, 0xff, 0xff, 0xf7, 0x7f, 0xff, 0xff, 0x77,
    0xff, 0xff, 0xf7, 0x7f, 0xff, 0xff, 0x77, 0xff,
    0xff, 0xf7, 0x7f, 0xff, 0xff, 0x77, 0xff, 0xff,
    0xf7, 0x7f, 0xff, 0xff, 0x77, 0xff, 0xff, 0xf7,
    0x7f, 0xff, 0xff, 0x77, 0xff, 0xff, 0xf7, 0x7f,
    0xff, 0xff, 0x77, 0xff, 0xff, 0xf7, 0x7f, 0xff,
    0xff, 0x77, 0xff, 0xff, 0xf7, 0x7f, 0xff, 0xff,
    0x77, 0xff, 0xff, 0xf7, 0x6f, 0xff, 0xff, 0x60,

    /* U+004A "J" */
    0x0, 0x0, 0x0, 0x0, 0x0, 0x9, 0xff, 0xff,
    0xf4, 0x0, 0x0, 0x0, 0x0, 0x0, 0xa, 0xff,
    0xff, 0xf5, 0x0, 0x0, 0x0, 0x0, 0x0, 0xa,
    0xff, 0xff, 0xf5, 0x0, 0x0, 0x0, 0x0, 0x0,
    0xa, 0xff, 0xff, 0xf5, 0x0, 0x0, 0x0, 0x0,
    0x0, 0xa, 0xff, 0xff, 0xf5, 0x0, 0x0, 0x0,
    0x0, 0x0, 0xa, 0xff, 0xff, 0xf5, 0x0, 0x0,
    0x0, 0x0, 0x0, 0xa, 0xff, 0xff, 0xf5, 0x0,
    0x0, 0x0, 0x0, 0x0, 0xa, 0xff, 0xff, 0xf5,
    0x0, 0x0, 0x0, 0x0, 0x0, 0xa, 0xff, 0xff,
    0xf5, 0x0, 0x0, 0x0, 0x0, 0x0, 0xa, 0xff,
    0xff, 0xf5, 0x0, 0x0, 0x0, 0x0, 0x0, 0xa,
    0xff, 0xff, 0xf5, 0x0, 0x0, 0x0, 0x0, 0x0,
    0xa, 0xff, 0xff, 0xf5, 0x0, 0x0, 0x0, 0x0,
    0x0, 0xa, 0xff, 0xff, 0xf5, 0x0, 0x0, 0x0,
    0x0, 0x0, 0xa, 0xff, 0xff, 0xf5, 0x14, 0x44,
    0x44, 0x10, 0x0, 0xa, 0xff, 0xff, 0xf5, 0x8f,
    0xff, 0xff, 0x60, 0x0, 0xa, 0xff, 0xff, 0xf5,
    0x8f, 0xff, 0xff, 0x70, 0x0, 0xa, 0xff, 0xff,
    0xf5, 0x8f, 0xff, 0xff, 0x70, 0x0, 0xa, 0xff,
    0xff, 0xf4, 0x7f, 0xff, 0xff, 0xb0, 0x0, 0xe,
    0xff, 0xff, 0xf3, 0x4f, 0xff, 0xff, 0xf9, 0x34,
    0xbf, 0xff, 0xff, 0xf0, 0xe, 0xff, 0xff, 0xff,
    0xff, 0xff, 0xff, 0xff, 0xb0, 0x5, 0xff, 0xff,
    0xff, 0xff, 0xff, 0xff, 0xff, 0x20, 0x0, 0x8f,
    0xff, 0xff, 0xff, 0xff, 0xff, 0xf4, 0x0, 0x0,
    0x6, 0xff, 0xff, 0xff, 0xff, 0xfd, 0x30, 0x0,
    0x0, 0x0, 0x16, 0xbd, 0xff, 0xda, 0x50, 0x0,
    0x0,

    /* U+004B "K" */
    0x6f, 0xff, 0xff, 0x60, 0x0, 0x0, 0xdf, 0xff,
    0xff, 0x80, 0x7f, 0xff, 0xff, 0x70, 0x0, 0x8,
    0xff, 0xff, 0xfe, 0x10, 0x7f, 0xff, 0xff, 0x70,
    0x0, 0x2f, 0xff, 0xff, 0xf6, 0x0, 0x7f, 0xff,
    0xff, 0x70, 0x0, 0xcf, 0xff, 0xff, 0xc0, 0x0,
    0x7f, 0xff, 0xff, 0x70, 0x6, 0xff, 0xff, 0xff,
    0x20, 0x0, 0x7f, 0xff, 0xff, 0x70, 0x1e, 0xff,
    0xff, 0xf8, 0x0, 0x0, 0x7f, 0xff, 0xff, 0x70,
    0xaf, 0xff, 0xff, 0xd0, 0x0, 0x0, 0x7f, 0xff,
    0xff, 0x74, 0xff, 0xff, 0xff, 0x40, 0x0, 0x0,
    0x7f, 0xff, 0xff, 0x8d, 0xff, 0xff, 0xfa, 0x0,
    0x0, 0x0, 0x7f, 0xff, 0xff, 0xff, 0xff, 0xff,
    0xe1, 0x0, 0x0, 0x0, 0x7f, 0xff, 0xff, 0xff,
    0xff, 0xff, 0x60, 0x0, 0x0, 0x0, 0x7f, 0xff,
    0xff, 0xff, 0xff, 0xff, 0x50, 0x0, 0x0, 0x0,
    0x7f, 0xff, 0xff, 0xff, 0xff, 0xff, 0xc0, 0x0,
    0x0, 0x0, 0x7f, 0xff, 0xff, 0xff, 0xff, 0xff,
    0xf5, 0x0, 0x0, 0x0, 0x7f, 0xff, 0xff, 0xff,
    0xff, 0xff, 0xfd, 0x0, 0x0, 0x0, 0x7f, 0xff,
    0xff, 0xfe, 0xff, 0xff, 0xff, 0x50, 0x0, 0x0,
    0x7f, 0xff, 0xff, 0xf4, 0x9f, 0xff, 0xff, 0xd0,
    0x0, 0x0, 0x7f, 0xff, 0xff, 0xa0, 0x1f, 0xff,
    0xff, 0xf5, 0x0, 0x0, 0x7f, 0xff, 0xff, 0x70,
    0x9, 0xff, 0xff, 0xfd, 0x0, 0x0, 0x7f, 0xff,
    0xff, 0x70, 0x1, 0xff, 0xff, 0xff, 0x60, 0x0,
    0x7f, 0xff, 0xff, 0x70, 0x0, 0x9f, 0xff, 0xff,
    0xd0, 0x0, 0x7f, 0xff, 0xff, 0x70, 0x0, 0x1f,
    0xff, 0xff, 0xf6, 0x0, 0x7f, 0xff, 0xff, 0x70,
    0x0, 0x9, 0xff, 0xff, 0xfe, 0x0, 0x7f, 0xff,
    0xff, 0x70, 0x0, 0x1, 0xff, 0xff, 0xff, 0x60,
    0x6f, 0xff, 0xff, 0x60, 0x0, 0x0, 0x8f, 0xff,
    0xff, 0xd0,

    /* U+004C "L" */
    0x6f, 0xff, 0xff, 0x60, 0x0, 0x0, 0x0, 0x0,
    0x7, 0xff, 0xff, 0xf7, 0x0, 0x0, 0x0, 0x0,
    0x0, 0x7f, 0xff, 0xff, 0x70, 0x0, 0x0, 0x0,
    0x0, 0x7, 0xff, 0xff, 0xf7, 0x0, 0x0, 0x0,
    0x0, 0x0, 0x7f, 0xff, 0xff, 0x70, 0x0, 0x0,
    0x0, 0x0, 0x7, 0xff, 0xff, 0xf7, 0x0, 0x0,
    0x0, 0x0, 0x0, 0x7f, 0xff, 0xff, 0x70, 0x0,
    0x0, 0x0, 0x0, 0x7, 0xff, 0xff, 0xf7, 0x0,
    0x0, 0x0, 0x0, 0x0, 0x7f, 0xff, 0xff, 0x70,
    0x0, 0x0, 0x0, 0x0, 0x7, 0xff, 0xff, 0xf7,
    0x0, 0x0, 0x0, 0x0, 0x0, 0x7f, 0xff, 0xff,
    0x70, 0x0, 0x0, 0x0, 0x0, 0x7, 0xff, 0xff,
    0xf7, 0x0, 0x0, 0x0, 0x0, 0x0, 0x7f, 0xff,
    0xff, 0x70, 0x0, 0x0, 0x0, 0x0, 0x7, 0xff,
    0xff, 0xf7, 0x0, 0x0, 0x0, 0x0, 0x0, 0x7f,
    0xff, 0xff, 0x70, 0x0, 0x0, 0x0, 0x0, 0x7,
    0xff, 0xff, 0xf7, 0x0, 0x0, 0x0, 0x0, 0x0,
    0x7f, 0xff, 0xff, 0x70, 0x0, 0x0, 0x0, 0x0,
    0x7, 0xff, 0xff, 0xf7, 0x0, 0x0, 0x0, 0x0,
    0x0, 0x7f, 0xff, 0xff, 0x70, 0x0, 0x0, 0x0,
    0x0, 0x7, 0xff, 0xff, 0xf9, 0x22, 0x22, 0x22,
    0x22, 0x20, 0x7f, 0xff, 0xff, 0xff, 0xff, 0xff,
    0xff, 0xff, 0x87, 0xff, 0xff, 0xff, 0xff, 0xff,
    0xff, 0xff, 0xf8, 0x7f, 0xff, 0xff, 0xff, 0xff,
    0xff, 0xff, 0xff, 0x87, 0xff, 0xff, 0xff, 0xff,
    0xff, 0xff, 0xff, 0xf8, 0x6f, 0xff, 0xff, 0xff,
    0xff, 0xff, 0xff, 0xff, 0x70,

    /* U+004D "M" */
    0x8f, 0xff, 0xff, 0x80, 0x0, 0x0, 0x0, 0xaf,
    0xff, 0xff, 0x69, 0xff, 0xff, 0xff, 0x20, 0x0,
    0x0, 0x4f, 0xff, 0xff, 0xf7, 0x9f, 0xff, 0xff,
    0xfc, 0x0, 0x0, 0xd, 0xff, 0xff, 0xff, 0x79,
    0xff, 0xff, 0xff, 0xf5, 0x0, 0x7, 0xff, 0xff,
    0xff, 0xf7, 0x9f, 0xff, 0xff, 0xff, 0xe0, 0x1,
    0xff, 0xff, 0xff, 0xff, 0x79, 0xff, 0xff, 0xff,
    0xff, 0x80, 0xaf, 0xff, 0xff, 0xff, 0xf7, 0x9f,
    0xff, 0xff, 0xff, 0xff, 0x5f, 0xff, 0xff, 0xff,
    0xff, 0x79, 0xff, 0xff, 0xff, 0xff, 0xff, 0xff,
    0xff, 0xff, 0xff, 0xf7, 0x9f, 0xff, 0xff, 0xff,
    0xff, 0xff, 0xff, 0xff, 0xff, 0xff, 0x79, 0xff,
    0xff, 0xfe, 0xff, 0xff, 0xff, 0xfe, 0xff, 0xff,
    0xf7, 0x9f, 0xff, 0xff, 0x7d, 0xff, 0xff, 0xfc,
    0x8f, 0xff, 0xff, 0x79, 0xff, 0xff, 0xf6, 0x4f,
    0xff, 0xff, 0x28, 0xff, 0xff, 0xf7, 0x9f, 0xff,
    0xff, 0x60, 0xaf, 0xff, 0x80, 0x8f, 0xff, 0xff,
    0x79, 0xff, 0xff, 0xf6, 0x1, 0xff, 0xe0, 0x8,
    0xff, 0xff, 0xf7, 0x9f, 0xff, 0xff, 0x60, 0x5,
    0x94, 0x0, 0x8f, 0xff, 0xff, 0x79, 0xff, 0xff,
    0xf6, 0x0, 0x0, 0x0, 0x8, 0xff, 0xff, 0xf7,
    0x9f, 0xff, 0xff, 0x60, 0x0, 0x0, 0x0, 0x8f,
    0xff, 0xff, 0x79, 0xff, 0xff, 0xf6, 0x0, 0x0,
    0x0, 0x8, 0xff, 0xff, 0xf7, 0x9f, 0xff, 0xff,
    0x60, 0x0, 0x0, 0x0, 0x8f, 0xff, 0xff, 0x79,
    0xff, 0xff, 0xf6, 0x0, 0x0, 0x0, 0x8, 0xff,
    0xff, 0xf7, 0x9f, 0xff, 0xff, 0x60, 0x0, 0x0,
    0x0, 0x8f, 0xff, 0xff, 0x79, 0xff, 0xff, 0xf6,
    0x0, 0x0, 0x0, 0x8, 0xff, 0xff, 0xf7, 0x9f,
    0xff, 0xff, 0x60, 0x0, 0x0, 0x0, 0x8f, 0xff,
    0xff, 0x79, 0xff, 0xff, 0xf6, 0x0, 0x0, 0x0,
    0x8, 0xff, 0xff, 0xf7, 0x8f, 0xff, 0xff, 0x50,
    0x0, 0x0, 0x0, 0x7f, 0xff, 0xff, 0x60,

    /* U+004E "N" */
    0x6f, 0xff, 0xff, 0xc0, 0x0, 0x0, 0x2f, 0xff,
    0xff, 0xb7, 0xff, 0xff, 0xff, 0x40, 0x0, 0x2,
    0xff, 0xff, 0xfc, 0x7f, 0xff, 0xff, 0xfb, 0x0,
    0x0, 0x2f, 0xff, 0xff, 0xc7, 0xff, 0xff, 0xff,
    0xf2, 0x0, 0x2, 0xff, 0xff, 0xfc, 0x7f, 0xff,
    0xff, 0xff, 0x90, 0x0, 0x2f, 0xff, 0xff, 0xc7,
    0xff, 0xff, 0xff, 0xff, 0x10, 0x2, 0xff, 0xff,
    0xfc, 0x7f, 0xff, 0xff, 0xff, 0xf7, 0x0, 0x2f,
    0xff, 0xff, 0xc7, 0xff, 0xff, 0xff, 0xff, 0xe0,
    0x2, 0xff, 0xff, 0xfc, 0x7f, 0xff, 0xff, 0xff,
    0xff, 0x50, 0x2f, 0xff, 0xff, 0xc7, 0xff, 0xff,
    0xff, 0xff, 0xfc, 0x2, 0xff, 0xff, 0xfc, 0x7f,
    0xff, 0xff, 0xff, 0xff, 0xf4, 0x2f, 0xff, 0xff,
    0xc7, 0xff, 0xff, 0xfd, 0xff, 0xff, 0xb2, 0xff,
    0xff, 0xfc, 0x7f, 0xff, 0xff, 0x6e, 0xff, 0xff,
    0x4f, 0xff, 0xff, 0xc7, 0xff, 0xff, 0xf6, 0x7f,
    0xff, 0xfc, 0xff, 0xff, 0xfc, 0x7f, 0xff, 0xff,
    0x61, 0xff, 0xff, 0xff, 0xff, 0xff, 0xc7, 0xff,
    0xff, 0xf6, 0x9, 0xff, 0xff, 0xff, 0xff, 0xfc,
    0x7f, 0xff, 0xff, 0x60, 0x2f, 0xff, 0xff, 0xff,
    0xff, 0xc7, 0xff, 0xff, 0xf6, 0x0, 0xbf, 0xff,
    0xff, 0xff, 0xfc, 0x7f, 0xff, 0xff, 0x60, 0x3,
    0xff, 0xff, 0xff, 0xff, 0xc7, 0xff, 0xff, 0xf6,
    0x0, 0xc, 0xff, 0xff, 0xff, 0xfc, 0x7f, 0xff,
    0xff, 0x60, 0x0, 0x5f, 0xff, 0xff, 0xff, 0xc7,
    0xff, 0xff, 0xf6, 0x0, 0x0, 0xef, 0xff, 0xff,
    0xfc, 0x7f, 0xff, 0xff, 0x70, 0x0, 0x7, 0xff,
    0xff, 0xff, 0xc7, 0xff, 0xff, 0xf7, 0x0, 0x0,
    0xf, 0xff, 0xff, 0xfc, 0x6f, 0xff, 0xff, 0x60,
    0x0, 0x0, 0x8f, 0xff, 0xff, 0xb0,

    /* U+004F "O" */
    0x0, 0x0, 0x17, 0xbe, 0xff, 0xeb, 0x60, 0x0,
    0x0, 0x0, 0x6, 0xff, 0xff, 0xff, 0xff, 0xfe,
    0x40, 0x0, 0x0, 0xaf, 0xff, 0xff, 0xff, 0xff,
    0xff, 0xf7, 0x0, 0x7, 0xff, 0xff, 0xff, 0xff,
    0xff, 0xff, 0xff, 0x40, 0x1f, 0xff, 0xff, 0xff,
    0xff, 0xff, 0xff, 0xff, 0xd0, 0x7f, 0xff, 0xff,
    0xf8, 0x33, 0xaf, 0xff, 0xff, 0xf4, 0xbf, 0xff,
    0xff, 0x80, 0x0, 0xc, 0xff, 0xff, 0xf7, 0xdf,
    0xff, 0xff, 0x30, 0x0, 0x6, 0xff, 0xff, 0xf9,
    0xdf, 0xff, 0xff, 0x20, 0x0, 0x5, 0xff, 0xff,
    0xfa, 0xdf, 0xff, 0xff, 0x20, 0x0, 0x5, 0xff,
    0xff, 0xfa, 0xdf, 0xff, 0xff, 0x20, 0x0, 0x5,
    0xff, 0xff, 0xfa, 0xdf, 0xff, 0xff, 0x20, 0x0,
    0x5, 0xff, 0xff, 0xfa, 0xdf, 0xff, 0xff, 0x20,
    0x0, 0x5, 0xff, 0xff, 0xfa, 0xdf, 0xff, 0xff,
    0x20, 0x0, 0x5, 0xff, 0xff, 0xfa, 0xdf, 0xff,
    0xff, 0x20, 0x0, 0x5, 0xff, 0xff, 0xfa, 0xdf,
    0xff, 0xff, 0x20, 0x0, 0x5, 0xff, 0xff, 0xfa,
    0xdf, 0xff, 0xff, 0x20, 0x0, 0x5, 0xff, 0xff,
    0xfa, 0xcf, 0xff, 0xff, 0x30, 0x0, 0x6, 0xff,
    0xff, 0xf9, 0xbf, 0xff, 0xff, 0x80, 0x0, 0xc,
    0xff, 0xff, 0xf7, 0x7f, 0xff, 0xff, 0xf8, 0x34,
    0xbf, 0xff, 0xff, 0xf3, 0x1f, 0xff, 0xff, 0xff,
    0xff, 0xff, 0xff, 0xff, 0xd0, 0x7, 0xff, 0xff,
    0xff, 0xff, 0xff, 0xff, 0xff, 0x40, 0x0, 0xaf,
    0xff, 0xff, 0xff, 0xff, 0xff, 0xf7, 0x0, 0x0,
    0x6, 0xff, 0xff, 0xff, 0xff, 0xfe, 0x40, 0x0,
    0x0, 0x0, 0x16, 0xbd, 0xff, 0xda, 0x50, 0x0,
    0x0,

    /* U+0050 "P" */
    0x8f, 0xff, 0xff, 0xff, 0xff, 0xed, 0x92, 0x0,
    0x0, 0x9f, 0xff, 0xff, 0xff, 0xff, 0xff, 0xff,
    0x90, 0x0, 0x9f, 0xff, 0xff, 0xff, 0xff, 0xff,
    0xff, 0xfb, 0x0, 0x9f, 0xff, 0xff, 0xff, 0xff,
    0xff, 0xff, 0xff, 0x60, 0x9f, 0xff, 0xff, 0xff,
    0xff, 0xff, 0xff, 0xff, 0xe0, 0x9f, 0xff, 0xff,
    0x72, 0x23, 0xaf, 0xff, 0xff, 0xf4, 0x9f, 0xff,
    0xff, 0x60, 0x0, 0xc, 0xff, 0xff, 0xf7, 0x9f,
    0xff, 0xff, 0x60, 0x0, 0x6, 0xff, 0xff, 0xf8,
    0x9f, 0xff, 0xff, 0x60, 0x0, 0x6, 0xff, 0xff,
    0xf8, 0x9f, 0xff, 0xff, 0x60, 0x0, 0xa, 0xff,
    0xff, 0xf7, 0x9f, 0xff, 0xff, 0x60, 0x1, 0x8f,
    0xff, 0xff, 0xf3, 0x9f, 0xff, 0xff, 0xff, 0xff,
    0xff, 0xff, 0xff, 0xd0, 0x9f, 0xff, 0xff, 0xff,
    0xff, 0xff, 0xff, 0xff, 0x50, 0x9f, 0xff, 0xff,
    0xff, 0xff, 0xff, 0xff, 0xf8, 0x0, 0x9f, 0xff,
    0xff, 0xff, 0xff, 0xff, 0xfe, 0x60, 0x0, 0x9f,
    0xff, 0xff, 0xdc, 0xcb, 0xb9, 0x50, 0x0, 0x0,
    0x9f, 0xff, 0xff, 0x60, 0x0, 0x0, 0x0, 0x0,
    0x0, 0x9f, 0xff, 0xff, 0x60, 0x0, 0x0, 0x0,
    0x0, 0x0, 0x9f, 0xff, 0xff, 0x60, 0x0, 0x0,
    0x0, 0x0, 0x0, 0x9f, 0xff, 0xff, 0x60, 0x0,
    0x0, 0x0, 0x0, 0x0, 0x9f, 0xff, 0xff, 0x60,
    0x0, 0x0, 0x0, 0x0, 0x0, 0x9f, 0xff, 0xff,
    0x60, 0x0, 0x0, 0x0, 0x0, 0x0, 0x9f, 0xff,
    0xff, 0x60, 0x0, 0x0, 0x0, 0x0, 0x0, 0x9f,
    0xff, 0xff, 0x60, 0x0, 0x0, 0x0, 0x0, 0x0,
    0x8f, 0xff, 0xff, 0x50, 0x0, 0x0, 0x0, 0x0,
    0x0,

    /* U+0051 "Q" */
    0x0, 0x0, 0x18, 0xce, 0xff, 0xc8, 0x20, 0x0,
    0x0, 0x0, 0x7, 0xff, 0xff, 0xff, 0xff, 0xf9,
    0x0, 0x0, 0x0, 0xaf, 0xff, 0xff, 0xff, 0xff,
    0xff, 0xc0, 0x0, 0x6, 0xff, 0xff, 0xff, 0xff,
    0xff, 0xff, 0xf9, 0x0, 0x1f, 0xff, 0xff, 0xff,
    0xff, 0xff, 0xff, 0xff, 0x30, 0x6f, 0xff, 0xff,
    0xf6, 0x25, 0xef, 0xff, 0xff, 0xa0, 0xaf, 0xff,
    0xff, 0x70, 0x0, 0x4f, 0xff, 0xff, 0xe0, 0xdf,
    0xff, 0xff, 0x20, 0x0, 0xf, 0xff, 0xff, 0xf0,
    0xef, 0xff, 0xff, 0x10, 0x0, 0xe, 0xff, 0xff,
    0xf1, 0xef, 0xff, 0xff, 0x10, 0x0, 0xe, 0xff,
    0xff, 0xf1, 0xef, 0xff, 0xff, 0x10, 0x0, 0xe,
    0xff, 0xff, 0xf1, 0xef, 0xff, 0xff, 0x10, 0x0,
    0xe, 0xff, 0xff, 0xf1, 0xef, 0xff, 0xff, 0x10,
    0x0, 0xe, 0xff, 0xff, 0xf1, 0xef, 0xff, 0xff,
    0x10, 0x0, 0xe, 0xff, 0xff, 0xf1, 0xef, 0xff,
    0xff, 0x10, 0x0, 0xe, 0xff, 0xff, 0xf1, 0xef,
    0xff, 0xff, 0x10, 0x0, 0xe, 0xff, 0xff, 0xf1,
    0xef, 0xff, 0xff, 0x10, 0x0, 0xe, 0xff, 0xff,
    0xf1, 0xef, 0xff, 0xff, 0x10, 0x0, 0xe, 0xff,
    0xff, 0xf1, 0xdf, 0xff, 0xff, 0x20, 0x0, 0xf,
    0xff, 0xff, 0xf0, 0xbf, 0xff, 0xff, 0x70, 0x0,
    0x4f, 0xff, 0xff, 0xe0, 0x7f, 0xff, 0xff, 0xf7,
    0x36, 0xef, 0xff, 0xff, 0xa0, 0x1f, 0xff, 0xff,
    0xff, 0xff, 0xff, 0xff, 0xff, 0x40, 0x7, 0xff,
    0xff, 0xff, 0xff, 0xff, 0xff, 0xfb, 0x0, 0x0,
    0xaf, 0xff, 0xff, 0xff, 0xff, 0xff, 0xd1, 0x0,
    0x0, 0x8, 0xff, 0xff, 0xff, 0xff, 0xfa, 0x0,
    0x0, 0x0, 0x0, 0x1a, 0xff, 0xff, 0xfc, 0x20,
    0x0, 0x0, 0x0, 0x0, 0x6, 0xff, 0xff, 0xf9,
    0x0, 0x0, 0x0, 0x0, 0x0, 0x6, 0xff, 0xff,
    0xf9, 0x0, 0x0, 0x0, 0x0, 0x0, 0x5, 0xff,
    0xff, 0xf8, 0x0, 0x0, 0x0,

    /* U+0052 "R" */
    0x6f, 0xff, 0xff, 0xff, 0xff, 0xfd, 0xa4, 0x0,
    0x0, 0x7f, 0xff, 0xff, 0xff, 0xff, 0xff, 0xff,
    0xb1, 0x0, 0x7f, 0xff, 0xff, 0xff, 0xff, 0xff,
    0xff, 0xfd, 0x0, 0x7f, 0xff, 0xff, 0xff, 0xff,
    0xff, 0xff, 0xff, 0x90, 0x7f, 0xff, 0xff, 0xff,
    0xff, 0xff, 0xff, 0xff, 0xf1, 0x7f, 0xff, 0xff,
    0x92, 0x23, 0x8f, 0xff, 0xff, 0xf6, 0x7f, 0xff,
    0xff, 0x70, 0x0, 0x9, 0xff, 0xff, 0xf8, 0x7f,
    0xff, 0xff, 0x70, 0x0, 0x4, 0xff, 0xff, 0xfa,
    0x7f, 0xff, 0xff, 0x70, 0x0, 0x5, 0xff, 0xff,
    0xf9, 0x7f, 0xff, 0xff, 0x70, 0x0, 0xc, 0xff,
    0xff, 0xf7, 0x7f, 0xff, 0xff, 0xc9, 0x9a, 0xef,
    0xff, 0xff, 0xf2, 0x7f, 0xff, 0xff, 0xff, 0xff,
    0xff, 0xff, 0xff, 0xb0, 0x7f, 0xff, 0xff, 0xff,
    0xff, 0xff, 0xff, 0xfe, 0x10, 0x7f, 0xff, 0xff,
    0xff, 0xff, 0xff, 0xff, 0xd2, 0x0, 0x7f, 0xff,
    0xff, 0xff, 0xff, 0xff, 0xff, 0x0, 0x0, 0x7f,
    0xff, 0xff, 0x80, 0x9f, 0xff, 0xff, 0x50, 0x0,
    0x7f, 0xff, 0xff, 0x70, 0x3f, 0xff, 0xff, 0xc0,
    0x0, 0x7f, 0xff, 0xff, 0x70, 0xd, 0xff, 0xff,
    0xf2, 0x0, 0x7f, 0xff, 0xff, 0x70, 0x8, 0xff,
    0xff, 0xf8, 0x0, 0x7f, 0xff, 0xff, 0x70, 0x2,
    0xff, 0xff, 0xfe, 0x0, 0x7f, 0xff, 0xff, 0x70,
    0x0, 0xcf, 0xff, 0xff, 0x40, 0x7f, 0xff, 0xff,
    0x70, 0x0, 0x7f, 0xff, 0xff, 0xb0, 0x7f, 0xff,
    0xff, 0x70, 0x0, 0x1f, 0xff, 0xff, 0xf1, 0x7f,
    0xff, 0xff, 0x70, 0x0, 0xb, 0xff, 0xff, 0xf7,
    0x6f, 0xff, 0xff, 0x60, 0x0, 0x5, 0xff, 0xff,
    0xfc,

    /* U+0053 "S" */
    0x0, 0x0, 0x49, 0xde, 0xfe, 0xc7, 0x20, 0x0,
    0x0, 0x0, 0x3c, 0xff, 0xff, 0xff, 0xff, 0xf9,
    0x0, 0x0, 0x3, 0xff, 0xff, 0xff, 0xff, 0xff,
    0xff, 0xd0, 0x0, 0x1e, 0xff, 0xff, 0xff, 0xff,
    0xff, 0xff, 0xfb, 0x0, 0x7f, 0xff, 0xff, 0xff,
    0xff, 0xff, 0xff, 0xff, 0x40, 0xcf, 0xff, 0xff,
    0xc3, 0x26, 0xff, 0xff, 0xff, 0xa0, 0xef, 0xff,
    0xff, 0x10, 0x0, 0x5f, 0xff, 0xff, 0xd0, 0xef,
    0xff, 0xff, 0x10, 0x0, 0xf, 0xff, 0xff, 0xe0,
    0xbf, 0xff, 0xff, 0xa0, 0x0, 0x7, 0x88, 0x88,
    0x60, 0x6f, 0xff, 0xff, 0xfd, 0x50, 0x0, 0x0,
    0x0, 0x0, 0xc, 0xff, 0xff, 0xff, 0xfc, 0x40,
    0x0, 0x0, 0x0, 0x1, 0xef, 0xff, 0xff, 0xff,
    0xfc, 0x30, 0x0, 0x0, 0x0, 0x1c, 0xff, 0xff,
    0xff, 0xff, 0xf9, 0x10, 0x0, 0x0, 0x0, 0x6e,
    0xff, 0xff, 0xff, 0xff, 0xd2, 0x0, 0x0, 0x0,
    0x0, 0x7e, 0xff, 0xff, 0xff, 0xfd, 0x0, 0x0,
    0x0, 0x0, 0x0, 0x7e, 0xff, 0xff, 0xff, 0x70,
    0x67, 0x77, 0x75, 0x0, 0x0, 0xaf, 0xff, 0xff,
    0xd0, 0xff, 0xff, 0xfe, 0x0, 0x0, 0xf, 0xff,
    0xff, 0xf0, 0xff, 0xff, 0xff, 0x30, 0x0, 0xf,
    0xff, 0xff, 0xf0, 0xcf, 0xff, 0xff, 0xe6, 0x33,
    0xbf, 0xff, 0xff, 0xd0, 0x7f, 0xff, 0xff, 0xff,
    0xff, 0xff, 0xff, 0xff, 0x90, 0x1e, 0xff, 0xff,
    0xff, 0xff, 0xff, 0xff, 0xff, 0x10, 0x3, 0xff,
    0xff, 0xff, 0xff, 0xff, 0xff, 0xf5, 0x0, 0x0,
    0x2c, 0xff, 0xff, 0xff, 0xff, 0xfd, 0x30, 0x0,
    0x0, 0x0, 0x49, 0xce, 0xff, 0xda, 0x50, 0x0,
    0x0,

    /* U+0054 "T" */
    0x2f, 0xff, 0xff, 0xff, 0xff, 0xff, 0xff, 0xff,
    0xff, 0x83, 0xff, 0xff, 0xff, 0xff, 0xff, 0xff,
    0xff, 0xff, 0xf9, 0x3f, 0xff, 0xff, 0xff, 0xff,
    0xff, 0xff, 0xff, 0xff, 0x93, 0xff, 0xff, 0xff,
    0xff, 0xff, 0xff, 0xff, 0xff, 0xf9, 0x3f, 0xff,
    0xff, 0xff, 0xff, 0xff, 0xff, 0xff, 0xff, 0x90,
    0x22, 0x22, 0x28, 0xff, 0xff, 0xfa, 0x22, 0x22,
    0x20, 0x0, 0x0, 0x0, 0x6f, 0xff, 0xff, 0x90,
    0x0, 0x0, 0x0, 0x0, 0x0, 0x6, 0xff, 0xff,
    0xf9, 0x0, 0x0, 0x0, 0x0, 0x0, 0x0, 0x6f,
    0xff, 0xff, 0x90, 0x0, 0x0, 0x0, 0x0, 0x0,
    0x6, 0xff, 0xff, 0xf9, 0x0, 0x0, 0x0, 0x0,
    0x0, 0x0, 0x6f, 0xff, 0xff, 0x90, 0x0, 0x0,
    0x0, 0x0, 0x0, 0x6, 0xff, 0xff, 0xf9, 0x0,
    0x0, 0x0, 0x0, 0x0, 0x0, 0x6f, 0xff, 0xff,
    0x90, 0x0, 0x0, 0x0, 0x0, 0x0, 0x6, 0xff,
    0xff, 0xf9, 0x0, 0x0, 0x0, 0x0, 0x0, 0x0,
    0x6f, 0xff, 0xff, 0x90, 0x0, 0x0, 0x0, 0x0,
    0x0, 0x6, 0xff, 0xff, 0xf9, 0x0, 0x0, 0x0,
    0x0, 0x0, 0x0, 0x6f, 0xff, 0xff, 0x90, 0x0,
    0x0, 0x0, 0x0, 0x0, 0x6, 0xff, 0xff, 0xf9,
    0x0, 0x0, 0x0, 0x0, 0x0, 0x0, 0x6f, 0xff,
    0xff, 0x90, 0x0, 0x0, 0x0, 0x0, 0x0, 0x6,
    0xff, 0xff, 0xf9, 0x0, 0x0, 0x0, 0x0, 0x0,
    0x0, 0x6f, 0xff, 0xff, 0x90, 0x0, 0x0, 0x0,
    0x0, 0x0, 0x6, 0xff, 0xff, 0xf9, 0x0, 0x0,
    0x0, 0x0, 0x0, 0x0, 0x6f, 0xff, 0xff, 0x90,
    0x0, 0x0, 0x0, 0x0, 0x0, 0x6, 0xff, 0xff,
    0xf9, 0x0, 0x0, 0x0, 0x0, 0x0, 0x0, 0x5f,
    0xff, 0xff, 0x80, 0x0, 0x0, 0x0,

    /* U+0055 "U" */
    0x9f, 0xff, 0xff, 0x40, 0x0, 0x7, 0xff, 0xff,
    0xf6, 0xaf, 0xff, 0xff, 0x50, 0x0, 0x8, 0xff,
    0xff, 0xf7, 0xaf, 0xff, 0xff, 0x50, 0x0, 0x8,
    0xff, 0xff, 0xf7, 0xaf, 0xff, 0xff, 0x50, 0x0,
    0x8, 0xff, 0xff, 0xf7, 0xaf, 0xff, 0xff, 0x50,
    0x0, 0x8, 0xff, 0xff, 0xf7, 0xaf, 0xff, 0xff,
    0x50, 0x0, 0x8, 0xff, 0xff, 0xf7, 0xaf, 0xff,
    0xff, 0x50, 0x0, 0x8, 0xff, 0xff, 0xf7, 0xaf,
    0xff, 0xff, 0x50, 0x0, 0x8, 0xff, 0xff, 0xf7,
    0xaf, 0xff, 0xff, 0x50, 0x0, 0x8, 0xff, 0xff,
    0xf7, 0xaf, 0xff, 0xff, 0x50, 0x0, 0x8, 0xff,
    0xff, 0xf7, 0xaf, 0xff, 0xff, 0x50, 0x0, 0x8,
    0xff, 0xff, 0xf7, 0xaf, 0xff, 0xff, 0x50, 0x0,
    0x8, 0xff, 0xff, 0xf7, 0xaf, 0xff, 0xff, 0x50,
    0x0, 0x8, 0xff, 0xff, 0xf7, 0xaf, 0xff, 0xff,
    0x50, 0x0, 0x8, 0xff, 0xff, 0xf7, 0xaf, 0xff,
    0xff, 0x50, 0x0, 0x8, 0xff, 0xff, 0xf7, 0xaf,
    0xff, 0xff, 0x50, 0x0, 0x8, 0xff, 0xff, 0xf7,
    0x9f, 0xff, 0xff, 0x50, 0x0, 0x8, 0xff, 0xff,
    0xf7, 0x9f, 0xff, 0xff, 0x60, 0x0, 0x9, 0xff,
    0xff, 0xf6, 0x7f, 0xff, 0xff, 0xb0, 0x0, 0xd,
    0xff, 0xff, 0xf5, 0x4f, 0xff, 0xff, 0xf9, 0x33,
    0xbf, 0xff, 0xff, 0xf1, 0xe, 0xff, 0xff, 0xff,
    0xff, 0xff, 0xff, 0xff, 0xb0, 0x4, 0xff, 0xff,
    0xff, 0xff, 0xff, 0xff, 0xff, 0x20, 0x0, 0x8f,
    0xff, 0xff, 0xff, 0xff, 0xff, 0xf5, 0x0, 0x0,
    0x5, 0xef, 0xff, 0xff, 0xff, 0xfe, 0x30, 0x0,
    0x0, 0x0, 0x6, 0xbd, 0xff, 0xda, 0x50, 0x0,
    0x0,

    /* U+0056 "V" */
    0x2f, 0xff, 0xff, 0xf2, 0x0, 0x0, 0x7, 0xff,
    0xff, 0xfb, 0xf, 0xff, 0xff, 0xf6, 0x0, 0x0,
    0xb, 0xff, 0xff, 0xf7, 0xb, 0xff, 0xff, 0xf9,
    0x0, 0x0, 0xe, 0xff, 0xff, 0xf3, 0x7, 0xff,
    0xff, 0xfc, 0x0, 0x0, 0x1f, 0xff, 0xff, 0xf0,
    0x3, 0xff, 0xff, 0xff, 0x0, 0x0, 0x5f, 0xff,
    0xff, 0xb0, 0x0, 0xff, 0xff, 0xff, 0x30, 0x0,
    0x8f, 0xff, 0xff, 0x70, 0x0, 0xbf, 0xff, 0xff,
    0x60, 0x0, 0xbf, 0xff, 0xff, 0x30, 0x0, 0x7f,
    0xff, 0xff, 0x90, 0x0, 0xef, 0xff, 0xfe, 0x0,
    0x0, 0x3f, 0xff, 0xff, 0xc0, 0x1, 0xff, 0xff,
    0xfa, 0x0, 0x0, 0xe, 0xff, 0xff, 0xf0, 0x4,
    0xff, 0xff, 0xf6, 0x0, 0x0, 0xa, 0xff, 0xff,
    0xf3, 0x8, 0xff, 0xff, 0xf2, 0x0, 0x0, 0x6,
    0xff, 0xff, 0xf6, 0xb, 0xff, 0xff, 0xe0, 0x0,
    0x0, 0x2, 0xff, 0xff, 0xf9, 0xe, 0xff, 0xff,
    0xa0, 0x0, 0x0, 0x0, 0xef, 0xff, 0xfd, 0x1f,
    0xff, 0xff, 0x60, 0x0, 0x0, 0x0, 0xaf, 0xff,
    0xff, 0x5f, 0xff, 0xff, 0x20, 0x0, 0x0, 0x0,
    0x6f, 0xff, 0xff, 0xcf, 0xff, 0xfd, 0x0, 0x0,
    0x0, 0x0, 0x2f, 0xff, 0xff, 0xff, 0xff, 0xf9,
    0x0, 0x0, 0x0, 0x0, 0xe, 0xff, 0xff, 0xff,
    0xff, 0xf5, 0x0, 0x0, 0x0, 0x0, 0xa, 0xff,
    0xff, 0xff, 0xff, 0xf1, 0x0, 0x0, 0x0, 0x0,
    0x5, 0xff, 0xff, 0xff, 0xff, 0xd0, 0x0, 0x0,
    0x0, 0x0, 0x1, 0xff, 0xff, 0xff, 0xff, 0x90,
    0x0, 0x0, 0x0, 0x0, 0x0, 0xdf, 0xff, 0xff,
    0xff, 0x50, 0x0, 0x0, 0x0, 0x0, 0x0, 0x9f,
    0xff, 0xff, 0xff, 0x10, 0x0, 0x0, 0x0, 0x0,
    0x0, 0x5f, 0xff, 0xff, 0xfc, 0x0, 0x0, 0x0,
    0x0, 0x0, 0x0, 0x1f, 0xff, 0xff, 0xf7, 0x0,
    0x0, 0x0,

    /* U+0057 "W" */
    0x3f, 0xff, 0xff, 0xe0, 0x0, 0x3, 0xff, 0xff,
    0xf4, 0x0, 0x0, 0xdf, 0xff, 0xff, 0x20, 0xff,
    0xff, 0xff, 0x20, 0x0, 0x6f, 0xff, 0xff, 0x80,
    0x0, 0xf, 0xff, 0xff, 0xf0, 0xc, 0xff, 0xff,
    0xf5, 0x0, 0x9, 0xff, 0xff, 0xfb, 0x0, 0x3,
    0xff, 0xff, 0xfc, 0x0, 0x8f, 0xff, 0xff, 0x80,
    0x0, 0xcf, 0xff, 0xff, 0xe0, 0x0, 0x6f, 0xff,
    0xff, 0x80, 0x5, 0xff, 0xff, 0xfb, 0x0, 0xf,
    0xff, 0xff, 0xff, 0x10, 0x9, 0xff, 0xff, 0xf5,
    0x0, 0x1f, 0xff, 0xff, 0xe0, 0x2, 0xff, 0xff,
    0xff, 0xf5, 0x0, 0xbf, 0xff, 0xff, 0x10, 0x0,
    0xdf, 0xff, 0xff, 0x10, 0x5f, 0xff, 0xff, 0xff,
    0x80, 0xe, 0xff, 0xff, 0xe0, 0x0, 0x9, 0xff,
    0xff, 0xf5, 0x8, 0xff, 0xff, 0xff, 0xfb, 0x1,
    0xff, 0xff, 0xfa, 0x0, 0x0, 0x5f, 0xff, 0xff,
    0x80, 0xbf, 0xff, 0xff, 0xff, 0xe0, 0x4f, 0xff,
    0xff, 0x60, 0x0, 0x1, 0xff, 0xff, 0xfb, 0xd,
    0xff, 0xff, 0xff, 0xff, 0x17, 0xff, 0xff, 0xf3,
    0x0, 0x0, 0xd, 0xff, 0xff, 0xe0, 0xff, 0xff,
    0xff, 0xff, 0xf4, 0x9f, 0xff, 0xff, 0x0, 0x0,
    0x0, 0x9f, 0xff, 0xff, 0x4f, 0xff, 0xfd, 0xff,
    0xff, 0x8c, 0xff, 0xff, 0xc0, 0x0, 0x0, 0x6,
    0xff, 0xff, 0xfb, 0xff, 0xff, 0x7f, 0xff, 0xfb,
    0xff, 0xff, 0xf8, 0x0, 0x0, 0x0, 0x2f, 0xff,
    0xff, 0xff, 0xff, 0xf1, 0xff, 0xff, 0xff, 0xff,
    0xff, 0x50, 0x0, 0x0, 0x0, 0xef, 0xff, 0xff,
    0xff, 0xfe, 0xd, 0xff, 0xff, 0xff, 0xff, 0xf1,
    0x0, 0x0, 0x0, 0xa, 0xff, 0xff, 0xff, 0xff,
    0xb0, 0xaf, 0xff, 0xff, 0xff, 0xfe, 0x0, 0x0,
    0x0, 0x0, 0x6f, 0xff, 0xff, 0xff, 0xf8, 0x7,
    0xff, 0xff, 0xff, 0xff, 0xa0, 0x0, 0x0, 0x0,
    0x2, 0xff, 0xff, 0xff, 0xff, 0x60, 0x4f, 0xff,
    0xff, 0xff, 0xf6, 0x0, 0x0, 0x0, 0x0, 0xe,
    0xff, 0xff, 0xff, 0xf3, 0x1, 0xff, 0xff, 0xff,
    0xff, 0x30, 0x0, 0x0, 0x0, 0x0, 0xbf, 0xff,
    0xff, 0xff, 0x0, 0xe, 0xff, 0xff, 0xff, 0xf0,
    0x0, 0x0, 0x0, 0x0, 0x7, 0xff, 0xff, 0xff,
    0xe0, 0x0, 0xbf, 0xff, 0xff, 0xfc, 0x0, 0x0,
    0x0, 0x0, 0x0, 0x3f, 0xff, 0xff, 0xfb, 0x0,
    0x8, 0xff, 0xff, 0xff, 0x80, 0x0, 0x0, 0x0,
    0x0, 0x0, 0xff, 0xff, 0xff, 0x80, 0x0, 0x5f,
    0xff, 0xff, 0xf5, 0x0, 0x0, 0x0, 0x0, 0x0,
    0xb, 0xff, 0xff, 0xf6, 0x0, 0x2, 0xff, 0xff,
    0xff, 0x10, 0x0, 0x0, 0x0, 0x0, 0x0, 0x7f,
    0xff, 0xff, 0x30, 0x0, 0xe, 0xff, 0xff, 0xd0,
    0x0, 0x0, 0x0,

    /* U+0058 "X" */
    0x1f, 0xff, 0xff, 0xf3, 0x0, 0x0, 0xb, 0xff,
    0xff, 0xf7, 0x9, 0xff, 0xff, 0xfa, 0x0, 0x0,
    0x2f, 0xff, 0xff, 0xf1, 0x2, 0xff, 0xff, 0xff,
    0x10, 0x0, 0x9f, 0xff, 0xff, 0x90, 0x0, 0xaf,
    0xff, 0xff, 0x80, 0x1, 0xff, 0xff, 0xff, 0x10,
    0x0, 0x2f, 0xff, 0xff, 0xe0, 0x8, 0xff, 0xff,
    0xf9, 0x0, 0x0, 0xa, 0xff, 0xff, 0xf6, 0xe,
    0xff, 0xff, 0xf2, 0x0, 0x0, 0x2, 0xff, 0xff,
    0xfd, 0x6f, 0xff, 0xff, 0x90, 0x0, 0x0, 0x0,
    0xaf, 0xff, 0xff, 0xff, 0xff, 0xff, 0x20, 0x0,
    0x0, 0x0, 0x3f, 0xff, 0xff, 0xff, 0xff, 0xfa,
    0x0, 0x0, 0x0, 0x0, 0xb, 0xff, 0xff, 0xff,
    0xff, 0xf2, 0x0, 0x0, 0x0, 0x0, 0x3, 0xff,
    0xff, 0xff, 0xff, 0xa0, 0x0, 0x0, 0x0, 0x0,
    0x0, 0xbf, 0xff, 0xff, 0xff, 0x20, 0x0, 0x0,
    0x0, 0x0, 0x0, 0x5f, 0xff, 0xff, 0xfd, 0x0,
    0x0, 0x0, 0x0, 0x0, 0x0, 0xbf, 0xff, 0xff,
    0xff, 0x20, 0x0, 0x0, 0x0, 0x0, 0x3, 0xff,
    0xff, 0xff, 0xff, 0xa0, 0x0, 0x0, 0x0, 0x0,
    0xb, 0xff, 0xff, 0xff, 0xff, 0xf2, 0x0, 0x0,
    0x0, 0x0, 0x3f, 0xff, 0xff, 0xff, 0xff, 0xfa,
    0x0, 0x0, 0x0, 0x0, 0xaf, 0xff, 0xff, 0xff,
    0xff, 0xff, 0x20, 0x0, 0x0, 0x2, 0xff, 0xff,
    0xfd, 0x6f, 0xff, 0xff, 0x90, 0x0, 0x0, 0xa,
    0xff, 0xff, 0xf6, 0xe, 0xff, 0xff, 0xf2, 0x0,
    0x0, 0x2f, 0xff, 0xff, 0xe0, 0x8, 0xff, 0xff,
    0xf9, 0x0, 0x0, 0xaf, 0xff, 0xff, 0x80, 0x1,
    0xff, 0xff, 0xff, 0x10, 0x2, 0xff, 0xff, 0xff,
    0x10, 0x0, 0x9f, 0xff, 0xff, 0x90, 0x9, 0xff,
    0xff, 0xf9, 0x0, 0x0, 0x2f, 0xff, 0xff, 0xf1,
    0xf, 0xff, 0xff, 0xf2, 0x0, 0x0, 0xa, 0xff,
    0xff, 0xf7,

    /* U+0059 "Y" */
    0x1f, 0xff, 0xff, 0xf3, 0x0, 0x0, 0xd, 0xff,
    0xff, 0xf5, 0xb, 0xff, 0xff, 0xf8, 0x0, 0x0,
    0x3f, 0xff, 0xff, 0xf0, 0x5, 0xff, 0xff, 0xfe,
    0x0, 0x0, 0x9f, 0xff, 0xff, 0x90, 0x0, 0xef,
    0xff, 0xff, 0x30, 0x0, 0xef, 0xff, 0xff, 0x20,
    0x0, 0x8f, 0xff, 0xff, 0x90, 0x4, 0xff, 0xff,
    0xfc, 0x0, 0x0, 0x1f, 0xff, 0xff, 0xe0, 0x9,
    0xff, 0xff, 0xf5, 0x0, 0x0, 0xb, 0xff, 0xff,
    0xf3, 0xe, 0xff, 0xff, 0xe0, 0x0, 0x0, 0x4,
    0xff, 0xff, 0xf9, 0x4f, 0xff, 0xff, 0x80, 0x0,
    0x0, 0x0, 0xdf, 0xff, 0xfe, 0xaf, 0xff, 0xff,
    0x20, 0x0, 0x0, 0x0, 0x7f, 0xff, 0xff, 0xff,
    0xff, 0xfb, 0x0, 0x0, 0x0, 0x0, 0x1f, 0xff,
    0xff, 0xff, 0xff, 0xf4, 0x0, 0x0, 0x0, 0x0,
    0xa, 0xff, 0xff, 0xff, 0xff, 0xd0, 0x0, 0x0,
    0x0, 0x0, 0x3, 0xff, 0xff, 0xff, 0xff, 0x70,
    0x0, 0x0, 0x0, 0x0, 0x0, 0xdf, 0xff, 0xff,
    0xff, 0x10, 0x0, 0x0, 0x0, 0x0, 0x0, 0x6f,
    0xff, 0xff, 0xfa, 0x0, 0x0, 0x0, 0x0, 0x0,
    0x0, 0xf, 0xff, 0xff, 0xf3, 0x0, 0x0, 0x0,
    0x0, 0x0, 0x0, 0xe, 0xff, 0xff, 0xf1, 0x0,
    0x0, 0x0, 0x0, 0x0, 0x0, 0xe, 0xff, 0xff,
    0xf1, 0x0, 0x0, 0x0, 0x0, 0x0, 0x0, 0xe,
    0xff, 0xff, 0xf1, 0x0, 0x0, 0x0, 0x0, 0x0,
    0x0, 0xe, 0xff, 0xff, 0xf1, 0x0, 0x0, 0x0,
    0x0, 0x0, 0x0, 0xe, 0xff, 0xff, 0xf1, 0x0,
    0x0, 0x0, 0x0, 0x0, 0x0, 0xe, 0xff, 0xff,
    0xf1, 0x0, 0x0, 0x0, 0x0, 0x0, 0x0, 0xe,
    0xff, 0xff, 0xf1, 0x0, 0x0, 0x0, 0x0, 0x0,
    0x0, 0xe, 0xff, 0xff, 0xf1, 0x0, 0x0, 0x0,
    0x0, 0x0, 0x0, 0xd, 0xff, 0xff, 0xf1, 0x0,
    0x0, 0x0,

    /* U+005A "Z" */
    0x2f, 0xff, 0xff, 0xff, 0xff, 0xff, 0xff, 0xff,
    0xa3, 0xff, 0xff, 0xff, 0xff, 0xff, 0xff, 0xff,
    0xfb, 0x3f, 0xff, 0xff, 0xff, 0xff, 0xff, 0xff,
    0xff, 0xb3, 0xff, 0xff, 0xff, 0xff, 0xff, 0xff,
    0xff, 0xfb, 0x2f, 0xff, 0xff, 0xff, 0xff, 0xff,
    0xff, 0xff, 0xb0, 0x22, 0x22, 0x22, 0x22, 0x3f,
    0xff, 0xff, 0xf8, 0x0, 0x0, 0x0, 0x0, 0xa,
    0xff, 0xff, 0xfd, 0x0, 0x0, 0x0, 0x0, 0x4,
    0xff, 0xff, 0xff, 0x40, 0x0, 0x0, 0x0, 0x0,
    0xef, 0xff, 0xff, 0x90, 0x0, 0x0, 0x0, 0x0,
    0x9f, 0xff, 0xff, 0xe1, 0x0, 0x0, 0x0, 0x0,
    0x3f, 0xff, 0xff, 0xf4, 0x0, 0x0, 0x0, 0x0,
    0xd, 0xff, 0xff, 0xfa, 0x0, 0x0, 0x0, 0x0,
    0x8, 0xff, 0xff, 0xfe, 0x10, 0x0, 0x0, 0x0,
    0x3, 0xff, 0xff, 0xff, 0x50, 0x0, 0x0, 0x0,
    0x0, 0xcf, 0xff, 0xff, 0xb0, 0x0, 0x0, 0x0,
    0x0, 0x7f, 0xff, 0xff, 0xf1, 0x0, 0x0, 0x0,
    0x0, 0x2f, 0xff, 0xff, 0xf6, 0x0, 0x0, 0x0,
    0x0, 0xc, 0xff, 0xff, 0xfb, 0x0, 0x0, 0x0,
    0x0, 0x6, 0xff, 0xff, 0xff, 0x20, 0x0, 0x0,
    0x0, 0x1, 0xff, 0xff, 0xff, 0x92, 0x22, 0x22,
    0x22, 0x20, 0x3f, 0xff, 0xff, 0xff, 0xff, 0xff,
    0xff, 0xff, 0xa3, 0xff, 0xff, 0xff, 0xff, 0xff,
    0xff, 0xff, 0xfb, 0x3f, 0xff, 0xff, 0xff, 0xff,
    0xff, 0xff, 0xff, 0xb3, 0xff, 0xff, 0xff, 0xff,
    0xff, 0xff, 0xff, 0xfb, 0x2f, 0xff, 0xff, 0xff,
    0xff, 0xff, 0xff, 0xff, 0xa0,

    /* U+005B "[" */
    0xcf, 0xff, 0xff, 0xff, 0xf9, 0xdf, 0xff, 0xff,
    0xff, 0xfa, 0xdf, 0xff, 0xff, 0xff, 0xfa, 0xdf,
    0xff, 0xff, 0xff, 0xfa, 0xdf, 0xff, 0xff, 0xff,
    0xf9, 0xdf, 0xff, 0xff, 0x42, 0x21, 0xdf, 0xff,
    0xff, 0x20, 0x0, 0xdf, 0xff, 0xff, 0x20, 0x0,
    0xdf, 0xff, 0xff, 0x20, 0x0, 0xdf, 0xff, 0xff,
    0x20, 0x0, 0xdf, 0xff, 0xff, 0x20, 0x0, 0xdf,
    0xff, 0xff, 0x20, 0x0, 0xdf, 0xff, 0xff, 0x20,
    0x0, 0xdf, 0xff, 0xff, 0x20, 0x0, 0xdf, 0xff,
    0xff, 0x20, 0x0, 0xdf, 0xff, 0xff, 0x20, 0x0,
    0xdf, 0xff, 0xff, 0x20, 0x0, 0xdf, 0xff, 0xff,
    0x20, 0x0, 0xdf, 0xff, 0xff, 0x20, 0x0, 0xdf,
    0xff, 0xff, 0x20, 0x0, 0xdf, 0xff, 0xff, 0x20,
    0x0, 0xdf, 0xff, 0xff, 0x20, 0x0, 0xdf, 0xff,
    0xff, 0x20, 0x0, 0xdf, 0xff, 0xff, 0x20, 0x0,
    0xdf, 0xff, 0xff, 0x20, 0x0, 0xdf, 0xff, 0xff,
    0x20, 0x0, 0xdf, 0xff, 0xff, 0x20, 0x0, 0xdf,
    0xff, 0xff, 0x20, 0x0, 0xdf, 0xff, 0xff, 0x20,
    0x0, 0xdf, 0xff, 0xff, 0x42, 0x21, 0xdf, 0xff,
    0xff, 0xff, 0xf9, 0xdf, 0xff, 0xff, 0xff, 0xfa,
    0xdf, 0xff, 0xff, 0xff, 0xfa, 0xdf, 0xff, 0xff,
    0xff, 0xfa, 0xcf, 0xff, 0xff, 0xff, 0xf9,

    /* U+005C "\\" */
    0x9f, 0xff, 0xff, 0x40, 0x0, 0x0, 0x0, 0x0,
    0x4f, 0xff, 0xff, 0xb0, 0x0, 0x0, 0x0, 0x0,
    0xe, 0xff, 0xff, 0xf1, 0x0, 0x0, 0x0, 0x0,
    0x8, 0xff, 0xff, 0xf7, 0x0, 0x0, 0x0, 0x0,
    0x2, 0xff, 0xff, 0xfd, 0x0, 0x0, 0x0, 0x0,
    0x0, 0xcf, 0xff, 0xff, 0x30, 0x0, 0x0, 0x0,
    0x0, 0x6f, 0xff, 0xff, 0x90, 0x0, 0x0, 0x0,
    0x0, 0x1f, 0xff, 0xff, 0xe0, 0x0, 0x0, 0x0,
    0x0, 0xa, 0xff, 0xff, 0xf5, 0x0, 0x0, 0x0,
    0x0, 0x4, 0xff, 0xff, 0xfb, 0x0, 0x0, 0x0,
    0x0, 0x0, 0xef, 0xff, 0xff, 0x10, 0x0, 0x0,
    0x0, 0x0, 0x8f, 0xff, 0xff, 0x70, 0x0, 0x0,
    0x0, 0x0, 0x2f, 0xff, 0xff, 0xd0, 0x0, 0x0,
    0x0, 0x0, 0xc, 0xff, 0xff, 0xf3, 0x0, 0x0,
    0x0, 0x0, 0x6, 0xff, 0xff, 0xf9, 0x0, 0x0,
    0x0, 0x0, 0x1, 0xff, 0xff, 0xfe, 0x0, 0x0,
    0x0, 0x0, 0x0, 0xaf, 0xff, 0xff, 0x50, 0x0,
    0x0, 0x0, 0x0, 0x4f, 0xff, 0xff, 0xb0, 0x0,
    0x0, 0x0, 0x0, 0xe, 0xff, 0xff, 0xf1, 0x0,
    0x0, 0x0, 0x0, 0x8, 0xff, 0xff, 0xf7, 0x0,
    0x0, 0x0, 0x0, 0x2, 0xff, 0xff, 0xfd, 0x0,
    0x0, 0x0, 0x0, 0x0, 0xcf, 0xff, 0xff, 0x30,
    0x0, 0x0, 0x0, 0x0, 0x6f, 0xff, 0xff, 0x90,
    0x0, 0x0, 0x0, 0x0, 0x1f, 0xff, 0xff, 0xe0,
    0x0, 0x0, 0x0, 0x0, 0xa, 0xff, 0xff, 0xf3,

    /* U+005D "]" */
    0x6f, 0xff, 0xff, 0xff, 0xff, 0x7, 0xff, 0xff,
    0xff, 0xff, 0xf0, 0x7f, 0xff, 0xff, 0xff, 0xff,
    0x7, 0xff, 0xff, 0xff, 0xff, 0xf0, 0x6f, 0xff,
    0xff, 0xff, 0xff, 0x0, 0x22, 0x2f, 0xff, 0xff,
    0xf0, 0x0, 0x0, 0xff, 0xff, 0xff, 0x0, 0x0,
    0xf, 0xff, 0xff, 0xf0, 0x0, 0x0, 0xff, 0xff,
    0xff, 0x0, 0x0, 0xf, 0xff, 0xff, 0xf0, 0x0,
    0x0, 0xff, 0xff, 0xff, 0x0, 0x0, 0xf, 0xff,
    0xff, 0xf0, 0x0, 0x0, 0xff, 0xff, 0xff, 0x0,
    0x0, 0xf, 0xff, 0xff, 0xf0, 0x0, 0x0, 0xff,
    0xff, 0xff, 0x0, 0x0, 0xf, 0xff, 0xff, 0xf0,
    0x0, 0x0, 0xff, 0xff, 0xff, 0x0, 0x0, 0xf,
    0xff, 0xff, 0xf0, 0x0, 0x0, 0xff, 0xff, 0xff,
    0x0, 0x0, 0xf, 0xff, 0xff, 0xf0, 0x0, 0x0,
    0xff, 0xff, 0xff, 0x0, 0x0, 0xf, 0xff, 0xff,
    0xf0, 0x0, 0x0, 0xff, 0xff, 0xff, 0x0, 0x0,
    0xf, 0xff, 0xff, 0xf0, 0x0, 0x0, 0xff, 0xff,
    0xff, 0x0, 0x0, 0xf, 0xff, 0xff, 0xf0, 0x0,
    0x0, 0xff, 0xff, 0xff, 0x0, 0x0, 0xf, 0xff,
    0xff, 0xf0, 0x0, 0x0, 0xff, 0xff, 0xff, 0x0,
    0x22, 0x2f, 0xff, 0xff, 0xf0, 0x6f, 0xff, 0xff,
    0xff, 0xff, 0x7, 0xff, 0xff, 0xff, 0xff, 0xf0,
    0x7f, 0xff, 0xff, 0xff, 0xff, 0x7, 0xff, 0xff,
    0xff, 0xff, 0xf0, 0x6f, 0xff, 0xff, 0xff, 0xff,
    0x0,

    /* U+005E "^" */
    0x0, 0x0, 0x4, 0xab, 0xbb, 0x70, 0x0, 0x0,
    0x0, 0x0, 0xb, 0xff, 0xff, 0xf1, 0x0, 0x0,
    0x0, 0x0, 0xf, 0xff, 0xff, 0xf6, 0x0, 0x0,
    0x0, 0x0, 0x5f, 0xff, 0xff, 0xfb, 0x0, 0x0,
    0x0, 0x0, 0xbf, 0xff, 0xff, 0xff, 0x10, 0x0,
    0x0, 0x0, 0xff, 0xff, 0xff, 0xff, 0x60, 0x0,
    0x0, 0x5, 0xff, 0xff, 0xff, 0xff, 0xb0, 0x0,
    0x0, 0xa, 0xff, 0xfe, 0x8f, 0xff, 0xf1, 0x0,
    0x0, 0xf, 0xff, 0xfa, 0x3f, 0xff, 0xf6, 0x0,
    0x0, 0x5f, 0xff, 0xf6, 0xf, 0xff, 0xfb, 0x0,
    0x0, 0xaf, 0xff, 0xf1, 0xb, 0xff, 0xff, 0x10,
    0x0, 0xff, 0xff, 0xd0, 0x6, 0xff, 0xff, 0x60,
    0x5, 0xff, 0xff, 0x80, 0x2, 0xff, 0xff, 0xb0,
    0xa, 0xff, 0xff, 0x40, 0x0, 0xef, 0xff, 0xf1,
    0xe, 0xff, 0xfe, 0x0, 0x0, 0x9f, 0xff, 0xf5,

    /* U+005F "_" */
    0x37, 0x77, 0x77, 0x77, 0x77, 0x77, 0x77, 0x77,
    0x70, 0x8f, 0xff, 0xff, 0xff, 0xff, 0xff, 0xff,
    0xff, 0xf1, 0x8f, 0xff, 0xff, 0xff, 0xff, 0xff,
    0xff, 0xff, 0xf1, 0x8f, 0xff, 0xff, 0xff, 0xff,
    0xff, 0xff, 0xff, 0xf1, 0x7f, 0xff, 0xff, 0xff,
    0xff, 0xff, 0xff, 0xff, 0xf0,

    /* U+0060 "`" */
    0x16, 0x66, 0x65, 0x0, 0xd, 0xff, 0xff, 0x30,
    0x2, 0xff, 0xff, 0xc0, 0x0, 0x5f, 0xff, 0xf5,
    0x0, 0x9, 0xff, 0xfd,

    /* U+0061 "a" */
    0x0, 0x0, 0x16, 0xbe, 0xfe, 0xd9, 0x40, 0x0,
    0x0, 0x0, 0x6f, 0xff, 0xff, 0xff, 0xff, 0xc3,
    0x0, 0x0, 0x8f, 0xff, 0xff, 0xff, 0xff, 0xff,
    0xf3, 0x0, 0x3f, 0xff, 0xff, 0xff, 0xff, 0xff,
    0xff, 0xe0, 0xb, 0xff, 0xff, 0xff, 0xff, 0xff,
    0xff, 0xff, 0x60, 0xff, 0xff, 0xff, 0xa3, 0x4d,
    0xff, 0xff, 0xfa, 0x7, 0x88, 0x88, 0x70, 0x0,
    0x5f, 0xff, 0xff, 0xb0, 0x0, 0x0, 0x0, 0x0,
    0x4, 0xff, 0xff, 0xfb, 0x0, 0x3, 0x8c, 0xef,
    0xff, 0xff, 0xff, 0xff, 0xb0, 0xa, 0xff, 0xff,
    0xff, 0xff, 0xff, 0xff, 0xfb, 0x9, 0xff, 0xff,
    0xff, 0xff, 0xff, 0xff, 0xff, 0xb0, 0xff, 0xff,
    0xff, 0xeb, 0xac, 0xff, 0xff, 0xfb, 0x4f, 0xff,
    0xff, 0xe1, 0x0, 0x4f, 0xff, 0xff, 0xb5, 0xff,
    0xff, 0xfc, 0x0, 0x8, 0xff, 0xff, 0xfb, 0x4f,
    0xff, 0xff, 0xf9, 0x6a, 0xff, 0xff, 0xff, 0xb2,
    0xff, 0xff, 0xff, 0xff, 0xff, 0xff, 0xff, 0xfb,
    0xc, 0xff, 0xff, 0xff, 0xff, 0xff, 0xff, 0xff,
    0xb0, 0x2d, 0xff, 0xff, 0xff, 0xfa, 0xff, 0xff,
    0xfb, 0x0, 0x7, 0xcf, 0xfe, 0xa3, 0x3f, 0xff,
    0xff, 0xa0,

    /* U+0062 "b" */
    0x9f, 0xff, 0xff, 0x40, 0x0, 0x0, 0x0, 0x0,
    0xa, 0xff, 0xff, 0xf5, 0x0, 0x0, 0x0, 0x0,
    0x0, 0xaf, 0xff, 0xff, 0x50, 0x0, 0x0, 0x0,
    0x0, 0xa, 0xff, 0xff, 0xf5, 0x0, 0x0, 0x0,
    0x0, 0x0, 0xaf, 0xff, 0xff, 0x50, 0x0, 0x0,
    0x0, 0x0, 0xa, 0xff, 0xff, 0xf5, 0x0, 0x0,
    0x0, 0x0, 0x0, 0xaf, 0xff, 0xff, 0x56, 0xcf,
    0xfd, 0x80, 0x0, 0xa, 0xff, 0xff, 0xfd, 0xff,
    0xff, 0xff, 0xd1, 0x0, 0xaf, 0xff, 0xff, 0xff,
    0xff, 0xff, 0xff, 0xa0, 0xa, 0xff, 0xff, 0xff,
    0xff, 0xff, 0xff, 0xff, 0x30, 0xaf, 0xff, 0xff,
    0xff, 0xff, 0xff, 0xff, 0xf9, 0xa, 0xff, 0xff,
    0xff, 0x53, 0xbf, 0xff, 0xff, 0xd0, 0xaf, 0xff,
    0xff, 0x90, 0x1, 0xff, 0xff, 0xff, 0xa, 0xff,
    0xff, 0xf6, 0x0, 0xe, 0xff, 0xff, 0xf1, 0xaf,
    0xff, 0xff, 0x50, 0x0, 0xcf, 0xff, 0xff, 0x2a,
    0xff, 0xff, 0xf5, 0x0, 0xc, 0xff, 0xff, 0xf2,
    0xaf, 0xff, 0xff, 0x50, 0x0, 0xdf, 0xff, 0xff,
    0x1a, 0xff, 0xff, 0xf6, 0x0, 0xe, 0xff, 0xff,
    0xf1, 0xaf, 0xff, 0xff, 0xa0, 0x2, 0xff, 0xff,
    0xfe, 0xa, 0xff, 0xff, 0xff, 0x63, 0xbf, 0xff,
    0xff, 0xb0, 0xaf, 0xff, 0xff, 0xff, 0xff, 0xff,
    0xff, 0xf7, 0xa, 0xff, 0xff, 0xff, 0xff, 0xff,
    0xff, 0xff, 0x10, 0xaf, 0xff, 0xff, 0xff, 0xff,
    0xff, 0xff, 0x80, 0xa, 0xff, 0xff, 0xfe, 0xff,
    0xff, 0xff, 0xb0, 0x0, 0x9f, 0xff, 0xff, 0x46,
    0xcf, 0xfd, 0x70, 0x0, 0x0,

    /* U+0063 "c" */
    0x0, 0x0, 0x5, 0xad, 0xff, 0xeb, 0x60, 0x0,
    0x0, 0x0, 0x2d, 0xff, 0xff, 0xff, 0xff, 0xe4,
    0x0, 0x0, 0x2e, 0xff, 0xff, 0xff, 0xff, 0xff,
    0xf5, 0x0, 0xd, 0xff, 0xff, 0xff, 0xff, 0xff,
    0xff, 0xf1, 0x5, 0xff, 0xff, 0xff, 0xff, 0xff,
    0xff, 0xff, 0x80, 0xaf, 0xff, 0xff, 0xd4, 0x3b,
    0xff, 0xff, 0xfc, 0xc, 0xff, 0xff, 0xf4, 0x0,
    0x1f, 0xff, 0xff, 0xf0, 0xef, 0xff, 0xff, 0x10,
    0x0, 0x99, 0x76, 0x42, 0xf, 0xff, 0xff, 0xf0,
    0x0, 0x0, 0x0, 0x0, 0x0, 0xff, 0xff, 0xff,
    0x0, 0x0, 0x0, 0x0, 0x0, 0xf, 0xff, 0xff,
    0xf0, 0x0, 0x0, 0x0, 0x0, 0x0, 0xef, 0xff,
    0xff, 0x10, 0x0, 0x99, 0x76, 0x42, 0xc, 0xff,
    0xff, 0xf4, 0x0, 0x2f, 0xff, 0xff, 0xe0, 0x9f,
    0xff, 0xff, 0xd4, 0x3b, 0xff, 0xff, 0xfc, 0x5,
    0xff, 0xff, 0xff, 0xff, 0xff, 0xff, 0xff, 0x80,
    0xd, 0xff, 0xff, 0xff, 0xff, 0xff, 0xff, 0xf1,
    0x0, 0x3f, 0xff, 0xff, 0xff, 0xff, 0xff, 0xf5,
    0x0, 0x0, 0x3d, 0xff, 0xff, 0xff, 0xff, 0xe5,
    0x0, 0x0, 0x0, 0x5, 0xae, 0xff, 0xeb, 0x60,
    0x0, 0x0,

    /* U+0064 "d" */
    0x0, 0x0, 0x0, 0x0, 0x0, 0xcf, 0xff, 0xff,
    0x10, 0x0, 0x0, 0x0, 0x0, 0xd, 0xff, 0xff,
    0xf2, 0x0, 0x0, 0x0, 0x0, 0x0, 0xdf, 0xff,
    0xff, 0x20, 0x0, 0x0, 0x0, 0x0, 0xd, 0xff,
    0xff, 0xf2, 0x0, 0x0, 0x0, 0x0, 0x0, 0xdf,
    0xff, 0xff, 0x20, 0x0, 0x0, 0x0, 0x0, 0xd,
    0xff, 0xff, 0xf2, 0x0, 0x4, 0xbe, 0xfe, 0x91,
    0xdf, 0xff, 0xff, 0x20, 0x6, 0xff, 0xff, 0xff,
    0xef, 0xff, 0xff, 0xf2, 0x3, 0xff, 0xff, 0xff,
    0xff, 0xff, 0xff, 0xff, 0x20, 0xbf, 0xff, 0xff,
    0xff, 0xff, 0xff, 0xff, 0xf2, 0x1f, 0xff, 0xff,
    0xff, 0xff, 0xff, 0xff, 0xff, 0x25, 0xff, 0xff,
    0xff, 0x53, 0xcf, 0xff, 0xff, 0xf2, 0x8f, 0xff,
    0xff, 0x90, 0x2, 0xff, 0xff, 0xff, 0x2a, 0xff,
    0xff, 0xf5, 0x0, 0xf, 0xff, 0xff, 0xf2, 0xaf,
    0xff, 0xff, 0x40, 0x0, 0xef, 0xff, 0xff, 0x2b,
    0xff, 0xff, 0xf4, 0x0, 0xd, 0xff, 0xff, 0xf2,
    0xaf, 0xff, 0xff, 0x40, 0x0, 0xdf, 0xff, 0xff,
    0x29, 0xff, 0xff, 0xf5, 0x0, 0xf, 0xff, 0xff,
    0xf2, 0x7f, 0xff, 0xff, 0x90, 0x3, 0xff, 0xff,
    0xff, 0x24, 0xff, 0xff, 0xff, 0x53, 0xcf, 0xff,
    0xff, 0xf2, 0xf, 0xff, 0xff, 0xff, 0xff, 0xff,
    0xff, 0xff, 0x20, 0x9f, 0xff, 0xff, 0xff, 0xff,
    0xff, 0xff, 0xf2, 0x2, 0xff, 0xff, 0xff, 0xff,
    0xff, 0xff, 0xff, 0x20, 0x5, 0xff, 0xff, 0xff,
    0xff, 0xff, 0xff, 0xf2, 0x0, 0x3, 0xbe, 0xfe,
    0xa2, 0xcf, 0xff, 0xff, 0x10,

    /* U+0065 "e" */
    0x0, 0x0, 0x5a, 0xef, 0xfe, 0xa5, 0x0, 0x0,
    0x0, 0x2, 0xcf, 0xff, 0xff, 0xff, 0xfd, 0x30,
    0x0, 0x2, 0xef, 0xff, 0xff, 0xff, 0xff, 0xff,
    0x30, 0x0, 0xcf, 0xff, 0xff, 0xff, 0xff, 0xff,
    0xfe, 0x0, 0x4f, 0xff, 0xff, 0xff, 0xff, 0xff,
    0xff, 0xf7, 0x9, 0xff, 0xff, 0xfd, 0x43, 0xbf,
    0xff, 0xff, 0xd0, 0xcf, 0xff, 0xff, 0x30, 0x1,
    0xff, 0xff, 0xff, 0xe, 0xff, 0xff, 0xf5, 0x44,
    0x4f, 0xff, 0xff, 0xf1, 0xff, 0xff, 0xff, 0xff,
    0xff, 0xff, 0xff, 0xff, 0x2f, 0xff, 0xff, 0xff,
    0xff, 0xff, 0xff, 0xff, 0xf2, 0xef, 0xff, 0xff,
    0xff, 0xff, 0xff, 0xff, 0xff, 0x1d, 0xff, 0xff,
    0xf2, 0x0, 0x0, 0x0, 0x0, 0x0, 0xbf, 0xff,
    0xff, 0x50, 0x0, 0x78, 0x52, 0x0, 0x8, 0xff,
    0xff, 0xfe, 0x42, 0x7f, 0xff, 0xff, 0x90, 0x3f,
    0xff, 0xff, 0xff, 0xff, 0xff, 0xff, 0xf8, 0x0,
    0xbf, 0xff, 0xff, 0xff, 0xff, 0xff, 0xfe, 0x10,
    0x2, 0xef, 0xff, 0xff, 0xff, 0xff, 0xff, 0x40,
    0x0, 0x2, 0xdf, 0xff, 0xff, 0xff, 0xfe, 0x40,
    0x0, 0x0, 0x0, 0x5a, 0xdf, 0xfe, 0xc7, 0x10,
    0x0, 0x0,

    /* U+0066 "f" */
    0x0, 0x0, 0x5, 0xad, 0xef, 0xf7, 0x0, 0x1,
    0xdf, 0xff, 0xff, 0xf8, 0x0, 0xb, 0xff, 0xff,
    0xff, 0xf8, 0x0, 0xf, 0xff, 0xff, 0xff, 0xf8,
    0x0, 0x2f, 0xff, 0xff, 0xf7, 0x41, 0x0, 0x3f,
    0xff, 0xff, 0xc0, 0x0, 0x4f, 0xff, 0xff, 0xff,
    0xff, 0xfd, 0x5f, 0xff, 0xff, 0xff, 0xff, 0xfe,
    0x5f, 0xff, 0xff, 0xff, 0xff, 0xfe, 0x5f, 0xff,
    0xff, 0xff, 0xff, 0xfe, 0x18, 0xaf, 0xff, 0xff,
    0xe8, 0x86, 0x0, 0x3f, 0xff, 0xff, 0xc0, 0x0,
    0x0, 0x3f, 0xff, 0xff, 0xc0, 0x0, 0x0, 0x3f,
    0xff, 0xff, 0xc0, 0x0, 0x0, 0x3f, 0xff, 0xff,
    0xc0, 0x0, 0x0, 0x3f, 0xff, 0xff, 0xc0, 0x0,
    0x0, 0x3f, 0xff, 0xff, 0xc0, 0x0, 0x0, 0x3f,
    0xff, 0xff, 0xc0, 0x0, 0x0, 0x3f, 0xff, 0xff,
    0xc0, 0x0, 0x0, 0x3f, 0xff, 0xff, 0xc0, 0x0,
    0x0, 0x3f, 0xff, 0xff, 0xc0, 0x0, 0x0, 0x3f,
    0xff, 0xff, 0xc0, 0x0, 0x0, 0x3f, 0xff, 0xff,
    0xc0, 0x0, 0x0, 0x3f, 0xff, 0xff, 0xc0, 0x0,
    0x0, 0x2f, 0xff, 0xff, 0xb0, 0x0,

    /* U+0067 "g" */
    0x0, 0x0, 0x6c, 0xff, 0xd8, 0xe, 0xff, 0xff,
    0xf0, 0x0, 0xb, 0xff, 0xff, 0xff, 0xdf, 0xff,
    0xff, 0xf0, 0x0, 0x9f, 0xff, 0xff, 0xff, 0xff,
    0xff, 0xff, 0xf0, 0x1, 0xff, 0xff, 0xff, 0xff,
    0xff, 0xff, 0xff, 0xf0, 0x7, 0xff, 0xff, 0xff,
    0xff, 0xff, 0xff, 0xff, 0xf0, 0xb, 0xff, 0xff,
    0xfe, 0x43, 0xdf, 0xff, 0xff, 0xf0, 0xd, 0xff,
    0xff, 0xf5, 0x0, 0x3f, 0xff, 0xff, 0xf0, 0xf,
    0xff, 0xff, 0xf2, 0x0, 0xf, 0xff, 0xff, 0xf0,
    0xf, 0xff, 0xff, 0xf0, 0x0, 0xf, 0xff, 0xff,
    0xf0, 0xf, 0xff, 0xff, 0xf0, 0x0, 0xf, 0xff,
    0xff, 0xf0, 0xf, 0xff, 0xff, 0xf0, 0x0, 0xf,
    0xff, 0xff, 0xf0, 0xf, 0xff, 0xff, 0xf0, 0x0,
    0xf, 0xff, 0xff, 0xf0, 0xf, 0xff, 0xff, 0xf3,
    0x0, 0x2f, 0xff, 0xff, 0xf0, 0xc, 0xff, 0xff,
    0xfb, 0x0, 0xaf, 0xff, 0xff, 0xf0, 0x8, 0xff,
    0xff, 0xff, 0xff, 0xff, 0xff, 0xff, 0xf0, 0x2,
    0xff, 0xff, 0xff, 0xff, 0xff, 0xff, 0xff, 0xf0,
    0x0, 0xaf, 0xff, 0xff, 0xff, 0xff, 0xff, 0xff,
    0xf0, 0x0, 0xb, 0xff, 0xff, 0xff, 0xcf, 0xff,
    0xff, 0xf0, 0x0, 0x0, 0x6c, 0xff, 0xd8, 0x2f,
    0xff, 0xff, 0xf0, 0x0, 0x0, 0x0, 0x0, 0x0,
    0x7f, 0xff, 0xff, 0xd0, 0x0, 0x0, 0x0, 0x0,
    0x6, 0xff, 0xff, 0xff, 0xa0, 0x0, 0x0, 0x6d,
    0xcd, 0xff, 0xff, 0xff, 0xff, 0x50, 0x0, 0x0,
    0x8f, 0xff, 0xff, 0xff, 0xff, 0xfd, 0x0, 0x0,
    0x0, 0x9f, 0xff, 0xff, 0xff, 0xff, 0xf3, 0x0,
    0x0, 0x0, 0x9f, 0xff, 0xff, 0xff, 0xfe, 0x40,
    0x0, 0x0, 0x0, 0xaf, 0xff, 0xff, 0xfe, 0x81,
    0x0, 0x0, 0x0, 0x0, 0x48, 0x87, 0x65, 0x20,
    0x0, 0x0, 0x0,

    /* U+0068 "h" */
    0xaf, 0xff, 0xff, 0x30, 0x0, 0x0, 0x0, 0x0,
    0xbf, 0xff, 0xff, 0x40, 0x0, 0x0, 0x0, 0x0,
    0xbf, 0xff, 0xff, 0x40, 0x0, 0x0, 0x0, 0x0,
    0xbf, 0xff, 0xff, 0x40, 0x0, 0x0, 0x0, 0x0,
    0xbf, 0xff, 0xff, 0x40, 0x0, 0x0, 0x0, 0x0,
    0xbf, 0xff, 0xff, 0x40, 0x0, 0x0, 0x0, 0x0,
    0xbf, 0xff, 0xff, 0x43, 0xbe, 0xfd, 0x91, 0x0,
    0xbf, 0xff, 0xff, 0x8f, 0xff, 0xff, 0xfe, 0x30,
    0xbf, 0xff, 0xff, 0xff, 0xff, 0xff, 0xff, 0xe0,
    0xbf, 0xff, 0xff, 0xff, 0xff, 0xff, 0xff, 0xf6,
    0xbf, 0xff, 0xff, 0xff, 0xff, 0xff, 0xff, 0xfb,
    0xbf, 0xff, 0xff, 0xe4, 0x3c, 0xff, 0xff, 0xfd,
    0xbf, 0xff, 0xff, 0x60, 0x3, 0xff, 0xff, 0xfe,
    0xbf, 0xff, 0xff, 0x40, 0x1, 0xff, 0xff, 0xfe,
    0xbf, 0xff, 0xff, 0x40, 0x1, 0xff, 0xff, 0xfe,
    0xbf, 0xff, 0xff, 0x40, 0x1, 0xff, 0xff, 0xfe,
    0xbf, 0xff, 0xff, 0x40, 0x1, 0xff, 0xff, 0xfe,
    0xbf, 0xff, 0xff, 0x40, 0x1, 0xff, 0xff, 0xfe,
    0xbf, 0xff, 0xff, 0x40, 0x1, 0xff, 0xff, 0xfe,
    0xbf, 0xff, 0xff, 0x40, 0x1, 0xff, 0xff, 0xfe,
    0xbf, 0xff, 0xff, 0x40, 0x1, 0xff, 0xff, 0xfe,
    0xbf, 0xff, 0xff, 0x40, 0x1, 0xff, 0xff, 0xfe,
    0xbf, 0xff, 0xff, 0x40, 0x1, 0xff, 0xff, 0xfe,
    0xbf, 0xff, 0xff, 0x40, 0x1, 0xff, 0xff, 0xfe,
    0xaf, 0xff, 0xff, 0x30, 0x0, 0xff, 0xff, 0xfd,

    /* U+0069 "i" */
    0x6, 0xdf, 0xb2, 0x6, 0xff, 0xff, 0xe0, 0xbf,
    0xff, 0xff, 0x4c, 0xff, 0xff, 0xf5, 0x8f, 0xff,
    0xff, 0x10, 0xbf, 0xff, 0x50, 0x0, 0x23, 0x0,
    0x0, 0x0, 0x0, 0x0, 0xaf, 0xff, 0xff, 0x3b,
    0xff, 0xff, 0xf4, 0xbf, 0xff, 0xff, 0x4b, 0xff,
    0xff, 0xf4, 0xbf, 0xff, 0xff, 0x4b, 0xff, 0xff,
    0xf4, 0xbf, 0xff, 0xff, 0x4b, 0xff, 0xff, 0xf4,
    0xbf, 0xff, 0xff, 0x4b, 0xff, 0xff, 0xf4, 0xbf,
    0xff, 0xff, 0x4b, 0xff, 0xff, 0xf4, 0xbf, 0xff,
    0xff, 0x4b, 0xff, 0xff, 0xf4, 0xbf, 0xff, 0xff,
    0x4b, 0xff, 0xff, 0xf4, 0xbf, 0xff, 0xff, 0x4b,
    0xff, 0xff, 0xf4, 0xaf, 0xff, 0xff, 0x30,

    /* U+006A "j" */
    0x0, 0x0, 0x0, 0x13, 0x10, 0x0, 0x0, 0x0,
    0xaf, 0xff, 0x60, 0x0, 0x0, 0x6f, 0xff, 0xff,
    0x20, 0x0, 0xa, 0xff, 0xff, 0xf6, 0x0, 0x0,
    0xaf, 0xff, 0xff, 0x50, 0x0, 0x4, 0xff, 0xff,
    0xe1, 0x0, 0x0, 0x5, 0xdf, 0xc3, 0x0, 0x0,
    0x0, 0x0, 0x0, 0x0, 0x0, 0x0, 0x8f, 0xff,
    0xff, 0x50, 0x0, 0x9, 0xff, 0xff, 0xf6, 0x0,
    0x0, 0x9f, 0xff, 0xff, 0x60, 0x0, 0x9, 0xff,
    0xff, 0xf6, 0x0, 0x0, 0x9f, 0xff, 0xff, 0x60,
    0x0, 0x9, 0xff, 0xff, 0xf6, 0x0, 0x0, 0x9f,
    0xff, 0xff, 0x60, 0x0, 0x9, 0xff, 0xff, 0xf6,
    0x0, 0x0, 0x9f, 0xff, 0xff, 0x60, 0x0, 0x9,
    0xff, 0xff, 0xf6, 0x0, 0x0, 0x9f, 0xff, 0xff,
    0x60, 0x0, 0x9, 0xff, 0xff, 0xf6, 0x0, 0x0,
    0x9f, 0xff, 0xff, 0x60, 0x0, 0x9, 0xff, 0xff,
    0xf6, 0x0, 0x0, 0x9f, 0xff, 0xff, 0x60, 0x0,
    0x9, 0xff, 0xff, 0xf6, 0x0, 0x0, 0x9f, 0xff,
    0xff, 0x60, 0x0, 0x9, 0xff, 0xff, 0xf6, 0x0,
    0x0, 0x9f, 0xff, 0xff, 0x50, 0x0, 0xb, 0xff,
    0xff, 0xf5, 0x0, 0x2, 0xff, 0xff, 0xff, 0x43,
    0x9b, 0xff, 0xff, 0xff, 0xf2, 0x6f, 0xff, 0xff,
    0xff, 0xfe, 0x6, 0xff, 0xff, 0xff, 0xff, 0x80,
    0x6f, 0xff, 0xff, 0xff, 0xc0, 0x6, 0xff, 0xff,
    0xfe, 0x70, 0x0, 0x27, 0x76, 0x42, 0x0, 0x0,
    0x0,

    /* U+006B "k" */
    0xaf, 0xff, 0xff, 0x30, 0x0, 0x0, 0x0, 0x0,
    0xb, 0xff, 0xff, 0xf4, 0x0, 0x0, 0x0, 0x0,
    0x0, 0xbf, 0xff, 0xff, 0x40, 0x0, 0x0, 0x0,
    0x0, 0xb, 0xff, 0xff, 0xf4, 0x0, 0x0, 0x0,
    0x0, 0x0, 0xbf, 0xff, 0xff, 0x40, 0x0, 0x0,
    0x0, 0x0, 0xb, 0xff, 0xff, 0xf4, 0x0, 0x0,
    0x0, 0x0, 0x0, 0xbf, 0xff, 0xff, 0x40, 0x7,
    0xff, 0xff, 0xfe, 0xb, 0xff, 0xff, 0xf4, 0x2,
    0xff, 0xff, 0xff, 0x50, 0xbf, 0xff, 0xff, 0x40,
    0xcf, 0xff, 0xff, 0xa0, 0xb, 0xff, 0xff, 0xf4,
    0x7f, 0xff, 0xff, 0xe1, 0x0, 0xbf, 0xff, 0xff,
    0x6f, 0xff, 0xff, 0xf4, 0x0, 0xb, 0xff, 0xff,
    0xff, 0xff, 0xff, 0xf9, 0x0, 0x0, 0xbf, 0xff,
    0xff, 0xff, 0xff, 0xfd, 0x0, 0x0, 0xb, 0xff,
    0xff, 0xff, 0xff, 0xff, 0xc0, 0x0, 0x0, 0xbf,
    0xff, 0xff, 0xff, 0xff, 0xff, 0x30, 0x0, 0xb,
    0xff, 0xff, 0xff, 0xff, 0xff, 0xfa, 0x0, 0x0,
    0xbf, 0xff, 0xff, 0xff, 0xff, 0xff, 0xf1, 0x0,
    0xb, 0xff, 0xff, 0xff, 0xcf, 0xff, 0xff, 0x80,
    0x0, 0xbf, 0xff, 0xff, 0xe0, 0xef, 0xff, 0xfe,
    0x0, 0xb, 0xff, 0xff, 0xf5, 0x8, 0xff, 0xff,
    0xf6, 0x0, 0xbf, 0xff, 0xff, 0x40, 0x2f, 0xff,
    0xff, 0xc0, 0xb, 0xff, 0xff, 0xf4, 0x0, 0xcf,
    0xff, 0xff, 0x30, 0xbf, 0xff, 0xff, 0x40, 0x6,
    0xff, 0xff, 0xfa, 0xb, 0xff, 0xff, 0xf4, 0x0,
    0x1f, 0xff, 0xff, 0xf1, 0xaf, 0xff, 0xff, 0x30,
    0x0, 0xaf, 0xff, 0xff, 0x70,

    /* U+006C "l" */
    0xbf, 0xff, 0xff, 0x2c, 0xff, 0xff, 0xf3, 0xcf,
    0xff, 0xff, 0x3c, 0xff, 0xff, 0xf3, 0xcf, 0xff,
    0xff, 0x3c, 0xff, 0xff, 0xf3, 0xcf, 0xff, 0xff,
    0x3c, 0xff, 0xff, 0xf3, 0xcf, 0xff, 0xff, 0x3c,
    0xff, 0xff, 0xf3, 0xcf, 0xff, 0xff, 0x3c, 0xff,
    0xff, 0xf3, 0xcf, 0xff, 0xff, 0x3c, 0xff, 0xff,
    0xf3, 0xcf, 0xff, 0xff, 0x3c, 0xff, 0xff, 0xf3,
    0xcf, 0xff, 0xff, 0x3c, 0xff, 0xff, 0xf3, 0xcf,
    0xff, 0xff, 0x3c, 0xff, 0xff, 0xf3, 0xcf, 0xff,
    0xff, 0x3c, 0xff, 0xff, 0xf3, 0xcf, 0xff, 0xff,
    0x3c, 0xff, 0xff, 0xf3, 0xbf, 0xff, 0xff, 0x20,

    /* U+006D "m" */
    0xaf, 0xff, 0xff, 0x24, 0xbe, 0xfe, 0x92, 0x0,
    0x8, 0xdf, 0xfc, 0x50, 0x0, 0xbf, 0xff, 0xff,
    0xaf, 0xff, 0xff, 0xff, 0x41, 0xdf, 0xff, 0xff,
    0xfa, 0x0, 0xbf, 0xff, 0xff, 0xff, 0xff, 0xff,
    0xff, 0xec, 0xff, 0xff, 0xff, 0xff, 0x60, 0xbf,
    0xff, 0xff, 0xff, 0xff, 0xff, 0xff, 0xff, 0xff,
    0xff, 0xff, 0xff, 0xd0, 0xbf, 0xff, 0xff, 0xff,
    0xff, 0xff, 0xff, 0xff, 0xff, 0xff, 0xff, 0xff,
    0xf1, 0xbf, 0xff, 0xff, 0xe4, 0x3d, 0xff, 0xff,
    0xff, 0x93, 0x7f, 0xff, 0xff, 0xf3, 0xbf, 0xff,
    0xff, 0x60, 0x5, 0xff, 0xff, 0xff, 0x0, 0xc,
    0xff, 0xff, 0xf4, 0xbf, 0xff, 0xff, 0x30, 0x2,
    0xff, 0xff, 0xfd, 0x0, 0xa, 0xff, 0xff, 0xf4,
    0xbf, 0xff, 0xff, 0x30, 0x2, 0xff, 0xff, 0xfd,
    0x0, 0xa, 0xff, 0xff, 0xf4, 0xbf, 0xff, 0xff,
    0x30, 0x2, 0xff, 0xff, 0xfd, 0x0, 0xa, 0xff,
    0xff, 0xf4, 0xbf, 0xff, 0xff, 0x30, 0x2, 0xff,
    0xff, 0xfd, 0x0, 0xa, 0xff, 0xff, 0xf4, 0xbf,
    0xff, 0xff, 0x30, 0x2, 0xff, 0xff, 0xfd, 0x0,
    0xa, 0xff, 0xff, 0xf4, 0xbf, 0xff, 0xff, 0x30,
    0x2, 0xff, 0xff, 0xfd, 0x0, 0xa, 0xff, 0xff,
    0xf4, 0xbf, 0xff, 0xff, 0x30, 0x2, 0xff, 0xff,
    0xfd, 0x0, 0xa, 0xff, 0xff, 0xf4, 0xbf, 0xff,
    0xff, 0x30, 0x2, 0xff, 0xff, 0xfd, 0x0, 0xa,
    0xff, 0xff, 0xf4, 0xbf, 0xff, 0xff, 0x30, 0x2,
    0xff, 0xff, 0xfd, 0x0, 0xa, 0xff, 0xff, 0xf4,
    0xbf, 0xff, 0xff, 0x30, 0x2, 0xff, 0xff, 0xfd,
    0x0, 0xa, 0xff, 0xff, 0xf4, 0xbf, 0xff, 0xff,
    0x30, 0x2, 0xff, 0xff, 0xfd, 0x0, 0xa, 0xff,
    0xff, 0xf4, 0xaf, 0xff, 0xff, 0x30, 0x1, 0xff,
    0xff, 0xfc, 0x0, 0x9, 0xff, 0xff, 0xf3,

    /* U+006E "n" */
    0xaf, 0xff, 0xff, 0x34, 0xbf, 0xfd, 0x91, 0x0,
    0xbf, 0xff, 0xff, 0xbf, 0xff, 0xff, 0xfe, 0x30,
    0xbf, 0xff, 0xff, 0xff, 0xff, 0xff, 0xff, 0xe0,
    0xbf, 0xff, 0xff, 0xff, 0xff, 0xff, 0xff, 0xf6,
    0xbf, 0xff, 0xff, 0xff, 0xff, 0xff, 0xff, 0xfb,
    0xbf, 0xff, 0xff, 0xe4, 0x3c, 0xff, 0xff, 0xfd,
    0xbf, 0xff, 0xff, 0x60, 0x3, 0xff, 0xff, 0xfe,
    0xbf, 0xff, 0xff, 0x40, 0x1, 0xff, 0xff, 0xfe,
    0xbf, 0xff, 0xff, 0x40, 0x1, 0xff, 0xff, 0xfe,
    0xbf, 0xff, 0xff, 0x40, 0x1, 0xff, 0xff, 0xfe,
    0xbf, 0xff, 0xff, 0x40, 0x1, 0xff, 0xff, 0xfe,
    0xbf, 0xff, 0xff, 0x40, 0x1, 0xff, 0xff, 0xfe,
    0xbf, 0xff, 0xff, 0x40, 0x1, 0xff, 0xff, 0xfe,
    0xbf, 0xff, 0xff, 0x40, 0x1, 0xff, 0xff, 0xfe,
    0xbf, 0xff, 0xff, 0x40, 0x1, 0xff, 0xff, 0xfe,
    0xbf, 0xff, 0xff, 0x40, 0x1, 0xff, 0xff, 0xfe,
    0xbf, 0xff, 0xff, 0x40, 0x1, 0xff, 0xff, 0xfe,
    0xbf, 0xff, 0xff, 0x40, 0x1, 0xff, 0xff, 0xfe,
    0xaf, 0xff, 0xff, 0x30, 0x0, 0xff, 0xff, 0xfd,

    /* U+006F "o" */
    0x0, 0x0, 0x5, 0xad, 0xff, 0xeb, 0x60, 0x0,
    0x0, 0x0, 0x3, 0xdf, 0xff, 0xff, 0xff, 0xfe,
    0x50, 0x0, 0x0, 0x3f, 0xff, 0xff, 0xff, 0xff,
    0xff, 0xf5, 0x0, 0x0, 0xdf, 0xff, 0xff, 0xff,
    0xff, 0xff, 0xff, 0x10, 0x5, 0xff, 0xff, 0xff,
    0xff, 0xff, 0xff, 0xff, 0x80, 0xa, 0xff, 0xff,
    0xfd, 0x43, 0xcf, 0xff, 0xff, 0xd0, 0xd, 0xff,
    0xff, 0xf4, 0x0, 0x1f, 0xff, 0xff, 0xf0, 0xf,
    0xff, 0xff, 0xf0, 0x0, 0xd, 0xff, 0xff, 0xf1,
    0xf, 0xff, 0xff, 0xf0, 0x0, 0xc, 0xff, 0xff,
    0xf2, 0xf, 0xff, 0xff, 0xf0, 0x0, 0xc, 0xff,
    0xff, 0xf3, 0xf, 0xff, 0xff, 0xf0, 0x0, 0xd,
    0xff, 0xff, 0xf2, 0xf, 0xff, 0xff, 0xf0, 0x0,
    0xd, 0xff, 0xff, 0xf1, 0xd, 0xff, 0xff, 0xf4,
    0x0, 0x1f, 0xff, 0xff, 0xf0, 0xa, 0xff, 0xff,
    0xfd, 0x43, 0xcf, 0xff, 0xff, 0xd0, 0x5, 0xff,
    0xff, 0xff, 0xff, 0xff, 0xff, 0xff, 0x80, 0x0,
    0xdf, 0xff, 0xff, 0xff, 0xff, 0xff, 0xff, 0x10,
    0x0, 0x3f, 0xff, 0xff, 0xff, 0xff, 0xff, 0xf5,
    0x0, 0x0, 0x3, 0xdf, 0xff, 0xff, 0xff, 0xfe,
    0x50, 0x0, 0x0, 0x0, 0x5, 0xae, 0xff, 0xeb,
    0x61, 0x0, 0x0,

    /* U+0070 "p" */
    0x8f, 0xff, 0xff, 0x56, 0xcf, 0xfd, 0x80, 0x0,
    0x9, 0xff, 0xff, 0xfe, 0xff, 0xff, 0xff, 0xc0,
    0x0, 0x9f, 0xff, 0xff, 0xff, 0xff, 0xff, 0xff,
    0x90, 0x9, 0xff, 0xff, 0xff, 0xff, 0xff, 0xff,
    0xff, 0x20, 0x9f, 0xff, 0xff, 0xff, 0xff, 0xff,
    0xff, 0xf8, 0x9, 0xff, 0xff, 0xff, 0x73, 0xbf,
    0xff, 0xff, 0xd0, 0x9f, 0xff, 0xff, 0xb0, 0x1,
    0xff, 0xff, 0xff, 0x9, 0xff, 0xff, 0xf7, 0x0,
    0xd, 0xff, 0xff, 0xf2, 0x9f, 0xff, 0xff, 0x60,
    0x0, 0xcf, 0xff, 0xff, 0x39, 0xff, 0xff, 0xf6,
    0x0, 0xb, 0xff, 0xff, 0xf3, 0x9f, 0xff, 0xff,
    0x60, 0x0, 0xbf, 0xff, 0xff, 0x39, 0xff, 0xff,
    0xf7, 0x0, 0xd, 0xff, 0xff, 0xf2, 0x9f, 0xff,
    0xff, 0xb0, 0x1, 0xff, 0xff, 0xff, 0x19, 0xff,
    0xff, 0xff, 0x63, 0xbf, 0xff, 0xff, 0xe0, 0x9f,
    0xff, 0xff, 0xff, 0xff, 0xff, 0xff, 0xfa, 0x9,
    0xff, 0xff, 0xff, 0xff, 0xff, 0xff, 0xff, 0x40,
    0x9f, 0xff, 0xff, 0xff, 0xff, 0xff, 0xff, 0xc0,
    0x9, 0xff, 0xff, 0xfd, 0xff, 0xff, 0xff, 0xd1,
    0x0, 0x9f, 0xff, 0xff, 0x65, 0xcf, 0xfd, 0x81,
    0x0, 0x9, 0xff, 0xff, 0xf6, 0x0, 0x0, 0x0,
    0x0, 0x0, 0x9f, 0xff, 0xff, 0x60, 0x0, 0x0,
    0x0, 0x0, 0x9, 0xff, 0xff, 0xf6, 0x0, 0x0,
    0x0, 0x0, 0x0, 0x9f, 0xff, 0xff, 0x60, 0x0,
    0x0, 0x0, 0x0, 0x9, 0xff, 0xff, 0xf6, 0x0,
    0x0, 0x0, 0x0, 0x0, 0x9f, 0xff, 0xff, 0x60,
    0x0, 0x0, 0x0, 0x0, 0x8, 0xff, 0xff, 0xf5,
    0x0, 0x0, 0x0, 0x0, 0x0,

    /* U+0071 "q" */
    0x0, 0x3, 0xbe, 0xfe, 0xa2, 0xcf, 0xff, 0xff,
    0x10, 0x5, 0xff, 0xff, 0xff, 0xff, 0xff, 0xff,
    0xf2, 0x2, 0xff, 0xff, 0xff, 0xff, 0xff, 0xff,
    0xff, 0x20, 0x9f, 0xff, 0xff, 0xff, 0xff, 0xff,
    0xff, 0xf2, 0xf, 0xff, 0xff, 0xff, 0xff, 0xff,
    0xff, 0xff, 0x24, 0xff, 0xff, 0xff, 0x53, 0xcf,
    0xff, 0xff, 0xf2, 0x7f, 0xff, 0xff, 0x90, 0x2,
    0xff, 0xff, 0xff, 0x29, 0xff, 0xff, 0xf5, 0x0,
    0xf, 0xff, 0xff, 0xf2, 0xaf, 0xff, 0xff, 0x40,
    0x0, 0xdf, 0xff, 0xff, 0x2b, 0xff, 0xff, 0xf4,
    0x0, 0xd, 0xff, 0xff, 0xf2, 0xaf, 0xff, 0xff,
    0x40, 0x0, 0xdf, 0xff, 0xff, 0x2a, 0xff, 0xff,
    0xf5, 0x0, 0xf, 0xff, 0xff, 0xf2, 0x8f, 0xff,
    0xff, 0x90, 0x2, 0xff, 0xff, 0xff, 0x25, 0xff,
    0xff, 0xff, 0x53, 0xbf, 0xff, 0xff, 0xf2, 0x1f,
    0xff, 0xff, 0xff, 0xff, 0xff, 0xff, 0xff, 0x20,
    0xbf, 0xff, 0xff, 0xff, 0xff, 0xff, 0xff, 0xf2,
    0x3, 0xff, 0xff, 0xff, 0xff, 0xff, 0xff, 0xff,
    0x20, 0x6, 0xff, 0xff, 0xff, 0xef, 0xff, 0xff,
    0xf2, 0x0, 0x4, 0xbe, 0xfe, 0x91, 0xdf, 0xff,
    0xff, 0x20, 0x0, 0x0, 0x0, 0x0, 0xd, 0xff,
    0xff, 0xf2, 0x0, 0x0, 0x0, 0x0, 0x0, 0xdf,
    0xff, 0xff, 0x20, 0x0, 0x0, 0x0, 0x0, 0xd,
    0xff, 0xff, 0xf2, 0x0, 0x0, 0x0, 0x0, 0x0,
    0xdf, 0xff, 0xff, 0x20, 0x0, 0x0, 0x0, 0x0,
    0xd, 0xff, 0xff, 0xf2, 0x0, 0x0, 0x0, 0x0,
    0x0, 0xdf, 0xff, 0xff, 0x20, 0x0, 0x0, 0x0,
    0x0, 0xc, 0xff, 0xff, 0xf1,

    /* U+0072 "r" */
    0xaf, 0xff, 0xff, 0x25, 0xcf, 0xe7, 0xbf, 0xff,
    0xff, 0x9f, 0xff, 0xfa, 0xbf, 0xff, 0xff, 0xff,
    0xff, 0xf7, 0xbf, 0xff, 0xff, 0xff, 0xff, 0xf5,
    0xbf, 0xff, 0xff, 0xff, 0xff, 0xf2, 0xbf, 0xff,
    0xff, 0xff, 0xff, 0xf0, 0xbf, 0xff, 0xff, 0xfb,
    0x53, 0x40, 0xbf, 0xff, 0xff, 0xb0, 0x0, 0x0,
    0xbf, 0xff, 0xff, 0x40, 0x0, 0x0, 0xbf, 0xff,
    0xff, 0x30, 0x0, 0x0, 0xbf, 0xff, 0xff, 0x30,
    0x0, 0x0, 0xbf, 0xff, 0xff, 0x30, 0x0, 0x0,
    0xbf, 0xff, 0xff, 0x30, 0x0, 0x0, 0xbf, 0xff,
    0xff, 0x30, 0x0, 0x0, 0xbf, 0xff, 0xff, 0x30,
    0x0, 0x0, 0xbf, 0xff, 0xff, 0x30, 0x0, 0x0,
    0xbf, 0xff, 0xff, 0x30, 0x0, 0x0, 0xbf, 0xff,
    0xff, 0x30, 0x0, 0x0, 0xaf, 0xff, 0xff, 0x30,
    0x0, 0x0,

    /* U+0073 "s" */
    0x0, 0x0, 0x39, 0xdf, 0xfe, 0xc8, 0x20, 0x0,
    0x0, 0x0, 0xaf, 0xff, 0xff, 0xff, 0xff, 0x70,
    0x0, 0x0, 0xcf, 0xff, 0xff, 0xff, 0xff, 0xff,
    0x80, 0x0, 0x6f, 0xff, 0xff, 0xff, 0xff, 0xff,
    0xff, 0x30, 0xc, 0xff, 0xff, 0xfe, 0xbe, 0xff,
    0xff, 0xf9, 0x0, 0xef, 0xff, 0xfe, 0x0, 0xd,
    0xff, 0xff, 0xc0, 0xe, 0xff, 0xff, 0xe1, 0x0,
    0x59, 0x99, 0x97, 0x0, 0xbf, 0xff, 0xff, 0xfb,
    0x62, 0x0, 0x0, 0x0, 0x4, 0xff, 0xff, 0xff,
    0xff, 0xfc, 0x60, 0x0, 0x0, 0x7, 0xff, 0xff,
    0xff, 0xff, 0xff, 0xd3, 0x0, 0x0, 0x4, 0xcf,
    0xff, 0xff, 0xff, 0xff, 0xf4, 0x0, 0x0, 0x0,
    0x39, 0xdf, 0xff, 0xff, 0xff, 0xe0, 0x5, 0x55,
    0x55, 0x20, 0x28, 0xff, 0xff, 0xff, 0x22, 0xff,
    0xff, 0xfa, 0x0, 0xd, 0xff, 0xff, 0xf3, 0xf,
    0xff, 0xff, 0xfb, 0x7a, 0xff, 0xff, 0xff, 0x10,
    0xaf, 0xff, 0xff, 0xff, 0xff, 0xff, 0xff, 0xc0,
    0x1, 0xef, 0xff, 0xff, 0xff, 0xff, 0xff, 0xf3,
    0x0, 0x1, 0xbf, 0xff, 0xff, 0xff, 0xff, 0xd3,
    0x0, 0x0, 0x0, 0x39, 0xce, 0xff, 0xda, 0x50,
    0x0, 0x0,

    /* U+0074 "t" */
    0x0, 0x17, 0x88, 0x88, 0x20, 0x0, 0x0, 0x4f,
    0xff, 0xff, 0x70, 0x0, 0x0, 0x4f, 0xff, 0xff,
    0x70, 0x0, 0x0, 0x4f, 0xff, 0xff, 0x70, 0x0,
    0x0, 0x4f, 0xff, 0xff, 0x70, 0x0, 0x7f, 0xff,
    0xff, 0xff, 0xff, 0xf9, 0x8f, 0xff, 0xff, 0xff,
    0xff, 0xfa, 0x8f, 0xff, 0xff, 0xff, 0xff, 0xfa,
    0x8f, 0xff, 0xff, 0xff, 0xff, 0xfa, 0x37, 0xaf,
    0xff, 0xff, 0xb7, 0x73, 0x0, 0x4f, 0xff, 0xff,
    0x70, 0x0, 0x0, 0x4f, 0xff, 0xff, 0x70, 0x0,
    0x0, 0x4f, 0xff, 0xff, 0x70, 0x0, 0x0, 0x4f,
    0xff, 0xff, 0x70, 0x0, 0x0, 0x4f, 0xff, 0xff,
    0x70, 0x0, 0x0, 0x4f, 0xff, 0xff, 0x70, 0x0,
    0x0, 0x4f, 0xff, 0xff, 0x70, 0x0, 0x0, 0x4f,
    0xff, 0xff, 0x80, 0x0, 0x0, 0x4f, 0xff, 0xff,
    0xd3, 0x10, 0x0, 0x4f, 0xff, 0xff, 0xff, 0xf2,
    0x0, 0x2f, 0xff, 0xff, 0xff, 0xf2, 0x0, 0xe,
    0xff, 0xff, 0xff, 0xf2, 0x0, 0x5, 0xff, 0xff,
    0xff, 0xf2, 0x0, 0x0, 0x39, 0xdf, 0xff, 0xf1,

    /* U+0075 "u" */
    0xcf, 0xff, 0xff, 0x10, 0x2, 0xff, 0xff, 0xfb,
    0xdf, 0xff, 0xff, 0x20, 0x3, 0xff, 0xff, 0xfc,
    0xdf, 0xff, 0xff, 0x20, 0x3, 0xff, 0xff, 0xfc,
    0xdf, 0xff, 0xff, 0x20, 0x3, 0xff, 0xff, 0xfc,
    0xdf, 0xff, 0xff, 0x20, 0x3, 0xff, 0xff, 0xfc,
    0xdf, 0xff, 0xff, 0x20, 0x3, 0xff, 0xff, 0xfc,
    0xdf, 0xff, 0xff, 0x20, 0x3, 0xff, 0xff, 0xfc,
    0xdf, 0xff, 0xff, 0x20, 0x3, 0xff, 0xff, 0xfc,
    0xdf, 0xff, 0xff, 0x20, 0x3, 0xff, 0xff, 0xfc,
    0xdf, 0xff, 0xff, 0x20, 0x3, 0xff, 0xff, 0xfc,
    0xdf, 0xff, 0xff, 0x20, 0x3, 0xff, 0xff, 0xfc,
    0xdf, 0xff, 0xff, 0x20, 0x3, 0xff, 0xff, 0xfc,
    0xdf, 0xff, 0xff, 0x40, 0x5, 0xff, 0xff, 0xfc,
    0xcf, 0xff, 0xff, 0xd4, 0x4d, 0xff, 0xff, 0xfc,
    0xaf, 0xff, 0xff, 0xff, 0xff, 0xff, 0xff, 0xfc,
    0x6f, 0xff, 0xff, 0xff, 0xff, 0xff, 0xff, 0xfc,
    0xe, 0xff, 0xff, 0xff, 0xff, 0xff, 0xff, 0xfc,
    0x3, 0xef, 0xff, 0xff, 0xfc, 0xff, 0xff, 0xfc,
    0x0, 0x19, 0xdf, 0xfc, 0x62, 0xff, 0xff, 0xfb,

    /* U+0076 "v" */
    0x5f, 0xff, 0xff, 0xf0, 0x0, 0x2f, 0xff, 0xff,
    0xf2, 0x1f, 0xff, 0xff, 0xf3, 0x0, 0x5f, 0xff,
    0xff, 0xf0, 0xd, 0xff, 0xff, 0xf6, 0x0, 0x8f,
    0xff, 0xff, 0xb0, 0x9, 0xff, 0xff, 0xf9, 0x0,
    0xbf, 0xff, 0xff, 0x60, 0x4, 0xff, 0xff, 0xfc,
    0x0, 0xef, 0xff, 0xff, 0x20, 0x0, 0xff, 0xff,
    0xff, 0x1, 0xff, 0xff, 0xfe, 0x0, 0x0, 0xbf,
    0xff, 0xff, 0x24, 0xff, 0xff, 0xf9, 0x0, 0x0,
    0x7f, 0xff, 0xff, 0x47, 0xff, 0xff, 0xf5, 0x0,
    0x0, 0x3f, 0xff, 0xff, 0x7a, 0xff, 0xff, 0xf1,
    0x0, 0x0, 0xe, 0xff, 0xff, 0xad, 0xff, 0xff,
    0xc0, 0x0, 0x0, 0xa, 0xff, 0xff, 0xff, 0xff,
    0xff, 0x80, 0x0, 0x0, 0x6, 0xff, 0xff, 0xff,
    0xff, 0xff, 0x40, 0x0, 0x0, 0x1, 0xff, 0xff,
    0xff, 0xff, 0xff, 0x0, 0x0, 0x0, 0x0, 0xdf,
    0xff, 0xff, 0xff, 0xfb, 0x0, 0x0, 0x0, 0x0,
    0x8f, 0xff, 0xff, 0xff, 0xf7, 0x0, 0x0, 0x0,
    0x0, 0x4f, 0xff, 0xff, 0xff, 0xf2, 0x0, 0x0,
    0x0, 0x0, 0xf, 0xff, 0xff, 0xff, 0xe0, 0x0,
    0x0, 0x0, 0x0, 0xb, 0xff, 0xff, 0xff, 0x90,
    0x0, 0x0, 0x0, 0x0, 0x6, 0xff, 0xff, 0xff,
    0x50, 0x0, 0x0,

    /* U+0077 "w" */
    0x5f, 0xff, 0xff, 0x70, 0x0, 0xdf, 0xff, 0xf9,
    0x0, 0x8, 0xff, 0xff, 0xf4, 0x2f, 0xff, 0xff,
    0xa0, 0x0, 0xff, 0xff, 0xfc, 0x0, 0xb, 0xff,
    0xff, 0xf1, 0xe, 0xff, 0xff, 0xd0, 0x3, 0xff,
    0xff, 0xff, 0x0, 0xe, 0xff, 0xff, 0xd0, 0xa,
    0xff, 0xff, 0xf0, 0x6, 0xff, 0xff, 0xff, 0x30,
    0x2f, 0xff, 0xff, 0x90, 0x6, 0xff, 0xff, 0xf3,
    0x9, 0xff, 0xff, 0xff, 0x60, 0x5f, 0xff, 0xff,
    0x50, 0x2, 0xff, 0xff, 0xf6, 0xc, 0xff, 0xff,
    0xff, 0x90, 0x8f, 0xff, 0xff, 0x10, 0x0, 0xef,
    0xff, 0xf9, 0xf, 0xff, 0xff, 0xff, 0xc0, 0xbf,
    0xff, 0xfd, 0x0, 0x0, 0xaf, 0xff, 0xfc, 0x2f,
    0xff, 0xff, 0xff, 0xf0, 0xef, 0xff, 0xf9, 0x0,
    0x0, 0x6f, 0xff, 0xfe, 0x5f, 0xff, 0xff, 0xff,
    0xf4, 0xff, 0xff, 0xf5, 0x0, 0x0, 0x2f, 0xff,
    0xff, 0xbf, 0xff, 0xff, 0xff, 0xfa, 0xff, 0xff,
    0xf1, 0x0, 0x0, 0xe, 0xff, 0xff, 0xff, 0xff,
    0xcf, 0xff, 0xff, 0xff, 0xff, 0xd0, 0x0, 0x0,
    0xa, 0xff, 0xff, 0xff, 0xff, 0x7e, 0xff, 0xff,
    0xff, 0xff, 0x90, 0x0, 0x0, 0x6, 0xff, 0xff,
    0xff, 0xff, 0x4a, 0xff, 0xff, 0xff, 0xff, 0x50,
    0x0, 0x0, 0x2, 0xff, 0xff, 0xff, 0xff, 0x17,
    0xff, 0xff, 0xff, 0xff, 0x10, 0x0, 0x0, 0x0,
    0xef, 0xff, 0xff, 0xfe, 0x3, 0xff, 0xff, 0xff,
    0xfc, 0x0, 0x0, 0x0, 0x0, 0xaf, 0xff, 0xff,
    0xfb, 0x0, 0xff, 0xff, 0xff, 0xf8, 0x0, 0x0,
    0x0, 0x0, 0x6f, 0xff, 0xff, 0xf8, 0x0, 0xcf,
    0xff, 0xff, 0xf4, 0x0, 0x0, 0x0, 0x0, 0x2f,
    0xff, 0xff, 0xf4, 0x0, 0x8f, 0xff, 0xff, 0xf1,
    0x0, 0x0, 0x0, 0x0, 0xe, 0xff, 0xff, 0xf1,
    0x0, 0x4f, 0xff, 0xff, 0xc0, 0x0, 0x0,

    /* U+0078 "x" */
    0x4f, 0xff, 0xff, 0xf1, 0x0, 0xd, 0xff, 0xff,
    0xfa, 0xc, 0xff, 0xff, 0xf9, 0x0, 0x6f, 0xff,
    0xff, 0xf3, 0x4, 0xff, 0xff, 0xff, 0x20, 0xef,
    0xff, 0xff, 0xa0, 0x0, 0xbf, 0xff, 0xff, 0xa7,
    0xff, 0xff, 0xff, 0x20, 0x0, 0x2f, 0xff, 0xff,
    0xff, 0xff, 0xff, 0xf8, 0x0, 0x0, 0x9, 0xff,
    0xff, 0xff, 0xff, 0xff, 0xe1, 0x0, 0x0, 0x1,
    0xff, 0xff, 0xff, 0xff, 0xff, 0x70, 0x0, 0x0,
    0x0, 0x7f, 0xff, 0xff, 0xff, 0xfd, 0x0, 0x0,
    0x0, 0x0, 0xe, 0xff, 0xff, 0xff, 0xf5, 0x0,
    0x0, 0x0, 0x0, 0x8, 0xff, 0xff, 0xff, 0xe0,
    0x0, 0x0, 0x0, 0x0, 0xe, 0xff, 0xff, 0xff,
    0xf5, 0x0, 0x0, 0x0, 0x0, 0x8f, 0xff, 0xff,
    0xff, 0xfe, 0x0, 0x0, 0x0, 0x1, 0xff, 0xff,
    0xff, 0xff, 0xff, 0x70, 0x0, 0x0, 0x9, 0xff,
    0xff, 0xff, 0xff, 0xff, 0xe1, 0x0, 0x0, 0x2f,
    0xff, 0xff, 0xfe, 0xff, 0xff, 0xf8, 0x0, 0x0,
    0xbf, 0xff, 0xff, 0xc3, 0xff, 0xff, 0xff, 0x20,
    0x4, 0xff, 0xff, 0xff, 0x40, 0xbf, 0xff, 0xff,
    0xa0, 0xc, 0xff, 0xff, 0xfb, 0x0, 0x3f, 0xff,
    0xff, 0xf3, 0x4f, 0xff, 0xff, 0xf3, 0x0, 0xa,
    0xff, 0xff, 0xfa,

    /* U+0079 "y" */
    0x7f, 0xff, 0xff, 0xc0, 0x0, 0x6f, 0xff, 0xff,
    0xc3, 0xff, 0xff, 0xff, 0x0, 0x9, 0xff, 0xff,
    0xf8, 0xe, 0xff, 0xff, 0xf2, 0x0, 0xcf, 0xff,
    0xff, 0x40, 0xaf, 0xff, 0xff, 0x50, 0xf, 0xff,
    0xff, 0xf0, 0x6, 0xff, 0xff, 0xf8, 0x1, 0xff,
    0xff, 0xfb, 0x0, 0x1f, 0xff, 0xff, 0xa0, 0x4f,
    0xff, 0xff, 0x60, 0x0, 0xdf, 0xff, 0xfd, 0x7,
    0xff, 0xff, 0xf2, 0x0, 0x8, 0xff, 0xff, 0xf0,
    0xaf, 0xff, 0xfd, 0x0, 0x0, 0x4f, 0xff, 0xff,
    0x3c, 0xff, 0xff, 0x90, 0x0, 0x0, 0xff, 0xff,
    0xf6, 0xff, 0xff, 0xf4, 0x0, 0x0, 0xb, 0xff,
    0xff, 0xbf, 0xff, 0xff, 0x0, 0x0, 0x0, 0x7f,
    0xff, 0xff, 0xff, 0xff, 0xb0, 0x0, 0x0, 0x2,
    0xff, 0xff, 0xff, 0xff, 0xf7, 0x0, 0x0, 0x0,
    0xe, 0xff, 0xff, 0xff, 0xff, 0x20, 0x0, 0x0,
    0x0, 0xaf, 0xff, 0xff, 0xff, 0xe0, 0x0, 0x0,
    0x0, 0x5, 0xff, 0xff, 0xff, 0xf9, 0x0, 0x0,
    0x0, 0x0, 0x1f, 0xff, 0xff, 0xff, 0x50, 0x0,
    0x0, 0x0, 0x0, 0xcf, 0xff, 0xff, 0xf1, 0x0,
    0x0, 0x0, 0x0, 0x8, 0xff, 0xff, 0xfc, 0x0,
    0x0, 0x0, 0x0, 0x0, 0x6f, 0xff, 0xff, 0x70,
    0x0, 0x0, 0x0, 0x0, 0xb, 0xff, 0xff, 0xf2,
    0x0, 0x0, 0x0, 0x47, 0x8d, 0xff, 0xff, 0xfc,
    0x0, 0x0, 0x0, 0xb, 0xff, 0xff, 0xff, 0xff,
    0x50, 0x0, 0x0, 0x0, 0xbf, 0xff, 0xff, 0xff,
    0xc0, 0x0, 0x0, 0x0, 0xb, 0xff, 0xff, 0xff,
    0xd1, 0x0, 0x0, 0x0, 0x0, 0xbf, 0xff, 0xfe,
    0x80, 0x0, 0x0, 0x0, 0x0, 0x5, 0x77, 0x53,
    0x0, 0x0, 0x0, 0x0, 0x0, 0x0,

    /* U+007A "z" */
    0x2f, 0xff, 0xff, 0xff, 0xff, 0xff, 0xff, 0x32,
    0xff, 0xff, 0xff, 0xff, 0xff, 0xff, 0xf4, 0x2f,
    0xff, 0xff, 0xff, 0xff, 0xff, 0xff, 0x42, 0xff,
    0xff, 0xff, 0xff, 0xff, 0xff, 0xf4, 0x2f, 0xff,
    0xff, 0xff, 0xff, 0xff, 0xff, 0x40, 0x66, 0x66,
    0x67, 0xff, 0xff, 0xff, 0xf1, 0x0, 0x0, 0x0,
    0xbf, 0xff, 0xff, 0xf5, 0x0, 0x0, 0x0, 0x8f,
    0xff, 0xff, 0xf7, 0x0, 0x0, 0x0, 0x5f, 0xff,
    0xff, 0xfa, 0x0, 0x0, 0x0, 0x3f, 0xff, 0xff,
    0xfc, 0x0, 0x0, 0x0, 0x1e, 0xff, 0xff, 0xfe,
    0x10, 0x0, 0x0, 0xc, 0xff, 0xff, 0xff, 0x20,
    0x0, 0x0, 0x9, 0xff, 0xff, 0xff, 0x40, 0x0,
    0x0, 0x4, 0xff, 0xff, 0xff, 0xc6, 0x66, 0x66,
    0x62, 0x6f, 0xff, 0xff, 0xff, 0xff, 0xff, 0xff,
    0x86, 0xff, 0xff, 0xff, 0xff, 0xff, 0xff, 0xf8,
    0x6f, 0xff, 0xff, 0xff, 0xff, 0xff, 0xff, 0x86,
    0xff, 0xff, 0xff, 0xff, 0xff, 0xff, 0xf8, 0x5f,
    0xff, 0xff, 0xff, 0xff, 0xff, 0xff, 0x70,

    /* U+007B "{" */
    0x0, 0x0, 0x29, 0xef, 0xff, 0xfb, 0x0, 0x2,
    0xef, 0xff, 0xff, 0xfc, 0x0, 0xc, 0xff, 0xff,
    0xff, 0xfc, 0x0, 0x1f, 0xff, 0xff, 0xff, 0xfc,
    0x0, 0x2f, 0xff, 0xff, 0xff, 0xfb, 0x0, 0x3f,
    0xff, 0xff, 0xfa, 0x31, 0x0, 0x3f, 0xff, 0xff,
    0xe0, 0x0, 0x0, 0x3f, 0xff, 0xff, 0xc0, 0x0,
    0x0, 0x3f, 0xff, 0xff, 0xc0, 0x0, 0x0, 0x3f,
    0xff, 0xff, 0xc0, 0x0, 0x0, 0x3f, 0xff, 0xff,
    0xc0, 0x0, 0x0, 0x3f, 0xff, 0xff, 0xc0, 0x0,
    0x0, 0x4f, 0xff, 0xff, 0xc0, 0x0, 0x0, 0x7f,
    0xff, 0xff, 0xb0, 0x0, 0x4, 0xef, 0xff, 0xff,
    0x90, 0x0, 0xcf, 0xff, 0xff, 0xff, 0x40, 0x0,
    0xdf, 0xff, 0xff, 0xfa, 0x0, 0x0, 0xdf, 0xff,
    0xff, 0xd0, 0x0, 0x0, 0xdf, 0xff, 0xff, 0xfc,
    0x0, 0x0, 0xaf, 0xff, 0xff, 0xff, 0x50, 0x0,
    0x2, 0xef, 0xff, 0xff, 0xa0, 0x0, 0x0, 0x6f,
    0xff, 0xff, 0xb0, 0x0, 0x0, 0x3f, 0xff, 0xff,
    0xc0, 0x0, 0x0, 0x3f, 0xff, 0xff, 0xc0, 0x0,
    0x0, 0x3f, 0xff, 0xff, 0xc0, 0x0, 0x0, 0x3f,
    0xff, 0xff, 0xc0, 0x0, 0x0, 0x3f, 0xff, 0xff,
    0xc0, 0x0, 0x0, 0x3f, 0xff, 0xff, 0xc0, 0x0,
    0x0, 0x3f, 0xff, 0xff, 0xe0, 0x0, 0x0, 0x3f,
    0xff, 0xff, 0xfa, 0x31, 0x0, 0x2f, 0xff, 0xff,
    0xff, 0xfb, 0x0, 0x1f, 0xff, 0xff, 0xff, 0xfc,
    0x0, 0xc, 0xff, 0xff, 0xff, 0xfc, 0x0, 0x3,
    0xff, 0xff, 0xff, 0xfc, 0x0, 0x0, 0x29, 0xef,
    0xff, 0xfb,

    /* U+007C "|" */
    0x6, 0x66, 0x66, 0x33, 0xff, 0xff, 0xfb, 0x4f,
    0xff, 0xff, 0xb4, 0xff, 0xff, 0xfb, 0x4f, 0xff,
    0xff, 0xb4, 0xff, 0xff, 0xfb, 0x4f, 0xff, 0xff,
    0xb4, 0xff, 0xff, 0xfb, 0x4f, 0xff, 0xff, 0xb4,
    0xff, 0xff, 0xfb, 0x4f, 0xff, 0xff, 0xb4, 0xff,
    0xff, 0xfb, 0x4f, 0xff, 0xff, 0xb4, 0xff, 0xff,
    0xfb, 0x4f, 0xff, 0xff, 0xb4, 0xff, 0xff, 0xfb,
    0x4f, 0xff, 0xff, 0xb4, 0xff, 0xff, 0xfb, 0x4f,
    0xff, 0xff, 0xb4, 0xff, 0xff, 0xfb, 0x4f, 0xff,
    0xff, 0xb4, 0xff, 0xff, 0xfb, 0x4f, 0xff, 0xff,
    0xb4, 0xff, 0xff, 0xfb, 0x4f, 0xff, 0xff, 0xb4,
    0xff, 0xff, 0xfb, 0x4f, 0xff, 0xff, 0xb4, 0xff,
    0xff, 0xfb, 0x4f, 0xff, 0xff, 0xb4, 0xff, 0xff,
    0xfb, 0x3f, 0xff, 0xff, 0xa0,

    /* U+007D "}" */
    0xcf, 0xff, 0xfd, 0x91, 0x0, 0x0, 0xdf, 0xff,
    0xff, 0xfe, 0x10, 0x0, 0xdf, 0xff, 0xff, 0xff,
    0xa0, 0x0, 0xdf, 0xff, 0xff, 0xff, 0xf0, 0x0,
    0xdf, 0xff, 0xff, 0xff, 0xf1, 0x0, 0x13, 0xbf,
    0xff, 0xff, 0xf1, 0x0, 0x0, 0x1f, 0xff, 0xff,
    0xf1, 0x0, 0x0, 0xe, 0xff, 0xff, 0xf1, 0x0,
    0x0, 0xe, 0xff, 0xff, 0xf1, 0x0, 0x0, 0xe,
    0xff, 0xff, 0xf1, 0x0, 0x0, 0xe, 0xff, 0xff,
    0xf1, 0x0, 0x0, 0xe, 0xff, 0xff, 0xf1, 0x0,
    0x0, 0xe, 0xff, 0xff, 0xf2, 0x0, 0x0, 0xd,
    0xff, 0xff, 0xf5, 0x0, 0x0, 0xb, 0xff, 0xff,
    0xfd, 0x30, 0x0, 0x5, 0xff, 0xff, 0xff, 0xfa,
    0x0, 0x0, 0xbf, 0xff, 0xff, 0xfc, 0x0, 0x0,
    0x1e, 0xff, 0xff, 0xfc, 0x0, 0x0, 0xdf, 0xff,
    0xff, 0xfc, 0x0, 0x7, 0xff, 0xff, 0xff, 0xf9,
    0x0, 0xb, 0xff, 0xff, 0xfc, 0x10, 0x0, 0xd,
    0xff, 0xff, 0xf4, 0x0, 0x0, 0xe, 0xff, 0xff,
    0xf2, 0x0, 0x0, 0xe, 0xff, 0xff, 0xf1, 0x0,
    0x0, 0xe, 0xff, 0xff, 0xf1, 0x0, 0x0, 0xe,
    0xff, 0xff, 0xf1, 0x0, 0x0, 0xe, 0xff, 0xff,
    0xf1, 0x0, 0x0, 0xe, 0xff, 0xff, 0xf1, 0x0,
    0x0, 0x1f, 0xff, 0xff, 0xf1, 0x0, 0x13, 0xbf,
    0xff, 0xff, 0xf1, 0x0, 0xdf, 0xff, 0xff, 0xff,
    0xf1, 0x0, 0xdf, 0xff, 0xff, 0xff, 0xf0, 0x0,
    0xdf, 0xff, 0xff, 0xff, 0xa0, 0x0, 0xdf, 0xff,
    0xff, 0xfe, 0x10, 0x0, 0xcf, 0xff, 0xfd, 0x91,
    0x0, 0x0,

    /* U+007E "~" */
    0x0, 0x0, 0x1, 0x20, 0x0, 0x0, 0x0, 0x0,
    0x0, 0x0, 0x4, 0xcf, 0xff, 0xa2, 0x0, 0x1,
    0x70, 0x0, 0x0, 0x6f, 0xff, 0xff, 0xff, 0x93,
    0x4d, 0xfe, 0x40, 0x4, 0xff, 0xff, 0xff, 0xff,
    0xff, 0xff, 0xff, 0xf9, 0xc, 0xff, 0xff, 0xff,
    0xff, 0xff, 0xff, 0xff, 0xf9, 0xc, 0xff, 0xff,
    0xff, 0xff, 0xff, 0xff, 0xff, 0xd0, 0x0, 0x7f,
    0xf6, 0x2, 0x8f, 0xff, 0xff, 0xfd, 0x10, 0x0,
    0x2, 0x40, 0x0, 0x1, 0x8d, 0xfd, 0x80, 0x0,

    /* U+00B7 "·" */
    0x0, 0x23, 0x10, 0x0, 0xbf, 0xff, 0x50, 0x7f,
    0xff, 0xff, 0x2b, 0xff, 0xff, 0xf5, 0xbf, 0xff,
    0xff, 0x45, 0xff, 0xff, 0xe0, 0x6, 0xdf, 0xb2,
    0x0,

    /* U+2013 "–" */
    0x1, 0x22, 0x22, 0x22, 0x22, 0x22, 0x22, 0x12,
    0xff, 0xff, 0xff, 0xff, 0xff, 0xff, 0xfc, 0x2f,
    0xff, 0xff, 0xff, 0xff, 0xff, 0xff, 0xd2, 0xff,
    0xff, 0xff, 0xff, 0xff, 0xff, 0xfd, 0x2f, 0xff,
    0xff, 0xff, 0xff, 0xff, 0xff, 0xd2, 0xff, 0xff,
    0xff, 0xff, 0xff, 0xff, 0xfc,

    /* U+2026 "…" */
    0x0, 0x24, 0x10, 0x0, 0x0, 0x0, 0x24, 0x10,
    0x0, 0x0, 0x0, 0x23, 0x10, 0x0, 0x9f, 0xff,
    0x70, 0x0, 0x0, 0xaf, 0xff, 0x70, 0x0, 0x0,
    0xaf, 0xff, 0x60, 0x6f, 0xff, 0xff, 0x30, 0x0,
    0x6f, 0xff, 0xff, 0x30, 0x0, 0x7f, 0xff, 0xff,
    0x2a, 0xff, 0xff, 0xf7, 0x0, 0xa, 0xff, 0xff,
    0xf6, 0x0, 0xb, 0xff, 0xff, 0xf6, 0x9f, 0xff,
    0xff, 0x60, 0x0, 0x9f, 0xff, 0xff, 0x60, 0x0,
    0xaf, 0xff, 0xff, 0x53, 0xff, 0xff, 0xe1, 0x0,
    0x4, 0xff, 0xff, 0xe1, 0x0, 0x4, 0xff, 0xff,
    0xe1, 0x5, 0xdf, 0xc3, 0x0, 0x0, 0x5, 0xdf,
    0xc3, 0x0, 0x0, 0x5, 0xdf, 0xc2, 0x0
};


/*---------------------
 *  GLYPH DESCRIPTION
 *--------------------*/

static const lv_font_fmt_txt_glyph_dsc_t glyph_dsc[] = {
    {.bitmap_index = 0, .adv_w = 0, .box_w = 0, .box_h = 0, .ofs_x = 0, .ofs_y = 0} /* id = 0 reserved */,
    {.bitmap_index = 0, .adv_w = 115, .box_w = 0, .box_h = 0, .ofs_x = 0, .ofs_y = 0},
    {.bitmap_index = 0, .adv_w = 185, .box_w = 7, .box_h = 25, .ofs_x = 2, .ofs_y = 0},
    {.bitmap_index = 88, .adv_w = 224, .box_w = 14, .box_h = 9, .ofs_x = 0, .ofs_y = 16},
    {.bitmap_index = 151, .adv_w = 381, .box_w = 22, .box_h = 24, .ofs_x = 1, .ofs_y = 1},
    {.bitmap_index = 415, .adv_w = 297, .box_w = 17, .box_h = 31, .ofs_x = 1, .ofs_y = -3},
    {.bitmap_index = 679, .adv_w = 454, .box_w = 26, .box_h = 25, .ofs_x = 1, .ofs_y = 0},
    {.bitmap_index = 1004, .adv_w = 388, .box_w = 23, .box_h = 25, .ofs_x = 0, .ofs_y = 0},
    {.bitmap_index = 1292, .adv_w = 107, .box_w = 7, .box_h = 9, .ofs_x = 0, .ofs_y = 16},
    {.bitmap_index = 1324, .adv_w = 207, .box_w = 11, .box_h = 31, .ofs_x = 0, .ofs_y = -3},
    {.bitmap_index = 1495, .adv_w = 207, .box_w = 11, .box_h = 31, .ofs_x = 2, .ofs_y = -3},
    {.bitmap_index = 1666, .adv_w = 219, .box_w = 14, .box_h = 13, .ofs_x = 0, .ofs_y = 14},
    {.bitmap_index = 1757, .adv_w = 264, .box_w = 16, .box_h = 15, .ofs_x = 0, .ofs_y = 4},
    {.bitmap_index = 1877, .adv_w = 141, .box_w = 7, .box_h = 10, .ofs_x = 1, .ofs_y = -4},
    {.bitmap_index = 1912, .adv_w = 217, .box_w = 13, .box_h = 6, .ofs_x = 0, .ofs_y = 8},
    {.bitmap_index = 1951, .adv_w = 145, .box_w = 7, .box_h = 7, .ofs_x = 1, .ofs_y = 0},
    {.bitmap_index = 1976, .adv_w = 271, .box_w = 16, .box_h = 25, .ofs_x = 0, .ofs_y = 0},
    {.bitmap_index = 2176, .adv_w = 296, .box_w = 17, .box_h = 25, .ofs_x = 1, .ofs_y = 0},
    {.bitmap_index = 2389, .adv_w = 187, .box_w = 11, .box_h = 25, .ofs_x = 0, .ofs_y = 0},
    {.bitmap_index = 2527, .adv_w = 294, .box_w = 18, .box_h = 25, .ofs_x = 0, .ofs_y = 0},
    {.bitmap_index = 2752, .adv_w = 286, .box_w = 17, .box_h = 25, .ofs_x = 0, .ofs_y = 0},
    {.bitmap_index = 2965, .adv_w = 326, .box_w = 20, .box_h = 25, .ofs_x = 0, .ofs_y = 0},
    {.bitmap_index = 3215, .adv_w = 287, .box_w = 17, .box_h = 25, .ofs_x = 1, .ofs_y = 0},
    {.bitmap_index = 3428, .adv_w = 287, .box_w = 17, .box_h = 25, .ofs_x = 1, .ofs_y = 0},
    {.bitmap_index = 3641, .adv_w = 267, .box_w = 17, .box_h = 25, .ofs_x = 0, .ofs_y = 0},
    {.bitmap_index = 3854, .adv_w = 287, .box_w = 17, .box_h = 25, .ofs_x = 0, .ofs_y = 0},
    {.bitmap_index = 4067, .adv_w = 282, .box_w = 17, .box_h = 25, .ofs_x = 0, .ofs_y = 0},
    {.bitmap_index = 4280, .adv_w = 193, .box_w = 8, .box_h = 18, .ofs_x = 2, .ofs_y = 0},
    {.bitmap_index = 4352, .adv_w = 162, .box_w = 8, .box_h = 22, .ofs_x = 1, .ofs_y = -4},
    {.bitmap_index = 4440, .adv_w = 264, .box_w = 16, .box_h = 19, .ofs_x = 0, .ofs_y = 1},
    {.bitmap_index = 4592, .adv_w = 264, .box_w = 16, .box_h = 11, .ofs_x = 0, .ofs_y = 5},
    {.bitmap_index = 4680, .adv_w = 264, .box_w = 16, .box_h = 19, .ofs_x = 0, .ofs_y = 1},
    {.bitmap_index = 4832, .adv_w = 289, .box_w = 18, .box_h = 25, .ofs_x = 0, .ofs_y = 0},
    {.bitmap_index = 5057, .adv_w = 451, .box_w = 28, .box_h = 27, .ofs_x = 0, .ofs_y = -3},
    {.bitmap_index = 5435, .adv_w = 346, .box_w = 21, .box_h = 25, .ofs_x = 0, .ofs_y = 0},
    {.bitmap_index = 5698, .adv_w = 315, .box_w = 18, .box_h = 25, .ofs_x = 1, .ofs_y = 0},
    {.bitmap_index = 5923, .adv_w = 310, .box_w = 18, .box_h = 25, .ofs_x = 1, .ofs_y = 0},
    {.bitmap_index = 6148, .adv_w = 316, .box_w = 18, .box_h = 25, .ofs_x = 1, .ofs_y = 0},
    {.bitmap_index = 6373, .adv_w = 293, .box_w = 17, .box_h = 25, .ofs_x = 1, .ofs_y = 0},
    {.bitmap_index = 6586, .adv_w = 283, .box_w = 17, .box_h = 25, .ofs_x = 1, .ofs_y = 0},
    {.bitmap_index = 6799, .adv_w = 312, .box_w = 18, .box_h = 25, .ofs_x = 1, .ofs_y = 0},
    {.bitmap_index = 7024, .adv_w = 317, .box_w = 18, .box_h = 25, .ofs_x = 1, .ofs_y = 0},
    {.bitmap_index = 7249, .adv_w = 144, .box_w = 7, .box_h = 25, .ofs_x = 1, .ofs_y = 0},
    {.bitmap_index = 7337, .adv_w = 301, .box_w = 18, .box_h = 25, .ofs_x = 0, .ofs_y = 0},
    {.bitmap_index = 7562, .adv_w = 327, .box_w = 20, .box_h = 25, .ofs_x = 1, .ofs_y = 0},
    {.bitmap_index = 7812, .adv_w = 291, .box_w = 17, .box_h = 25, .ofs_x = 1, .ofs_y = 0},
    {.bitmap_index = 8025, .adv_w = 366, .box_w = 21, .box_h = 25, .ofs_x = 1, .ofs_y = 0},
    {.bitmap_index = 8288, .adv_w = 341, .box_w = 19, .box_h = 25, .ofs_x = 1, .ofs_y = 0},
    {.bitmap_index = 8526, .adv_w = 317, .box_w = 18, .box_h = 25, .ofs_x = 1, .ofs_y = 0},
    {.bitmap_index = 8751, .adv_w = 309, .box_w = 18, .box_h = 25, .ofs_x = 1, .ofs_y = 0},
    {.bitmap_index = 8976, .adv_w = 308, .box_w = 18, .box_h = 29, .ofs_x = 1, .ofs_y = -4},
    {.bitmap_index = 9237, .adv_w = 316, .box_w = 18, .box_h = 25, .ofs_x = 1, .ofs_y = 0},
    {.bitmap_index = 9462, .adv_w = 303, .box_w = 18, .box_h = 25, .ofs_x = 1, .ofs_y = 0},
    {.bitmap_index = 9687, .adv_w = 309, .box_w = 19, .box_h = 25, .ofs_x = 0, .ofs_y = 0},
    {.bitmap_index = 9925, .adv_w = 317, .box_w = 18, .box_h = 25, .ofs_x = 1, .ofs_y = 0},
    {.bitmap_index = 10150, .adv_w = 328, .box_w = 20, .box_h = 25, .ofs_x = 0, .ofs_y = 0},
    {.bitmap_index = 10400, .adv_w = 463, .box_w = 29, .box_h = 25, .ofs_x = 0, .ofs_y = 0},
    {.bitmap_index = 10763, .adv_w = 327, .box_w = 20, .box_h = 25, .ofs_x = 0, .ofs_y = 0},
    {.bitmap_index = 11013, .adv_w = 325, .box_w = 20, .box_h = 25, .ofs_x = 0, .ofs_y = 0},
    {.bitmap_index = 11263, .adv_w = 282, .box_w = 17, .box_h = 25, .ofs_x = 0, .ofs_y = 0},
    {.bitmap_index = 11476, .adv_w = 228, .box_w = 10, .box_h = 35, .ofs_x = 1, .ofs_y = -6},
    {.bitmap_index = 11651, .adv_w = 271, .box_w = 16, .box_h = 25, .ofs_x = 1, .ofs_y = 0},
    {.bitmap_index = 11851, .adv_w = 228, .box_w = 11, .box_h = 35, .ofs_x = 3, .ofs_y = -6},
    {.bitmap_index = 12044, .adv_w = 263, .box_w = 16, .box_h = 15, .ofs_x = 0, .ofs_y = 11},
    {.bitmap_index = 12164, .adv_w = 281, .box_w = 18, .box_h = 5, .ofs_x = 0, .ofs_y = 0},
    {.bitmap_index = 12209, .adv_w = 138, .box_w = 8, .box_h = 5, .ofs_x = 0, .ofs_y = 21},
    {.bitmap_index = 12229, .adv_w = 286, .box_w = 17, .box_h = 19, .ofs_x = 0, .ofs_y = 0},
    {.bitmap_index = 12391, .adv_w = 295, .box_w = 17, .box_h = 25, .ofs_x = 1, .ofs_y = 0},
    {.bitmap_index = 12604, .adv_w = 285, .box_w = 17, .box_h = 19, .ofs_x = 0, .ofs_y = 0},
    {.bitmap_index = 12766, .adv_w = 295, .box_w = 17, .box_h = 25, .ofs_x = 1, .ofs_y = 0},
    {.bitmap_index = 12979, .adv_w = 287, .box_w = 17, .box_h = 19, .ofs_x = 1, .ofs_y = 0},
    {.bitmap_index = 13141, .adv_w = 202, .box_w = 12, .box_h = 25, .ofs_x = 0, .ofs_y = 0},
    {.bitmap_index = 13291, .adv_w = 292, .box_w = 18, .box_h = 27, .ofs_x = 0, .ofs_y = -8},
    {.bitmap_index = 13534, .adv_w = 289, .box_w = 16, .box_h = 25, .ofs_x = 1, .ofs_y = 0},
    {.bitmap_index = 13734, .adv_w = 137, .box_w = 7, .box_h = 27, .ofs_x = 1, .ofs_y = 0},
    {.bitmap_index = 13829, .adv_w = 138, .box_w = 11, .box_h = 35, .ofs_x = -3, .ofs_y = -8},
    {.bitmap_index = 14022, .adv_w = 291, .box_w = 17, .box_h = 25, .ofs_x = 1, .ofs_y = 0},
    {.bitmap_index = 14235, .adv_w = 135, .box_w = 7, .box_h = 25, .ofs_x = 1, .ofs_y = 0},
    {.bitmap_index = 14323, .adv_w = 439, .box_w = 26, .box_h = 19, .ofs_x = 1, .ofs_y = 0},
    {.bitmap_index = 14570, .adv_w = 289, .box_w = 16, .box_h = 19, .ofs_x = 1, .ofs_y = 0},
    {.bitmap_index = 14722, .adv_w = 291, .box_w = 18, .box_h = 19, .ofs_x = 0, .ofs_y = 0},
    {.bitmap_index = 14893, .adv_w = 297, .box_w = 17, .box_h = 26, .ofs_x = 1, .ofs_y = -7},
    {.bitmap_index = 15114, .adv_w = 297, .box_w = 17, .box_h = 26, .ofs_x = 1, .ofs_y = -7},
    {.bitmap_index = 15335, .adv_w = 209, .box_w = 12, .box_h = 19, .ofs_x = 1, .ofs_y = 0},
    {.bitmap_index = 15449, .adv_w = 270, .box_w = 17, .box_h = 19, .ofs_x = 0, .ofs_y = 0},
    {.bitmap_index = 15611, .adv_w = 198, .box_w = 12, .box_h = 24, .ofs_x = 0, .ofs_y = 0},
    {.bitmap_index = 15755, .adv_w = 289, .box_w = 16, .box_h = 19, .ofs_x = 1, .ofs_y = 0},
    {.bitmap_index = 15907, .adv_w = 286, .box_w = 18, .box_h = 19, .ofs_x = 0, .ofs_y = 0},
    {.bitmap_index = 16078, .adv_w = 415, .box_w = 26, .box_h = 19, .ofs_x = 0, .ofs_y = 0},
    {.bitmap_index = 16325, .adv_w = 294, .box_w = 18, .box_h = 19, .ofs_x = 0, .ofs_y = 0},
    {.bitmap_index = 16496, .adv_w = 277, .box_w = 17, .box_h = 27, .ofs_x = 0, .ofs_y = -8},
    {.bitmap_index = 16726, .adv_w = 242, .box_w = 15, .box_h = 19, .ofs_x = 0, .ofs_y = 0},
    {.bitmap_index = 16869, .adv_w = 222, .box_w = 12, .box_h = 35, .ofs_x = 1, .ofs_y = -6},
    {.bitmap_index = 17079, .adv_w = 120, .box_w = 7, .box_h = 31, .ofs_x = 0, .ofs_y = -3},
    {.bitmap_index = 17188, .adv_w = 222, .box_w = 12, .box_h = 35, .ofs_x = 1, .ofs_y = -6},
    {.bitmap_index = 17398, .adv_w = 301, .box_w = 18, .box_h = 8, .ofs_x = 0, .ofs_y = 7},
    {.bitmap_index = 17470, .adv_w = 138, .box_w = 7, .box_h = 7, .ofs_x = 1, .ofs_y = 8},
    {.bitmap_index = 17495, .adv_w = 251, .box_w = 15, .box_h = 6, .ofs_x = 0, .ofs_y = 8},
    {.bitmap_index = 17540, .adv_w = 464, .box_w = 27, .box_h = 7, .ofs_x = 1, .ofs_y = 0}
};

/*---------------------
 *  CHARACTER MAPPING
 *--------------------*/

static const uint16_t unicode_list_1[] = {
    0x0, 0x1f5c, 0x1f6f
};

/*Collect the unicode lists and glyph_id offsets*/
static const lv_font_fmt_txt_cmap_t cmaps[] =
{
    {
        .range_start = 32, .range_length = 95, .glyph_id_start = 1,
        .unicode_list = NULL, .glyph_id_ofs_list = NULL, .list_length = 0, .type = LV_FONT_FMT_TXT_CMAP_FORMAT0_TINY
    },
    {
        .range_start = 183, .range_length = 8048, .glyph_id_start = 96,
        .unicode_list = unicode_list_1, .glyph_id_ofs_list = NULL, .list_length = 3, .type = LV_FONT_FMT_TXT_CMAP_SPARSE_TINY
    }
};

/*-----------------
 *    KERNING
 *----------------*/


/*Map glyph_ids to kern left classes*/
static const uint8_t kern_left_class_mapping[] =
{
    0, 0, 0, 1, 0, 0, 0, 0,
    1, 0, 0, 0, 2, 3, 4, 3,
    5, 6, 7, 8, 9, 10, 11, 9,
    12, 13, 14, 0, 0, 0, 0, 0,
    0, 0, 15, 16, 17, 16, 18, 19,
    17, 20, 21, 22, 23, 24, 0, 25,
    17, 26, 27, 28, 29, 30, 22, 31,
    31, 32, 33, 0, 0, 0, 0, 0,
    0, 0, 34, 35, 36, 0, 37, 38,
    39, 35, 40, 0, 41, 42, 35, 35,
    4, 35, 39, 43, 44, 45, 0, 46,
    46, 47, 46, 48, 0, 0, 0, 0,
    0, 0, 0
};

/*Map glyph_ids to kern right classes*/
static const uint8_t kern_right_class_mapping[] =
{
    0, 0, 0, 1, 0, 0, 0, 0,
    1, 0, 0, 0, 0, 2, 3, 2,
    4, 5, 6, 7, 8, 9, 0, 0,
    10, 0, 0, 11, 11, 0, 0, 0,
    12, 0, 13, 14, 15, 14, 14, 14,
    15, 16, 0, 17, 18, 19, 0, 14,
    15, 14, 15, 20, 21, 22, 23, 24,
    24, 25, 26, 27, 0, 0, 0, 0,
    0, 0, 28, 29, 3, 3, 3, 30,
    31, 29, 32, 33, 29, 0, 34, 34,
    3, 34, 31, 34, 35, 30, 36, 37,
    37, 38, 37, 39, 0, 0, 0, 0,
    0, 0, 0
};

/*Kern values between classes*/
static const int8_t kern_class_values[] =
{
    0, 0, 0, 0, 0, 0, 0, 0,
    -7, 0, 0, 0, 0, 0, 0, 0,
    0, 0, 0, 0, 0, 0, 0, 0,
    0, 0, 0, 0, 0, 0, 0, 0,
    0, 0, 0, 0, 0, 0, 0, 0,
    0, 0, 0, 0, 0, -5, 0, 0,
    -13, 0, 0, 0, 0, 0, 0, 0,
    0, 0, 0, 0, 0, 0, 0, 0,
    0, 0, 0, 0, 0, 0, 0, 0,
    0, 0, 0, 0, 0, 0, 0, 0,
    0, 0, -20, 0, 0, 0, 0, -11,
    0, 0, 0, 0, 0, 0, 0, 0,
    0, 0, 0, 0, 0, 0, 0, 0,
    0, 0, 0, 0, 0, 0, 0, 0,
    0, 0, 0, 0, 0, -13, -6, 0,
    -2, 0, 0, 0, 0, 0, -28, 0,
    0, 0, 0, 0, 0, 0, 0, 0,
    0, 0, -3, 0, 0, 0, 0, 0,
    0, 0, -5, 0, 0, 0, 0, 0,
    0, -14, -17, 0, 0, 0, -41, 0,
    0, 0, 0, 0, 0, 0, 0, 0,
    -50, -1, -16, 0, -1, -1, -2, -1,
    -1, 0, 0, 0, 0, 5, 0, -50,
    0, -5, -28, 0, 0, -15, -30, -7,
    -18, 0, -7, 0, 0, 0, 0, 0,
    -2, 0, 0, 0, 0, 0, 0, 0,
    0, 0, 0, 0, 0, 0, 0, 0,
    0, 0, 0, 0, 0, 0, 0, 0,
    0, 0, 0, 0, 0, 0, 0, 0,
    0, 0, 0, 0, 0, 0, 0, 1,
    1, 0, 0, 0, 0, 0, 0, 0,
    0, 0, 0, 0, 0, 0, 0, 0,
    0, 0, 0, 0, 0, 0, 0, 0,
    0, 0, 0, 0, 0, 0, 0, 0,
    0, 0, 0, 0, 0, 0, -3, 0,
    -5, 0, 0, 0, 0, 0, 0, 0,
    0, 0, 0, 0, 0, 0, 0, 0,
    0, 0, 0, 0, 0, 0, 0, 0,
    0, 0, 0, 0, 0, 0, 0, 0,
    0, 0, 0, 0, 0, -2, 0, 0,
    0, 0, 0, 0, 0, 0, 0, 0,
    0, 0, 0, 0, 0, 0, 0, 0,
    0, 0, 0, 0, 0, 0, 0, 0,
    0, 0, 0, 0, 0, 0, 0, -13,
    0, 0, 0, 0, -44, 0, 0, 0,
    -42, 0, 0, 0, 0, 0, 0, 0,
    0, 0, 0, 0, 0, 0, 0, 0,
    0, 0, 0, 0, 0, 0, 0, 0,
    0, 0, 0, 0, 0, 0, 0, 0,
    0, 0, 0, -3, 0, 0, 0, 0,
    0, 0, 0, 0, 0, 0, 0, 0,
    0, 0, 0, 0, 0, 0, 0, 0,
    0, 0, 0, 0, 0, 0, 0, 0,
    0, 0, 0, 0, 0, 0, -33, 0,
    -60, 0, 2, 0, 0, 0, 0, 0,
    0, 0, 0, 0, 0, 0, 0, 0,
    0, 0, 0, 0, 0, 0, 0, 0,
    0, 0, 0, 0, 0, 0, 0, 0,
    0, 0, 0, 0, 0, 0, 0, 0,
    0, -3, 0, 0, 0, 0, 0, 0,
    0, 0, 0, 0, 0, 0, 0, 0,
    0, 0, 0, 0, 0, 0, 0, 0,
    0, 0, 0, 0, 0, 0, 0, 0,
    0, 0, 0, 0, 0, 0, 0, 0,
    -7, 0, 0, 0, 0, 0, 0, 0,
    0, 0, 0, 0, 0, 0, 0, 0,
    0, 0, 0, 0, 0, 0, 0, 0,
    0, 0, 0, 0, 0, 0, 0, 0,
    0, 0, -47, 0, -6, 4, 0, 0,
    0, 0, 0, 0, 0, 0, 2, 0,
    -13, 0, -2, 0, 0, 0, -21, -44,
    -5, -26, 1, -46, 1, 0, 0, -12,
    -7, 0, 0, 0, -2, -5, -33, 1,
    0, 0, -2, 0, -1, 0, 0, 0,
    0, 0, 0, 0, 0, -18, -1, 0,
    0, 0, -1, 0, 0, 0, -7, 0,
    -16, -20, -26, 0, -1, 0, -1, -3,
    0, 0, 0, -2, -1, -3, 0, 0,
    0, -1, -1, 0, 0, 0, 0, 0,
    0, 0, 0, 0, -10, 0, 0, 0,
    1, 0, 0, 0, 0, -2, 0, -5,
    -5, -14, 0, -1, 0, 0, -3, 0,
    0, 0, 0, 0, -2, 0, 0, 0,
    0, -1, 0, 0, 0, 0, 0, 0,
    0, 0, 0, 3, 0, 0, 0, 1,
    0, 0, 0, 0, 0, 0, 1, 0,
    0, 0, 0, 0, 0, 0, 0, 0,
    0, -1, 0, 0, 0, 0, 0, -29,
    -29, -38, 0, 0, 0, 0, 0, 0,
    -5, 0, -39, 0, 0, 0, -21, 0,
    0, 0, 0, 0, 0, 0, 0, 0,
    0, -26, 0, -2, -26, 0, 0, -21,
    -26, -18, -26, -27, -17, 0, 0, 0,
    0, 0, 0, 0, 0, 0, 0, 0,
    0, 1, -1, 0, 0, 0, 0, 0,
    0, 0, 0, 0, 0, 0, 0, 0,
    0, 0, 0, 0, 0, 0, 0, 0,
    0, 0, 0, 0, 0, 0, 0, 0,
    0, 0, 0, 0, 0, 0, 0, 0,
    0, 0, 0, -1, 0, 0, 0, 0,
    0, 0, 0, 0, 0, 0, 0, 0,
    0, 0, 0, 0, 0, 0, 0, 0,
    0, 0, 0, 0, -2, 0, -5, 0,
    0, 0, 0, 0, 0, 0, 0, -12,
    -1, -1, 0, 0, 0, 0, 0, 0,
    0, 0, 0, 0, 0, 0, 0, 0,
    0, 0, 0, 0, 0, 0, 0, 0,
    0, 0, 0, 1, -13, 1, 0, 0,
    0, 0, 0, 0, 0, 0, 3, 0,
    -17, 0, -8, 0, 0, 0, -15, 0,
    0, 0, 1, 0, 0, 0, 0, 0,
    -10, 0, 0, 0, -5, 0, -17, 0,
    0, -35, 1, 0, 1, 0, 0, 0,
    0, 0, 0, 0, -5, 5, 0, -4,
    0, 0, 0, 0, 0, -1, -48, 0,
    -13, 0, -29, 0, 0, 0, -10, 0,
    0, 0, 0, 0, 0, -10, 0, 5,
    0, 0, 0, 0, 0, 0, 0, 0,
    0, 0, 0, 0, 0, -1, 0, 0,
    0, 0, 0, 0, 0, 0, 0, 0,
    0, 0, 0, 0, 0, 0, 0, 0,
    0, 0, 0, 0, 0, 0, 0, 0,
    -4, -10, -21, 0, 0, 0, 0, 0,
    0, 0, 0, -31, 0, 0, 0, -30,
    0, 0, 0, 0, 0, 0, -12, -20,
    -20, 0, -2, 0, 0, -7, 0, 0,
    0, -6, 0, 0, 0, 0, 0, -1,
    -1, 0, 0, 0, 0, 0, 0, 0,
    0, 5, -9, 0, 0, 0, 1, 0,
    0, 0, 0, -5, 0, -13, -17, -21,
    0, -1, 0, 0, -3, 0, 0, 0,
    0, 0, -2, 0, 0, 0, 0, -2,
    1, 0, 0, 0, 0, 0, 0, 0,
    0, 3, 0, 0, 0, 0, 0, 0,
    0, 1, -1, 0, -10, 1, -20, 0,
    0, 0, 0, 0, 0, 0, 0, 0,
    0, 0, 0, 0, 0, -1, 0, 0,
    0, 0, 0, 0, 0, 0, 0, 0,
    0, -1, 0, 0, 1, 0, 0, 0,
    0, -2, 0, -12, -21, -18, 0, -2,
    0, 0, 0, 0, 0, 0, 0, 0,
    -2, 0, 0, 0, -37, -47, -1, 0,
    0, 0, 0, 0, 0, 0, 10, -37,
    0, -10, 0, -17, 0, -1, 0, -2,
    0, 0, 0, 0, 0, 0, -30, 0,
    -5, -40, -1, 0, -26, -41, -20, -27,
    -18, -10, 0, -28, -35, -43, 0, 0,
    0, 0, 0, 0, -16, 0, -54, -1,
    -16, 0, -30, -2, 0, -1, -13, 0,
    0, 0, 0, 0, 0, -29, 0, -6,
    -29, 0, 0, -13, -31, -10, -12, -7,
    -5, 0, 1, -16, 0, 0, 0, 0,
    0, 0, 0, -2, 0, 1, -1, -16,
    0, -7, 0, 0, 0, -17, 0, 0,
    0, 0, 0, 0, -7, 0, -5, -20,
    0, 0, 0, -7, -5, -28, 0, 0,
    0, -52, -43, -43, 0, 0, 0, 0,
    0, 0, -24, 0, -62, -2, -19, 0,
    -44, 0, -1, -2, -20, 0, 0, 0,
    0, 0, 0, -21, 0, -23, -46, 0,
    0, -27, -20, -25, -26, -21, -17, -7,
    -1, 0, 0, 0, 0, 0, 0, 0,
    0, 0, 0, 0, 0, 0, 0, 0,
    0, 0, 0, 0, -13, 0, 0, 0,
    -15, 0, 0, 0, -4, 0, 0, 0,
    0, 0, 0, -10, 0, 0, -14, -2,
    -1, -2, 0, 0, 0, 0, 0, 0,
    0, 0, 0, 0, 0, 0, 0, 0,
    0, 0, 0, 0, 0, 0, 0, 0,
    0, 0, 0, 0, 0, 0, 0, 0,
    0, 0, -10, -5, 0, -10, -6, -2,
    0, 0, 0, 0, 0, 0, 0, 0,
    0, 0, 0, 0, 0, 0, 0, 0,
    0, 0, 0, 0, 0, 0, 0, 0,
    0, 0, -2, 0, 0, 0, 0, 0,
    0, -12, -13, 2, -18, -6, 0, 0,
    0, 0, 0, 0, 0, 0, 0, -1,
    0, 0, 0, 0, 0, 0, 0, 0,
    0, 0, 0, 0, 0, 0, 0, -3,
    0, -5, 0, 0, 0, 0, -2, 0,
    -14, -8, 0, 1, -17, -7, -5, 0,
    0, 0, 0, 0, 0, 0, 1, 0,
    0, 0, 0, 0, 0, 0, 0, 0,
    0, 0, 0, 0, 0, 0, -1, 0,
    0, -4, 0, 0, 0, -3, 0, 0,
    0, 0, -1, 0, 0, 0, 0, 0,
    0, 0, 0, 0, 0, 0, 0, 0,
    0, 0, 0, 0, 0, 0, 0, 0,
    0, 0, 0, 0, 0, 0, 0, 0,
    0, 1, 1, 0, -1, 0, -1, 0,
    0, 0, 0, 0, 0, 0, 0, 0,
    0, 0, 0, 0, 0, 0, 0, 0,
    0, 0, 0, 0, 0, 0, 0, 0,
    0, 0, 0, 0, 0, 0, 0, 0,
    0, -7, 0, 0, 0, 0, 0, 0,
    0, 0, -24, 0, 0, 0, 0, 0,
    0, 0, 0, 0, 0, 0, 0, 0,
    0, 0, 0, 0, 0, 0, 0, 0,
    0, 0, 0, -7, 0, -5, -19, 0,
    0, 0, -12, 0, 0, 0, 0, 0,
    0, 0, 0, 0, 0, 0, 0, 0,
    0, 0, 0, 0, 0, 0, 0, 0,
    0, 0, 0, 0, 0, 0, 0, 0,
    0, 0, 0, 1, 0, 0, 0, 0,
    0, 0, 0, 0, 0, 0, 5, -12,
    -7, 0, 0, 0, 0, 0, 0, 0,
    0, 1, 0, 0, 0, 0, 0, 0,
    0, 0, 0, 0, 0, 0, 0, 0,
    0, -4, 0, 1, -12, 0, 0, 0,
    -3, 0, 2, 0, 2, -7, 0, 0,
    0, 0, 0, 0, 0, 0, 0, 0,
    -1, 0, 0, 0, 0, 0, 0, 0,
    0, 0, 0, 0, 0, 0, 0, 0,
    0, 0, -1, 0, 0, 0, 0, -2,
    0, -18, -10, 0, 1, 0, -1, 0,
    0, 0, 0, 0, 0, 0, 0, 0,
    0, 0, 0, 0, 0, 0, 0, 0,
    0, 0, 0, 0, 0, 0, 0, 0,
    0, 0, -1, 0, 0, 0, 0, 0,
    0, 0, 0, 0, -17, -17, -18, 0,
    0, 0, 0, 0, 0, -7, 0, 0,
    0, 0, 0, 0, 0, 0, 0, 0,
    0, 0, 0, 0, 0, 0, -14, 0,
    0, -18, 0, 0, 0, -16, 0, 1,
    0, 0, 0, 0, -20, 0, 0, 0,
    0, 0, 0, 0, -7, 0, 0, 0,
    0, 0, 0, 0, 0, 0, 0, 0,
    0, 0, 0, 0, 0, 0, 0, 0,
    -10, 0, 0, 0, -3, 0, 0, 0,
    0, 0, 0, 0, 5, 0, 0, 0,
    0, 0, 0, 0, 0, 0, 0, 0,
    0, 0, 0, 0, 0, 0, 0, 0,
    0, 0, 0, 0, 0, 0, 0, 0,
    0, 0, 0, 0, 0, 0, 0, 0
};


/*Collect the kern class' data in one place*/
static const lv_font_fmt_txt_kern_classes_t kern_classes =
{
    .class_pair_values   = kern_class_values,
    .left_class_mapping  = kern_left_class_mapping,
    .right_class_mapping = kern_right_class_mapping,
    .left_class_cnt      = 48,
    .right_class_cnt     = 39,
};

/*--------------------
 *  ALL CUSTOM DATA
 *--------------------*/

#if LVGL_VERSION_MAJOR == 8
/*Store all the custom data of the font*/
static  lv_font_fmt_txt_glyph_cache_t cache;
#endif

#if LVGL_VERSION_MAJOR >= 8
static const lv_font_fmt_txt_dsc_t font_dsc = {
#else
static lv_font_fmt_txt_dsc_t font_dsc = {
#endif
    .glyph_bitmap = glyph_bitmap,
    .glyph_dsc = glyph_dsc,
    .cmaps = cmaps,
    .kern_dsc = &kern_classes,
    .kern_scale = 16,
    .cmap_num = 2,
    .bpp = 4,
    .kern_classes = 1,
    .bitmap_format = 0,
#if LVGL_VERSION_MAJOR == 8
    .cache = &cache
#endif
};



/*-----------------
 *  PUBLIC FONT
 *----------------*/

/*Initialize a public general font descriptor*/
#if LVGL_VERSION_MAJOR >= 8
const lv_font_t zk_font_xb_36 = {
#else
lv_font_t zk_font_xb_36 = {
#endif
    .get_glyph_dsc = lv_font_get_glyph_dsc_fmt_txt,    /*Function pointer to get glyph's data*/
    .get_glyph_bitmap = lv_font_get_bitmap_fmt_txt,    /*Function pointer to get glyph's bitmap*/
    .line_height = 37,          /*The maximum line height required by the font*/
    .base_line = 8,             /*Baseline measured from the bottom of the line*/
#if !(LVGL_VERSION_MAJOR == 6 && LVGL_VERSION_MINOR == 0)
    .subpx = LV_FONT_SUBPX_NONE,
#endif
#if LV_VERSION_CHECK(7, 4, 0) || LVGL_VERSION_MAJOR >= 8
    .underline_position = -3,
    .underline_thickness = 2,
#endif
    .dsc = &font_dsc,          /*The custom font data. Will be accessed by `get_glyph_bitmap/dsc` */
#if LV_VERSION_CHECK(8, 2, 0) || LVGL_VERSION_MAJOR >= 9
    .fallback = NULL,
#endif
    .user_data = NULL,
};



#endif /*#if ZK_FONT_XB_36*/

